-------------------------------------------------------------------------------
      name:  <unnamed>
       log:  /project/Tables/Table2.txt
  log type:  text
 opened on:  30 Apr 2025, 15:30:08
r; t=0.00 15:30:08

. ** Robust with thresholds
. ** TABLE 2
. 
. areg prop Corrupt_15 grade_1 grade_2 Turn_* yy_* HOMI_CAP_MUN  total mis_tot 
> P_* CorruptPast_15 Already Auditada trend* MismoPartidoG,  absorb(clavedelae)
>  cluster(clave_mun)
note: Turn_4 omitted because of collinearity.
note: yy_1 omitted because of collinearity.
note: yy_2 omitted because of collinearity.
note: yy_3 omitted because of collinearity.
note: yy_11 omitted because of collinearity.
note: P_82 omitted because of collinearity.
note: P_L_70 omitted because of collinearity.
note: P_L_73 omitted because of collinearity.
note: trend_577 omitted because of collinearity.
note: trend_257 omitted because of collinearity
note: trend_345 omitted because of collinearity

Linear regression, absorbing indicators            Number of obs     = 340,009
Absorbed variable: clavedelaescuela                No. of categories =  21,759
                                                   F(168, 576)       =       .
                                                   Prob > F          =       .
                                                   R-squared         =  0.2759
                                                   Adj R-squared     =  0.2246
                                                   Root MSE          = 10.9690

                            (Std. err. adjusted for 577 clusters in clave_mun)
------------------------------------------------------------------------------
             |               Robust
        prop | Coefficient  std. err.      t    P>|t|     [95% conf. interval]
-------------+----------------------------------------------------------------
  Corrupt_15 |    .420262    .177674     2.37   0.018     .0712941    .7692298
     grade_1 |  -2.637895   .1136459   -23.21   0.000    -2.861105   -2.414684
     grade_2 |   -.861682   .0613798   -14.04   0.000    -.9822376   -.7411265
      Turn_1 |   1.252514   4.178309     0.30   0.764    -6.954066    9.459094
      Turn_2 |   .0934004   4.159674     0.02   0.982    -8.076578    8.263379
      Turn_3 |  -.2904285   4.296281    -0.07   0.946    -8.728715    8.147858
      Turn_4 |          0  (omitted)
        yy_1 |          0  (omitted)
        yy_2 |          0  (omitted)
        yy_3 |          0  (omitted)
        yy_4 |  -1.244102   1.262657    -0.99   0.325    -3.724076    1.235871
        yy_5 |  -.8479721   1.091412    -0.78   0.438    -2.991606    1.295661
        yy_6 |   2.488932   .9570899     2.60   0.010     .6091207    4.368744
        yy_7 |   .7208301    .761485     0.95   0.344    -.7747958    2.216456
        yy_8 |   1.143425    .607853     1.88   0.060    -.0504531    2.337304
        yy_9 |  -.0701781   .4100674    -0.17   0.864    -.8755878    .7352316
       yy_10 |   2.964319   .3495303     8.48   0.000     2.277809    3.650828
       yy_11 |          0  (omitted)
HOMI_CAP_MUN |  -95.24264   202.7676    -0.47   0.639    -493.4967    303.0114
       total |  -1.71e-10   1.66e-10    -1.03   0.303    -4.98e-10    1.55e-10
     mis_tot |  -.5046333   .4575182    -1.10   0.270    -1.403241    .3939741
         P_1 |   3.596075   1.474042     2.44   0.015     .7009227    6.491227
         P_2 |   .6470978   1.086887     0.60   0.552    -1.487647    2.781842
         P_3 |   3.949948   1.294435     3.05   0.002      1.40756    6.492336
         P_4 |   1.888173   1.555988     1.21   0.225    -1.167929    4.944276
         P_5 |   3.240816   1.144335     2.83   0.005     .9932376    5.488395
         P_6 |   1.739823   1.097549     1.59   0.113    -.4158632    3.895509
         P_7 |   5.092969   1.268738     4.01   0.000     2.601053    7.584886
         P_8 |   1.499944   1.143195     1.31   0.190    -.7453949    3.745282
         P_9 |   3.067609   1.116306     2.75   0.006     .8750821    5.260136
        P_10 |   2.362662   1.294492     1.83   0.068     -.179837    4.905161
        P_11 |  -.5129786   1.485087    -0.35   0.730    -3.429826    2.403868
        P_12 |   .4063699   1.628064     0.25   0.803    -2.791296    3.604036
        P_13 |   2.932615   1.192794     2.46   0.014     .5898582    5.275372
        P_14 |   2.550274   1.409477     1.81   0.071    -.2180675    5.318616
        P_15 |   1.519589   1.097617     1.38   0.167    -.6362303    3.675408
        P_16 |   2.236755   1.177089     1.90   0.058    -.0751548    4.548665
        P_17 |   1.378514   1.291207     1.07   0.286    -1.157533    3.914562
        P_18 |    -10.578   1.715874    -6.16   0.000    -13.94813   -7.207866
        P_19 |   1.521961   1.100847     1.38   0.167    -.6402018    3.684124
        P_20 |    3.95225   1.207972     3.27   0.001     1.579683    6.324817
        P_21 |   1.373315   1.101198     1.25   0.213     -.789538    3.536169
        P_22 |   1.549467   1.107393     1.40   0.162     -.625554    3.724488
        P_23 |   2.411968   1.176859     2.05   0.041     .1005093    4.723426
        P_24 |    3.67006   1.171196     3.13   0.002     1.369724    5.970395
        P_25 |   3.388572   1.260782     2.69   0.007     .9122823    5.864862
        P_26 |   2.238514   1.165477     1.92   0.055    -.0505889    4.527617
        P_27 |   1.769485   1.102891     1.60   0.109    -.3966932    3.935664
        P_28 |   1.751723   1.195494     1.47   0.143    -.5963367    4.099782
        P_29 |   1.003844    1.19433     0.84   0.401    -1.341929    3.349617
        P_30 |   3.380472   1.196449     2.83   0.005     1.030538    5.730406
        P_31 |   2.497123   1.304737     1.91   0.056    -.0654992    5.059744
        P_32 |   4.562781   1.183425     3.86   0.000     2.238427    6.887135
        P_33 |   -.041642   1.193167    -0.03   0.972    -2.385131    2.301847
        P_34 |   2.641694   1.348526     1.96   0.051    -.0069343    5.290322
        P_35 |   3.589495   1.261306     2.85   0.005     1.112175    6.066815
        P_36 |   3.180377   1.120103     2.84   0.005     .9803931    5.380361
        P_37 |   2.102446   1.330203     1.58   0.115    -.5101942    4.715085
        P_38 |   3.854366   1.177292     3.27   0.001     1.542057    6.166676
        P_39 |   3.405403   1.174753     2.90   0.004     1.098081    5.712724
        P_40 |   3.279589   1.155812     2.84   0.005     1.009468     5.54971
        P_41 |   2.416545   1.116212     2.16   0.031     .2242027    4.608887
        P_42 |  -6.527563   1.344678    -4.85   0.000    -9.168634   -3.886493
        P_43 |   2.016773   1.302726     1.55   0.122    -.5418998    4.575445
        P_44 |   -1.28255   1.205278    -1.06   0.288    -3.649826    1.084726
        P_45 |   1.982273    1.20385     1.65   0.100    -.3821976    4.346743
        P_46 |    -5.8672   1.380207    -4.25   0.000    -8.578052   -3.156347
        P_47 |   2.223239   1.255158     1.77   0.077    -.2420049    4.688483
        P_48 |   2.966858    1.22483     2.42   0.016     .5611799    5.372535
        P_49 |  -.8304026   1.152096    -0.72   0.471    -3.093224    1.432419
        P_50 |   4.011581   1.355642     2.96   0.003     1.348976    6.674186
        P_51 |   1.073705   1.109606     0.97   0.334    -1.105661    3.253072
        P_52 |    2.56978   1.398876     1.84   0.067    -.1777403    5.317301
        P_53 |   1.396288   1.226169     1.14   0.255     -1.01202    3.804596
        P_54 |   .7435386   1.185165     0.63   0.531    -1.584234    3.071311
        P_55 |  -2.723441   1.095891    -2.49   0.013    -4.875871    -.571011
        P_56 |  -7.680697   5.757111    -1.33   0.183    -18.98819    3.626793
        P_57 |   3.320025   1.104105     3.01   0.003     1.151463    5.488588
        P_58 |   1.941506   1.117723     1.74   0.083     -.253805    4.136816
        P_59 |   1.703792   1.400459     1.22   0.224    -1.046838    4.454421
        P_60 |   1.567094   1.242289     1.26   0.208    -.8728743    4.007063
        P_61 |   .9398648   1.111375     0.85   0.398    -1.242977    3.122706
        P_62 |   2.024818    1.07908     1.88   0.061    -.0945934    4.144229
        P_63 |    .710307   1.145128     0.62   0.535    -1.538828    2.959442
        P_64 |    2.00404   1.273539     1.57   0.116    -.4973061    4.505386
        P_65 |    .239386   2.472206     0.10   0.923    -4.616252    5.095025
        P_66 |   1.157309   1.099516     1.05   0.293     -1.00224    3.316858
        P_67 |   2.252276   1.057977     2.13   0.034     .1743124    4.330239
        P_68 |   .5339094   1.170762     0.46   0.649    -1.765574    2.833392
        P_69 |   .0845495   1.140886     0.07   0.941    -2.156254    2.325353
        P_70 |   7.153599   3.250507     2.20   0.028     .7693079    13.53789
        P_71 |    3.19015   1.735521     1.84   0.067    -.2185704    6.598871
        P_72 |    1.76122   1.380628     1.28   0.203    -.9504591    4.472899
        P_73 |   2.501048   1.085704     2.30   0.022     .3686267    4.633469
        P_74 |   5.536027   1.148801     4.82   0.000     3.279678    7.792376
        P_75 |   2.624005   1.185051     2.21   0.027     .2964566    4.951552
        P_76 |   1.969549    1.35242     1.46   0.146    -.6867278    4.625825
        P_77 |   4.340902   1.576649     2.75   0.006      1.24422    7.437584
        P_78 |   3.071237   1.422092     2.16   0.031     .2781189    5.864356
        P_79 |   7.206478   5.634438     1.28   0.201    -3.860072    18.27303
        P_80 |   2.795686   1.175901     2.38   0.018     .4861085    5.105263
        P_81 |   4.774729   1.570737     3.04   0.002     1.689658    7.859801
        P_82 |          0  (omitted)
       P_L_1 |   1.510058   1.168301     1.29   0.197    -.7845923    3.804708
       P_L_2 |  -1.855937    .916672    -2.02   0.043    -3.656364   -.0555099
       P_L_3 |   .3493601   1.005169     0.35   0.728    -1.624884    2.323604
       P_L_4 |   .6622282   1.261309     0.53   0.600    -1.815098    3.139555
       P_L_5 |   .5085434   1.083408     0.47   0.639    -1.619369    2.636456
       P_L_6 |    .383033   .9779173     0.39   0.695    -1.537686    2.303752
       P_L_7 |  -.3256758   1.116492    -0.29   0.771    -2.518567    1.867216
       P_L_8 |  -.2355522   .9420516    -0.25   0.803    -2.085827    1.614723
       P_L_9 |   1.679359   .9373472     1.79   0.074    -.1616761    3.520394
      P_L_10 |   .6979219   1.188725     0.59   0.557    -1.636842    3.032685
      P_L_11 |  -.8181793   1.137511    -0.72   0.472    -3.052355    1.415996
      P_L_12 |   2.119895   .9594591     2.21   0.028     .2354305     4.00436
      P_L_13 |   9.800146   .9595043    10.21   0.000     7.915592     11.6847
      P_L_14 |  -.3725953   1.077915    -0.35   0.730    -2.489719    1.744529
      P_L_15 |  -1.794616   1.296108    -1.38   0.167    -4.340291    .7510581
      P_L_16 |  -2.176178   1.004765    -2.17   0.031    -4.149628   -.2027277
      P_L_17 |   .9454123   1.022205     0.92   0.355    -1.062291    2.953116
      P_L_18 |   1.735903   .9911456     1.75   0.080    -.2107972    3.682603
      P_L_19 |  -32.75822   2.860101   -11.45   0.000    -38.37571   -27.14072
      P_L_20 |  -1.548373   .9426308    -1.64   0.101    -3.399786    .3030395
      P_L_21 |  -1.296962   .9526403    -1.36   0.174    -3.168034    .5741102
      P_L_22 |   .3889759   .9453343     0.41   0.681    -1.467747    2.245698
      P_L_23 |   .4936605   .8936288     0.55   0.581    -1.261508    2.248829
      P_L_24 |    2.53341   1.224508     2.07   0.039     .1283651    4.938454
      P_L_25 |   .3690508   .9391379     0.39   0.694    -1.475501    2.213603
      P_L_26 |   .4984228   .9682646     0.51   0.607    -1.403337    2.400182
      P_L_27 |  -3.429241   .9295235    -3.69   0.000     -5.25491   -1.603573
      P_L_28 |    .285261   .9040021     0.32   0.752    -1.490281    2.060803
      P_L_29 |   1.739667   1.375208     1.27   0.206     -.961367    4.440702
      P_L_30 |   .8292206   .9818951     0.84   0.399    -1.099311    2.757752
      P_L_31 |   1.544328   1.062728     1.45   0.147    -.5429658    3.631622
      P_L_32 |   2.527111    1.28348     1.97   0.049     .0062386    5.047983
      P_L_33 |   .2297583   .9031535     0.25   0.799    -1.544118    2.003634
      P_L_34 |   .5964612   .9017338     0.66   0.509    -1.174626    2.367549
      P_L_35 |   2.913451   4.900111     0.59   0.552    -6.710813    12.53772
      P_L_36 |  -.0999931   .9580945    -0.10   0.917    -1.981778    1.781792
      P_L_37 |  -.0174662   .9371551    -0.02   0.985    -1.858124    1.823192
      P_L_38 |  -6.836124   1.039099    -6.58   0.000    -8.877009   -4.795238
      P_L_39 |  -2.688254   2.008686    -1.34   0.181    -6.633495    1.256988
      P_L_40 |   2.739193   1.076143     2.55   0.011     .6255511    4.852836
      P_L_41 |   2.214005   1.108614     2.00   0.046     .0365875    4.391423
      P_L_42 |  -6.469872   1.042123    -6.21   0.000    -8.516697   -4.423046
      P_L_43 |   2.875385   .9816662     2.93   0.004     .9473027    4.803466
      P_L_44 |   1.454465   1.096709     1.33   0.185    -.6995708    3.608501
      P_L_45 |  -1.530689   .9521974    -1.61   0.108    -3.400891    .3395135
      P_L_46 |  -1.341257   1.066446    -1.26   0.209    -3.435855    .7533402
      P_L_47 |  -.9429927   1.244401    -0.76   0.449     -3.38711    1.501125
      P_L_48 |   2.810581   1.070299     2.63   0.009     .7084157    4.912746
      P_L_49 |   1.417857    .943445     1.50   0.133    -.4351548    3.270869
      P_L_50 |   2.064159   1.294308     1.59   0.111    -.4779799    4.606298
      P_L_51 |    3.48434   .8857687     3.93   0.000     1.744609     5.22407
      P_L_52 |   .4931775   .8755983     0.56   0.573    -1.226577    2.212932
      P_L_53 |   .8319892   1.732636     0.48   0.631    -2.571065    4.235043
      P_L_54 |  -1.443418   2.612782    -0.55   0.581     -6.57516    3.688323
      P_L_55 |   .0766194   1.087683     0.07   0.944    -2.059689    2.212928
      P_L_56 |   .0427447   .8793092     0.05   0.961    -1.684299    1.769788
      P_L_57 |   .4000187   .8685195     0.46   0.645    -1.305833     2.10587
      P_L_58 |   -.699845   1.019791    -0.69   0.493    -2.702808    1.303118
      P_L_59 |   3.706607   .9091673     4.08   0.000     1.920919    5.492294
      P_L_60 |  -1.496491   1.226177    -1.22   0.223    -3.904815    .9118336
      P_L_61 |  -7.317458   5.777194    -1.27   0.206    -18.66439    4.029477
      P_L_62 |  -.8188045   1.147525    -0.71   0.476    -3.072648    1.435039
      P_L_63 |  -.8523993   2.113466    -0.40   0.687    -5.003439     3.29864
      P_L_64 |   3.400614   .9961986     3.41   0.001     1.443989    5.357238
      P_L_65 |  -1.701882   1.083786    -1.57   0.117    -3.830537    .4267722
      P_L_66 |   3.467932    1.29301     2.68   0.008     .9283428    6.007521
      P_L_67 |   2.963217   1.393294     2.13   0.034     .2266612    5.699772
      P_L_68 |   4.392188   1.233042     3.56   0.000      1.97038    6.813995
      P_L_69 |  -4.207416   1.841401    -2.28   0.023    -7.824096   -.5907364
      P_L_70 |          0  (omitted)
      P_L_71 |   .4286009   .9308638     0.46   0.645      -1.3997    2.256902
      P_L_72 |   5.463425   1.130037     4.83   0.000     3.243929    7.682921
      P_L_73 |          0  (omitted)
CorruptPa~15 |  -.0376968    .225232    -0.17   0.867    -.4800729    .4046792
AlreadyAud~d |  -.1159807    .204486    -0.57   0.571    -.5176098    .2856483
    Auditada |  -.2273594   .1299326    -1.75   0.081    -.4825588    .0278401
     trend_1 |  -.1877185   .2634646    -0.71   0.476     -.705187    .3297501
     trend_2 |  -.0470798   .2571404    -0.18   0.855     -.552127    .4579674
     trend_3 |  -.0421316   .2423985    -0.17   0.862    -.5182244    .4339612
     trend_4 |   .2700884   .2580038     1.05   0.296    -.2366546    .7768314
     trend_5 |  -.0910226   .2647365    -0.34   0.731    -.6109892    .4289439
     trend_6 |  -.2581427   .2380224    -1.08   0.279    -.7256403    .2093549
     trend_7 |  -.4016707   .2756638    -1.46   0.146    -.9430995    .1397582
     trend_8 |  -.0871687   .2365558    -0.37   0.713    -.5517858    .3774484
     trend_9 |  -.2224005   .2687018    -0.83   0.408    -.7501553    .3053544
    trend_10 |  -.2766747   .3091244    -0.90   0.371    -.8838231    .3304738
    trend_11 |  -1.490801   .3340435    -4.46   0.000    -2.146893   -.8347091
    trend_12 |  -1.571844   .3319561    -4.74   0.000    -2.223836   -.9198518
    trend_13 |  -1.552783   .3290358    -4.72   0.000     -2.19904   -.9065271
    trend_14 |  -1.406927   .3551904    -3.96   0.000    -2.104553   -.7093007
    trend_15 |  -1.874807   .3008491    -6.23   0.000    -2.465702   -1.283912
    trend_16 |   .0846497   .1937704     0.44   0.662    -.2959329    .4652324
    trend_17 |  -.1715396   .1814945    -0.95   0.345    -.5280114    .1849322
    trend_18 |  -.1347673   .1890893    -0.71   0.476     -.506156    .2366213
    trend_19 |  -.1165052   .1895683    -0.61   0.539    -.4888346    .2558241
    trend_20 |   .2177556   .2385035     0.91   0.362     -.250687    .6861982
    trend_21 |  -.4960907   .3090792    -1.61   0.109     -1.10315    .1109691
    trend_22 |  -.1187108   .1887498    -0.63   0.530    -.4894325     .252011
    trend_23 |   -.416046   .3056624    -1.36   0.174    -1.016395    .1843028
    trend_24 |   -.272035    .306555    -0.89   0.375    -.8741368    .3300669
    trend_25 |    .096814   .1864781     0.52   0.604    -.2694459     .463074
    trend_26 |   1.499723    .184425     8.13   0.000     1.137496    1.861951
    trend_27 |  -.2882268   .2960484    -0.97   0.331    -.8696929    .2932392
    trend_28 |    2.08006   .1882481    11.05   0.000     1.710324    2.449796
    trend_29 |   .0903893   .3067247     0.29   0.768     -.512046    .6928245
    trend_30 |  -.8534084   .3065992    -2.78   0.006    -1.455597   -.2512197
    trend_31 |   .8224005   .1871869     4.39   0.000     .4547484    1.190053
    trend_32 |  -.7015811   .1814068    -3.87   0.000    -1.057881   -.3452815
    trend_33 |  -.5275017   .1988518    -2.65   0.008    -.9180648   -.1369385
    trend_34 |  -.4192917   .3276804    -1.28   0.201    -1.062886    .2243023
    trend_35 |  -.2089307   .3030161    -0.69   0.491    -.8040819    .3862204
    trend_36 |  -1.478376   .2017432    -7.33   0.000    -1.874618   -1.082134
    trend_37 |   -.206512   .2034489    -1.02   0.311    -.6061042    .1930802
    trend_38 |  -.4894557   .1996914    -2.45   0.015    -.8816678   -.0972437
    trend_39 |   .3604798   .4534596     0.79   0.427    -.5301561    1.251116
    trend_40 |  -.4019702   .1835412    -2.19   0.029    -.7624619   -.0414786
    trend_41 |  -.3722405   .1850619    -2.01   0.045     -.735719   -.0087621
    trend_42 |  -.4673066   .1901152    -2.46   0.014    -.8407101   -.0939031
    trend_43 |  -.6002618   .1839961    -3.26   0.001    -.9616469   -.2388767
    trend_44 |  -.8563586   .1886627    -4.54   0.000    -1.226909   -.4858079
    trend_45 |   .3150023   .1898043     1.66   0.098    -.0577907    .6877953
    trend_46 |   -.158134   .1837967    -0.86   0.390    -.5191275    .2028594
    trend_47 |   .0285246   .1904867     0.15   0.881    -.3456086    .4026578
    trend_48 |   .0772965   .1883398     0.41   0.682      -.29262     .447213
    trend_49 |   .0015823   .1858338     0.01   0.993    -.3634122    .3665769
    trend_50 |   .3393184   .1827358     1.86   0.064    -.0195913    .6982281
    trend_51 |   .5056191   .1966406     2.57   0.010     .1193991    .8918391
    trend_52 |   .2184332   .1804889     1.21   0.227    -.1360633    .5729298
    trend_53 |  -.0794197    .184786    -0.43   0.668    -.4423562    .2835168
    trend_54 |  -.3539596   .3172794    -1.12   0.265    -.9771253     .269206
    trend_55 |   4.307997    .484011     8.90   0.000     3.357355    5.258638
    trend_56 |   5.776655   .4410579    13.10   0.000     4.910378    6.642933
    trend_57 |   .4946043   .4477849     1.10   0.270     -.384886    1.374095
    trend_58 |   .4231874    .186084     2.27   0.023     .0577014    .7886734
    trend_59 |   1.242639   .1881948     6.60   0.000     .8730074    1.612271
    trend_60 |   1.344128   .1818471     7.39   0.000     .9869636    1.701292
    trend_61 |   1.034317   .4220126     2.45   0.015     .2054459    1.863188
    trend_62 |    1.48347   .3129461     4.74   0.000     .8688152    2.098125
    trend_63 |   1.859672   .3671239     5.07   0.000     1.138607    2.580737
    trend_64 |   1.979831   .2180152     9.08   0.000      1.55163    2.408033
    trend_65 |   1.156946   .3381357     3.42   0.001     .4928164    1.821075
    trend_66 |   .4322852   .2019358     2.14   0.033      .035665    .8289055
    trend_67 |   2.033698   .3310262     6.14   0.000     1.383532    2.683864
    trend_68 |   1.071677   .2617106     4.09   0.000     .5576531      1.5857
    trend_69 |   1.149407   .3466583     3.32   0.001     .4685381    1.830275
    trend_70 |   .6642397   .3217728     2.06   0.039     .0322486    1.296231
    trend_71 |   1.932493   .3028899     6.38   0.000      1.33759    2.527396
    trend_72 |   1.105495   .3233706     3.42   0.001      .470366    1.740625
    trend_73 |   .9697801   .2340549     4.14   0.000     .5100749    1.429485
    trend_74 |   2.148755   .2652399     8.10   0.000       1.6278    2.669711
    trend_75 |   .5384405   .3179429     1.69   0.091    -.0860283    1.162909
    trend_76 |   .8423877   .2121238     3.97   0.000     .4257573    1.259018
    trend_77 |   1.004654   .3382685     2.97   0.003     .3402636    1.669044
    trend_78 |   1.450419   .4048332     3.58   0.000     .6552895    2.245548
    trend_79 |   .4952905   .2460558     2.01   0.045     .0120146    .9785665
    trend_80 |   5.206052   .4215118    12.35   0.000     4.378164    6.033939
    trend_81 |   1.643133   .3594096     4.57   0.000     .9372201    2.349046
    trend_82 |   .4424761    .338972     1.31   0.192    -.2232958    1.108248
    trend_83 |   .4771589   .3105887     1.54   0.125    -.1328655    1.087183
    trend_84 |   1.321351   .3281159     4.03   0.000     .6769018    1.965801
    trend_85 |   .3295307   .3745816     0.88   0.379    -.4061816    1.065243
    trend_86 |   1.069171   .2049809     5.22   0.000     .6665701    1.471772
    trend_87 |    .879629   .2813775     3.13   0.002     .3269779     1.43228
    trend_88 |   .7454913   .2002129     3.72   0.000      .352255    1.138728
    trend_89 |   1.840898   .1833355    10.04   0.000     1.480811    2.200986
    trend_90 |    2.71883   .3234461     8.41   0.000     2.083553    3.354108
    trend_91 |   .6670437   .2266276     2.94   0.003     .2219265    1.112161
    trend_92 |  -.4156359   .3009234    -1.38   0.168    -1.006677     .175405
    trend_93 |   .8963041   .2238764     4.00   0.000     .4565904    1.336018
    trend_94 |  -1.358762   .2138835    -6.35   0.000    -1.778849   -.9386758
    trend_95 |  -.0869902   .2518894    -0.35   0.730    -.5817238    .4077434
    trend_96 |  -.4467692   .2615412    -1.71   0.088      -.96046    .0669216
    trend_97 |  -.0361537   .2103269    -0.17   0.864    -.4492548    .3769474
    trend_98 |   .6649046   .2463755     2.70   0.007     .1810007    1.148809
    trend_99 |  -.8220491    .323105    -2.54   0.011    -1.456657   -.1874415
   trend_100 |  -.8440442   .2919717    -2.89   0.004    -1.417503   -.2705852
   trend_101 |   .1685281   .2582433     0.65   0.514    -.3386851    .6757414
   trend_102 |   .5490913   .1928311     2.85   0.005     .1703536    .9278291
   trend_103 |  -.6954083   .3117667    -2.23   0.026    -1.307746   -.0830701
   trend_104 |  -.0181676   .1800953    -0.10   0.920    -.3718911     .335556
   trend_105 |   -.187802   .2233819    -0.84   0.401    -.6265444    .2509403
   trend_106 |  -.2417058   .1865414    -1.30   0.196      -.60809    .1246784
   trend_107 |  -.4910001   .1829582    -2.68   0.007    -.8503466   -.1316537
   trend_108 |   -.228099   .1887432    -1.21   0.227    -.5988078    .1426097
   trend_109 |   .0991948   .1822749     0.54   0.587    -.2588097    .4571992
   trend_110 |   .4701321   .1817969     2.59   0.010     .1130665    .8271977
   trend_111 |    .025457   .1914032     0.13   0.894    -.3504763    .4013903
   trend_112 |  -.6194192   .1874889    -3.30   0.001    -.9876645    -.251174
   trend_113 |  -.2658061   .1838536    -1.45   0.149    -.6269113    .0952991
   trend_114 |  -1.131871   .1822706    -6.21   0.000    -1.489867   -.7738751
   trend_115 |  -.1148753    .226262    -0.51   0.612    -.5592746    .3295239
   trend_116 |     .48219    .185655     2.60   0.010     .1175467    .8468334
   trend_117 |  -1.396094   .1823806    -7.65   0.000    -1.754307   -1.037882
   trend_118 |  -.2786368   .1982903    -1.41   0.161    -.6680969    .1108233
   trend_119 |  -.7204069   .2161339    -3.33   0.001    -1.144914   -.2959003
   trend_120 |  -.5819903   .1906267    -3.05   0.002    -.9563984   -.2075822
   trend_121 |   .4634626   .1850177     2.50   0.013     .1000709    .8268542
   trend_122 |  -.0905284   .2138826    -0.42   0.672    -.5106133    .3295564
   trend_123 |   .0020286   .1883202     0.01   0.991    -.3678495    .3719066
   trend_124 |   1.066146   .1783083     5.98   0.000     .7159325     1.41636
   trend_125 |  -.1422953   .1852958    -0.77   0.443    -.5062332    .2216425
   trend_126 |  -.3263505   .1853239    -1.76   0.079    -.6903435    .0376424
   trend_127 |    .196632   .1911192     1.03   0.304    -.1787435    .5720075
   trend_128 |   .8193039    .185795     4.41   0.000     .4543855    1.184222
   trend_129 |  -.3326828   .1879917    -1.77   0.077    -.7019157    .0365501
   trend_130 |   -.126267   .1788533    -0.71   0.480    -.4775511    .2250171
   trend_131 |    .674836   .2953206     2.29   0.023     .0947996    1.254873
   trend_132 |   .0736741   .1900032     0.39   0.698    -.2995094    .4468576
   trend_133 |   .5584846   .1909428     2.92   0.004     .1834556    .9335136
   trend_134 |  -.3831708   .1954905    -1.96   0.050    -.7671318    .0007903
   trend_135 |   .6481639   .1912436     3.39   0.001     .2725441    1.023784
   trend_136 |   .1536798   .1879968     0.82   0.414     -.215563    .5229226
   trend_137 |   .0139461   .1932212     0.07   0.942    -.3655579    .3934501
   trend_138 |  -.0229988   .1842634    -0.12   0.901    -.3849089    .3389114
   trend_139 |   .3160114   .2103392     1.50   0.134     -.097114    .7291368
   trend_140 |  -.3692078   .2181702    -1.69   0.091    -.7977139    .0592984
   trend_141 |  -.2684027   .3566845    -0.75   0.452    -.9689635    .4321581
   trend_142 |   .2338085    .179184     1.30   0.192    -.1181253    .5857423
   trend_143 |  -.6119355   .1929608    -3.17   0.002    -.9909281    -.232943
   trend_144 |  -.7349868   .1925453    -3.82   0.000    -1.113163   -.3568103
   trend_145 |  -.2326481   .1827383    -1.27   0.203    -.5915628    .1262666
   trend_146 |   .9222605   .3370206     2.74   0.006     .2603213      1.5842
   trend_147 |   .3636663   .2200054     1.65   0.099    -.0684444    .7957771
   trend_148 |   2.642289   .1986968    13.30   0.000      2.25203    3.032547
   trend_149 |   2.024429   .1919366    10.55   0.000     1.647448     2.40141
   trend_150 |   .6826947   .2357153     2.90   0.004     .2197284    1.145661
   trend_151 |   1.854133   .1873491     9.90   0.000     1.486162    2.222104
   trend_152 |   1.567655    .232847     6.73   0.000     1.110322    2.024987
   trend_153 |   2.138051   .2055261    10.40   0.000      1.73438    2.541723
   trend_154 |   .8692817    .212123     4.10   0.000     .4526527    1.285911
   trend_155 |   1.527627   .1951891     7.83   0.000     1.144258    1.910996
   trend_156 |    .583273   .1990495     2.93   0.004     .1923217    .9742243
   trend_157 |   1.595407   .2159848     7.39   0.000     1.171193    2.019621
   trend_158 |   .8613114   .2150913     4.00   0.000     .4388524     1.28377
   trend_159 |  -.1932318    .214238    -0.90   0.367    -.6140147    .2275512
   trend_160 |   .1049157    .182242     0.58   0.565    -.2530241    .4628555
   trend_161 |  -.2441008   .1825326    -1.34   0.182    -.6026114    .1144098
   trend_162 |   .0061949   .2119479     0.03   0.977    -.4100902    .4224799
   trend_163 |   .9361936   .2461546     3.80   0.000     .4527236    1.419664
   trend_164 |    .179069   .1942847     0.92   0.357    -.2025239    .5606618
   trend_165 |   .9401973   .3828346     2.46   0.014     .1882752    1.692119
   trend_166 |   1.442554   .2205564     6.54   0.000     1.009361    1.875747
   trend_167 |   2.477209   .2251256    11.00   0.000     2.035042    2.919376
   trend_168 |   -.062017   .1990971    -0.31   0.756    -.4530618    .3290278
   trend_169 |   .7482485   .2266301     3.30   0.001     .3031264    1.193371
   trend_170 |   .6188567    .195371     3.17   0.002     .2351303    1.002583
   trend_171 |   .7371402   .1833878     4.02   0.000     .3769498    1.097331
   trend_172 |   1.045238   .1789251     5.84   0.000     .6938129    1.396663
   trend_173 |   .3859116   .2497706     1.55   0.123    -.1046606    .8764837
   trend_174 |  -.3941911   .1892493    -2.08   0.038     -.765894   -.0224883
   trend_175 |   .3152552   .1886184     1.67   0.095    -.0552084    .6857189
   trend_176 |   1.337843   .2035497     6.57   0.000     .9380524    1.737633
   trend_177 |    .346268   .2464255     1.41   0.161     -.137734    .8302701
   trend_178 |   5.654494   .6791529     8.33   0.000     4.320576    6.988412
   trend_179 |     2.1496   .1925234    11.17   0.000     1.771467    2.527734
   trend_180 |   .1143289   .1982535     0.58   0.564     -.275059    .5037169
   trend_181 |   .4331986   .1829823     2.37   0.018     .0738048    .7925924
   trend_182 |   .6795667   .1764834     3.85   0.000     .3329372    1.026196
   trend_183 |  -.6391462    .211364    -3.02   0.003    -1.054284   -.2240082
   trend_184 |   .7638541   .1825981     4.18   0.000     .4052149    1.122493
   trend_185 |   .8280314   .2216435     3.74   0.000     .3927033     1.26336
   trend_186 |  -.2355084   .3061122    -0.77   0.442    -.8367407    .3657239
   trend_187 |   .0796346   .2196567     0.36   0.717    -.3517912    .5110603
   trend_188 |   1.699398   .2138054     7.95   0.000     1.279465    2.119331
   trend_189 |   .6158041   .4406769     1.40   0.163    -.2497254    1.481334
   trend_190 |   1.137452   .2111968     5.39   0.000     .7226422    1.552262
   trend_191 |  -.2777785   .1943994    -1.43   0.154    -.6595967    .1040396
   trend_192 |   6.365829    .191117    33.31   0.000     5.990458      6.7412
   trend_193 |   1.515569   .1867148     8.12   0.000     1.148844    1.882294
   trend_194 |  -.3969927   .1981362    -2.00   0.046    -.7861503   -.0078351
   trend_195 |   .0569017   .1956033     0.29   0.771     -.327281    .4410844
   trend_196 |   .5713497   .1958894     2.92   0.004     .1866052    .9560943
   trend_197 |   .8740121   .1954223     4.47   0.000     .4901849    1.257839
   trend_198 |  -.3295414   .1969968    -1.67   0.095     -.716461    .0573782
   trend_199 |   .9775428   .1883387     5.19   0.000     .6076284    1.347457
   trend_200 |   .7196968   .1969012     3.66   0.000     .3329649    1.106429
   trend_201 |   .6533444   .1937369     3.37   0.001     .2728276    1.033861
   trend_202 |   .1907631   .2020469     0.94   0.345    -.2060754    .5876016
   trend_203 |  -.5106504   .1947024    -2.62   0.009    -.8930637   -.1282371
   trend_204 |   1.406752   .1956898     7.19   0.000       1.0224    1.791105
   trend_205 |   1.228519    .231522     5.31   0.000     .7737889     1.68325
   trend_206 |  -.5999508   .2591372    -2.32   0.021     -1.10892   -.0909818
   trend_207 |   .1711219   .2015497     0.85   0.396    -.2247402    .5669839
   trend_208 |  -.1393199   .2003864    -0.70   0.487     -.532897    .2542572
   trend_209 |   .4476716   .2048761     2.19   0.029     .0452762    .8500669
   trend_210 |  -.2261285   .1906841    -1.19   0.236    -.6006494    .1483925
   trend_211 |    .087467   .2169718     0.40   0.687    -.3386853    .5136193
   trend_212 |  -.4236084    .349617    -1.21   0.226    -1.110288    .2630712
   trend_213 |  -.4551222   .2055433    -2.21   0.027     -.858828   -.0514164
   trend_214 |   .3636599   .2087491     1.74   0.082    -.0463425    .7736622
   trend_215 |   .2848992   .2478157     1.15   0.251    -.2018335    .7716318
   trend_216 |   -.369103   .2059067    -1.79   0.074    -.7735226    .0353165
   trend_217 |    1.10886   .2159206     5.14   0.000     .6847719    1.532947
   trend_218 |  -.2099914    .204923    -1.02   0.306    -.6124788    .1924961
   trend_219 |  -.0709959     .18778    -0.38   0.706     -.439813    .2978212
   trend_220 |  -.0101378   .2101674    -0.05   0.962    -.4229257      .40265
   trend_221 |   -.134638   .2042869    -0.66   0.510    -.5358761       .2666
   trend_222 |   .1941976     .19047     1.02   0.308    -.1799029     .568298
   trend_223 |   .5546246   .2016049     2.75   0.006     .1586542    .9505949
   trend_224 |   .2142374   .2231341     0.96   0.337    -.2240182    .6524931
   trend_225 |  -.0865166    .203964    -0.42   0.672    -.4871204    .3140872
   trend_226 |   .2756501   .2070938     1.33   0.184     -.131101    .6824011
   trend_227 |   .1127537   .2181202     0.52   0.605    -.3156541    .5411616
   trend_228 |   -.439725   .1996189    -2.20   0.028    -.8317946   -.0476553
   trend_229 |  -.0224508   .2289918    -0.10   0.922    -.4722115    .4273098
   trend_230 |   .4028493   .2026831     1.99   0.047     .0047611    .8009374
   trend_231 |   .0868116   .2170326     0.40   0.689    -.3394602    .5130834
   trend_232 |  -.2124113   .2179974    -0.97   0.330    -.6405781    .2157555
   trend_233 |   .2735971   .2464171     1.11   0.267    -.2103885    .7575827
   trend_234 |     .14055   .2189929     0.64   0.521    -.2895721    .5706721
   trend_235 |  -.0506489    .216301    -0.23   0.815    -.4754837    .3741859
   trend_236 |   .1717138    .218242     0.79   0.432    -.2569334     .600361
   trend_237 |    .121055   .1913582     0.63   0.527    -.2547898    .4968999
   trend_238 |   .1186611   .2049636     0.58   0.563    -.2839061    .5212282
   trend_239 |   .1352122   .2214569     0.61   0.542    -.2997493    .5701737
   trend_240 |  -.1930341   .2151501    -0.90   0.370    -.6156085    .2295403
   trend_241 |   .3593078   .2244339     1.60   0.110    -.0815009    .8001166
   trend_242 |   1.620417   .1961625     8.26   0.000     1.235136    2.005698
   trend_243 |   .5655218   .1947902     2.90   0.004     .1829362    .9481074
   trend_244 |   1.521633   .2174308     7.00   0.000     1.094579    1.948687
   trend_245 |   .0385422   .2160494     0.18   0.858    -.3857985    .4628829
   trend_246 |   .1366983   .2160876     0.63   0.527    -.2877173     .561114
   trend_247 |   .5197177   .1795746     2.89   0.004     .1670169    .8724185
   trend_248 |   .1823262   .2158497     0.84   0.399    -.2416223    .6062748
   trend_249 |  -.1208543   .1981295    -0.61   0.542    -.5099988    .2682902
   trend_250 |   .3586807   .2013697     1.78   0.075    -.0368278    .7541891
   trend_251 |    .129012   .2179784     0.59   0.554    -.2991175    .5571414
   trend_252 |   .0921526   .1942101     0.47   0.635    -.2892938    .4735989
   trend_253 |   .1256752    .213118     0.59   0.556    -.2929079    .5442584
   trend_254 |   .3134686   .1912444     1.64   0.102    -.0621529      .68909
   trend_255 |   1.928361   .1995007     9.67   0.000     1.536523    2.320198
   trend_256 |    .215407   .2289368     0.94   0.347    -.2342457    .6650598
   trend_257 |          0  (omitted)
   trend_258 |   .8636423   .2251767     3.84   0.000     .4213748     1.30591
   trend_259 |  -.2918633   .3242638    -0.90   0.368     -.928747    .3450205
   trend_260 |   4.127496    1.24108     3.33   0.001     1.689902     6.56509
   trend_261 |  -.9507533   .2294035    -4.14   0.000    -1.401323   -.5001839
   trend_262 |   1.776305   .2273209     7.81   0.000     1.329826    2.222784
   trend_263 |   3.016425   .2152486    14.01   0.000     2.593657    3.439193
   trend_264 |  -.6208745   .2209069    -2.81   0.005    -1.054756   -.1869932
   trend_265 |  -.6876906   .2425342    -2.84   0.005     -1.16405   -.2113314
   trend_266 |  -2.066003    .185633   -11.13   0.000    -2.430604   -1.701403
   trend_267 |   7.310326   .2258101    32.37   0.000     6.866814    7.753838
   trend_268 |  -.2040265     .25896    -0.79   0.431    -.7126475    .3045945
   trend_269 |   .4312545   .2014605     2.14   0.033     .0355677    .8269414
   trend_270 |  -.2041571   .1916837    -1.07   0.287    -.5806413    .1723272
   trend_271 |  -.0665204   .2215866    -0.30   0.764    -.5017366    .3686957
   trend_272 |   -.309484   .1969317    -1.57   0.117    -.6962758    .0773079
   trend_273 |    -.20594   .3096028    -0.67   0.506     -.814028     .402148
   trend_274 |   2.489157   .1876867    13.26   0.000     2.120523    2.857791
   trend_275 |  -2.841254   .4050631    -7.01   0.000    -3.636835   -2.045673
   trend_276 |   2.779169    .215372    12.90   0.000     2.356159    3.202179
   trend_277 |  -1.322667   .2210848    -5.98   0.000    -1.756898   -.8884364
   trend_278 |   1.172933   .2624072     4.47   0.000     .6575412    1.688324
   trend_279 |   2.045918   .2423262     8.44   0.000     1.569967    2.521869
   trend_280 |   1.468798   .2361327     6.22   0.000     1.005012    1.932584
   trend_281 |   2.930911   1.175185     2.49   0.013     .6227405    5.239082
   trend_282 |   1.217651   .2203675     5.53   0.000     .7848297    1.650473
   trend_283 |   -.040303   .1914531    -0.21   0.833    -.4163344    .3357284
   trend_284 |   -2.45663   .2155089   -11.40   0.000    -2.879909   -2.033351
   trend_285 |  -2.005786   .2174303    -9.22   0.000    -2.432839   -1.578733
   trend_286 |   .8108627   .1801331     4.50   0.000      .457065     1.16466
   trend_287 |   .2681312   .2067967     1.30   0.195    -.1380364    .6742989
   trend_288 |  -.5034505   .4337509    -1.16   0.246    -1.355377    .3484759
   trend_289 |   .4250654   .1751067     2.43   0.016     .0811399    .7689908
   trend_290 |  -.3031859   .1810129    -1.67   0.094    -.6587118    .0523399
   trend_291 |  -.0830105   .1862025    -0.45   0.656    -.4487291    .2827081
   trend_292 |   .5425323   .2248844     2.41   0.016     .1008387    .9842258
   trend_293 |   .1471319   .2402418     0.61   0.540    -.3247249    .6189887
   trend_294 |   1.019652   .3655125     2.79   0.005     .3017523    1.737552
   trend_295 |  -.2258335   .2089008    -1.08   0.280    -.6361338    .1844668
   trend_296 |   .5521809   .1986106     2.78   0.006     .1620915    .9422702
   trend_297 |   .4556867   .2076504     2.19   0.029     .0478425     .863531
   trend_298 |   .0897219   .2319414     0.39   0.699    -.3658321    .5452759
   trend_299 |   4.686309   .2099934    22.32   0.000     4.273863    5.098755
   trend_300 |   .9257318   .2069294     4.47   0.000     .5193036     1.33216
   trend_301 |   .5680905   .2031513     2.80   0.005     .1690827    .9670982
   trend_302 |   .2799704   .1875896     1.49   0.136    -.0884727    .6484135
   trend_303 |   .0096664   .1971782     0.05   0.961    -.3776095    .3969423
   trend_304 |   .4481551   .2859115     1.57   0.118    -.1134011    1.009711
   trend_305 |   .1975496    .201078     0.98   0.326     -.197386    .5924852
   trend_306 |   .6931063   .2930038     2.37   0.018     .1176201    1.268593
   trend_307 |  -.1019216   .1991188    -0.51   0.609    -.4930091    .2891659
   trend_308 |   .2718271   .2001186     1.36   0.175     -.121224    .6648782
   trend_309 |   .7420535   .2825638     2.63   0.009     .1870725    1.297034
   trend_310 |   .1381202   .2165883     0.64   0.524     -.287279    .5635193
   trend_311 |   .3162592   .2215289     1.43   0.154    -.1188438    .7513622
   trend_312 |   .4752999    .287846     1.65   0.099    -.0900559    1.040656
   trend_313 |   .1538489   .2342822     0.66   0.512    -.3063027    .6140004
   trend_314 |  -.3804723   .1977593    -1.92   0.055    -.7688895    .0079449
   trend_315 |  -.0609942   .1857473    -0.33   0.743    -.4258189    .3038305
   trend_316 |    .074422   .3152541     0.24   0.813    -.5447657    .6936098
   trend_317 |   .4471155   .3050558     1.47   0.143    -.1520419    1.046273
   trend_318 |   .0501011   .3310766     0.15   0.880    -.6001635    .7003657
   trend_319 |   -.063291     .23223    -0.27   0.785    -.5194119    .3928299
   trend_320 |  -.4653168   .3079068    -1.51   0.131    -1.070074    .1394401
   trend_321 |  -.0393881   .1846804    -0.21   0.831    -.4021173    .3233411
   trend_322 |  -.1859084   .3015712    -0.62   0.538    -.7782217    .4064049
   trend_323 |   .2920183   .2658951     1.10   0.273     -.230224    .8142605
   trend_324 |   .0512669   .3068612     0.17   0.867    -.5514365    .6539702
   trend_325 |   .1402824   .2654844     0.53   0.597    -.3811532    .6617179
   trend_326 |   .1749304   .2845312     0.61   0.539    -.3839148    .7337755
   trend_327 |  -.1369515   .2015682    -0.68   0.497    -.5328498    .2589468
   trend_328 |   .0490413   .1843317     0.27   0.790     -.313003    .4110856
   trend_329 |  -.0839194   .1973159    -0.43   0.671    -.4714658     .303627
   trend_330 |    .670054   .2458548     2.73   0.007     .1871728    1.152935
   trend_331 |   3.530096   .2014086    17.53   0.000     3.134511    3.925681
   trend_332 |  -.7903762   .2116355    -3.73   0.000    -1.206048   -.3747048
   trend_333 |   5.305361   .9718441     5.46   0.000      3.39657    7.214151
   trend_334 |   .1441289   .2439527     0.59   0.555    -.3350164    .6232741
   trend_335 |   93.71972   .5554948   168.71   0.000     92.62868    94.81077
   trend_336 |   9.578086    .259352    36.93   0.000     9.068695    10.08748
   trend_337 |   .5149541   .1820348     2.83   0.005     .1574212     .872487
   trend_338 |   .8601573   .1919316     4.48   0.000     .4831863    1.237128
   trend_339 |  -.2667684    .198027    -1.35   0.178    -.6557115    .1221747
   trend_340 |    .326206   .1964079     1.66   0.097    -.0595571    .7119691
   trend_341 |   .4361285    .278223     1.57   0.118    -.1103268    .9825839
   trend_342 |   .0795368    .237809     0.33   0.738    -.3875417    .5466152
   trend_343 |   1.790767   .4871072     3.68   0.000     .8340438     2.74749
   trend_344 |   2.661735   .1916542    13.89   0.000     2.285308    3.038161
   trend_345 |          0  (omitted)
   trend_346 |  -.1563206   .1780851    -0.88   0.380     -.506096    .1934548
   trend_347 |   3.948578   .4088879     9.66   0.000     3.145485    4.751671
   trend_348 |   1.896407   .3880511     4.89   0.000     1.134239    2.658575
   trend_349 |  -.8900399   .4670936    -1.91   0.057    -1.807454    .0273744
   trend_350 |  -3.336471   .2718123   -12.27   0.000    -3.870335   -2.802607
   trend_351 |   1.126394   .3374193     3.34   0.001     .4636713    1.789116
   trend_352 |   2.341491   .3526751     6.64   0.000     1.648805    3.034177
   trend_353 |   1.164315   .2171752     5.36   0.000     .7377636    1.590867
   trend_354 |   6.509884   .4758064    13.68   0.000     5.575357    7.444411
   trend_355 |  -7.985041   .5885478   -13.57   0.000    -9.141002    -6.82908
   trend_356 |    .253526   .3175765     0.80   0.425    -.3702232    .8772752
   trend_357 |  -.4317557   .2490466    -1.73   0.084    -.9209058    .0573945
   trend_358 |  -.4834562   .2755087    -1.75   0.080     -1.02458    .0576679
   trend_359 |  -.1466494   .2466368    -0.59   0.552    -.6310664    .3377677
   trend_360 |  -.2878825   .3969994    -0.73   0.469    -1.067625    .4918604
   trend_361 |  -.0647097   .2562847    -0.25   0.801    -.5680762    .4386568
   trend_362 |   .3738621   .2514995     1.49   0.138    -.1201058      .86783
   trend_363 |   .9719471   .3445674     2.82   0.005     .2951853    1.648709
   trend_364 |   .2018226   .3115589     0.65   0.517    -.4101073    .8137526
   trend_365 |   .7094519   .2471839     2.87   0.004     .2239603    1.194944
   trend_366 |  -.3590319   .2484745    -1.44   0.149    -.8470584    .1289945
   trend_367 |  -.1744522   .3081083    -0.57   0.571     -.779605    .4307006
   trend_368 |   .1189191   .2999397     0.40   0.692    -.4701897     .708028
   trend_369 |   .4272638   .3452978     1.24   0.216    -.2509326     1.10546
   trend_370 |   .5667589   .3051143     1.86   0.064    -.0325134    1.166031
   trend_371 |  -.4883094   .2498134    -1.95   0.051    -.9789656    .0023469
   trend_372 |  -.2700875   .2959849    -0.91   0.362    -.8514289    .3112538
   trend_373 |  -.4756801   .2459105    -1.93   0.054    -.9586707    .0073105
   trend_374 |   .1376312   .3521527     0.39   0.696    -.5540287    .8292912
   trend_375 |  -.2943164   .2484221    -1.18   0.237      -.78224    .1936072
   trend_376 |   .0232534   .2817448     0.08   0.934    -.5301191    .5766259
   trend_377 |  -.5494646   .2451486    -2.24   0.025    -1.030959   -.0679706
   trend_378 |  -.1379066    .313385    -0.44   0.660    -.7534234    .4776101
   trend_379 |  -.1543978   .3600378    -0.43   0.668    -.8615447    .5527491
   trend_380 |  -.0901008   .2759265    -0.33   0.744    -.6320456     .451844
   trend_381 |   .6624248    .342081     1.94   0.053    -.0094534    1.334303
   trend_382 |  -.3337128   .2645647    -1.26   0.208     -.853342    .1859163
   trend_383 |   .1061228   .2718578     0.39   0.696    -.4278306    .6400763
   trend_384 |    .781034   .3352598     2.33   0.020     .1225532    1.439515
   trend_385 |   .3697086   .2460285     1.50   0.133    -.1135139     .852931
   trend_386 |   .6167011   .3138182     1.97   0.050     .0003337    1.233069
   trend_387 |  -.2886471   .2463785    -1.17   0.242     -.772557    .1952628
   trend_388 |  -.3565013   .1985087    -1.80   0.073    -.7463903    .0333878
   trend_389 |  -.1620926   .1977481    -0.82   0.413    -.5504878    .2263026
   trend_390 |  -.3121484   .1923901    -1.62   0.105    -.6900202    .0657234
   trend_391 |   .0556002   .1971717     0.28   0.778     -.331663    .4428633
   trend_392 |  -.1372851   .1856366    -0.74   0.460    -.5018923    .2273221
   trend_393 |  -.5668972   .1942586    -2.92   0.004    -.9484388   -.1853557
   trend_394 |   .0408391   .1890523     0.22   0.829    -.3304769    .4121551
   trend_395 |  -.0290121   .2166634    -0.13   0.894    -.4545586    .3965345
   trend_396 |  -.5082116   .1920536    -2.65   0.008    -.8854224   -.1310008
   trend_397 |  -.3594786   .2590524    -1.39   0.166    -.8682812    .1493239
   trend_398 |  -.4901103   .1908654    -2.57   0.010    -.8649872   -.1152333
   trend_399 |  -.6628775    .205047    -3.23   0.001    -1.065608   -.2601466
   trend_400 |  -.1106025   .2191371    -0.50   0.614    -.5410077    .3198027
   trend_401 |  -.0691409   .1914394    -0.36   0.718    -.4451454    .3068635
   trend_402 |  -.2620486   .1912818    -1.37   0.171    -.6377434    .1136462
   trend_403 |   .8156681   .2681749     3.04   0.002     .2889481    1.342388
   trend_404 |  -.7477722   .2343986    -3.19   0.001    -1.208152    -.287392
   trend_405 |    .725948   .1902871     3.82   0.000     .3522068    1.099689
   trend_406 |   -.408424   .3129345    -1.31   0.192    -1.023056    .2062078
   trend_407 |   1.831362   .2418178     7.57   0.000      1.35641    2.306315
   trend_408 |   .6876176   .2812822     2.44   0.015     .1351538    1.240081
   trend_409 |  -.3983809   .1956496    -2.04   0.042    -.7826545   -.0141073
   trend_410 |  -.3100715   .1883428    -1.65   0.100    -.6799939     .059851
   trend_411 |   .7338034   .2273039     3.23   0.001     .2873579    1.180249
   trend_412 |   1.211731   .2069732     5.85   0.000      .805217    1.618245
   trend_413 |   .5007203   .2123947     2.36   0.019     .0835577    .9178829
   trend_414 |   1.737883   .2178849     7.98   0.000     1.309937    2.165829
   trend_415 |    .063389   .1933795     0.33   0.743    -.3164258    .4432039
   trend_416 |   .1255296   .2256938     0.56   0.578    -.3177536    .5688128
   trend_417 |    .423481   .2238623     1.89   0.059     -.016205    .8631669
   trend_418 |   .6912034    .233171     2.96   0.003     .2332342    1.149173
   trend_419 |   .2133882   .2088814     1.02   0.307    -.1968738    .6236502
   trend_420 |   .1378651   .1946477     0.71   0.479    -.2444407     .520171
   trend_421 |   .3830865   .2042048     1.88   0.061    -.0179903    .7841633
   trend_422 |   .1546227   .1905966     0.81   0.418    -.2197264    .5289719
   trend_423 |   .7220889   .2250372     3.21   0.001     .2800954    1.164083
   trend_424 |   .6205042   .2452313     2.53   0.012     .1388475    1.102161
   trend_425 |   .0444888   .2123087     0.21   0.834    -.3725048    .4614825
   trend_426 |   .0481384   .2470935     0.19   0.846    -.4371757    .5334526
   trend_427 |  -.0368714    .180492    -0.20   0.838     -.391374    .3176313
   trend_428 |   .4094984   .1968049     2.08   0.038     .0229557    .7960411
   trend_429 |   .6378579   .1801081     3.54   0.000     .2841091    .9916066
   trend_430 |   .2563516   .2374575     1.08   0.281    -.2100366    .7227398
   trend_431 |   .1935253   .2133251     0.91   0.365    -.2254647    .6125152
   trend_432 |   .0321727   .2055714     0.16   0.876    -.3715881    .4359336
   trend_433 |    -.22947   .1966516    -1.17   0.244    -.6157117    .1567717
   trend_434 |   .0199596    .250002     0.08   0.936    -.4710671    .5109863
   trend_435 |   .2479074   .2146267     1.16   0.249    -.1736389    .6694538
   trend_436 |   .1853905   .2411931     0.77   0.442    -.2883348    .6591158
   trend_437 |  -.0414387   .2426713    -0.17   0.864    -.5180673      .43519
   trend_438 |   .0097438   .2099046     0.05   0.963     -.402528    .4220156
   trend_439 |  -.5761082   .2362035    -2.44   0.015    -1.040033   -.1121831
   trend_440 |   -.035391   .2123492    -0.17   0.868    -.4524642    .3816822
   trend_441 |   .0255245   .2335463     0.11   0.913    -.4331816    .4842307
   trend_442 |  -.0390849   .2418881    -0.16   0.872    -.5141751    .4360054
   trend_443 |   .3016414   .2359111     1.28   0.202    -.1617095    .7649923
   trend_444 |  -.2116029   .2105909    -1.00   0.315    -.6252226    .2020168
   trend_445 |   .8578623   .8655414     0.99   0.322    -.8421399    2.557864
   trend_446 |   .7670397   .2184824     3.51   0.000     .3379203    1.196159
   trend_447 |   .3077802   .1860419     1.65   0.099    -.0576229    .6731834
   trend_448 |  -.0913486   .2129592    -0.43   0.668    -.5096199    .3269226
   trend_449 |  -1.400033   .2094583    -6.68   0.000    -1.811428   -.9886374
   trend_450 |   -.562675   .2078917    -2.71   0.007    -.9709931   -.1543568
   trend_451 |  -.8907609   .2152552    -4.14   0.000    -1.313542     -.46798
   trend_452 |   .1792575   .2139529     0.84   0.402    -.2409655    .5994805
   trend_453 |  -.4945015   .2201781    -2.25   0.025    -.9269513   -.0620517
   trend_454 |   -.652556   .2134606    -3.06   0.002    -1.071812   -.2332999
   trend_455 |  -.2719245   .2107242    -1.29   0.197     -.685806    .1419569
   trend_456 |  -.6752734    .194089    -3.48   0.001    -1.056482    -.294065
   trend_457 |   -4.04847   .2184497   -18.53   0.000    -4.477525   -3.619415
   trend_458 |   1.478968   .2041336     7.25   0.000     1.078031    1.879905
   trend_459 |   .1442578   .2127153     0.68   0.498    -.2735343      .56205
   trend_460 |   1.176061   .1795153     6.55   0.000      .823477    1.528646
   trend_461 |   .7475435    .182524     4.10   0.000     .3890497    1.106037
   trend_462 |   2.274044   .1825219    12.46   0.000     1.915554    2.632533
   trend_463 |   .3445771   .2019346     1.71   0.088    -.0520409     .741195
   trend_464 |    1.52318   .1962797     7.76   0.000     1.137669    1.908691
   trend_465 |   1.769159   .2191596     8.07   0.000      1.33871    2.199609
   trend_466 |   .9452258   .1831869     5.16   0.000       .58543    1.305022
   trend_467 |   1.632515   .1824405     8.95   0.000     1.274185    1.990845
   trend_468 |   2.585743    .189864    13.62   0.000     2.212833    2.958653
   trend_469 |   .7274701   .1855999     3.92   0.000      .362935    1.092005
   trend_470 |   1.137788   .1819837     6.25   0.000     .7803549     1.49522
   trend_471 |   1.071299   .1921854     5.57   0.000     .6938296    1.448769
   trend_472 |   2.997868   .2039027    14.70   0.000     2.597385    3.398352
   trend_473 |   2.085574   .1744222    11.96   0.000     1.742993    2.428155
   trend_474 |   .2685231   .2144678     1.25   0.211    -.1527112    .6897574
   trend_475 |   .1213061   .1835301     0.66   0.509    -.2391638    .4817759
   trend_476 |   .0950116   .1945449     0.49   0.625    -.2870922    .4771154
   trend_477 |   .1889782   .1801785     1.05   0.295    -.1649088    .5428651
   trend_478 |  -.0586811   .1807171    -0.32   0.746     -.413626    .2962638
   trend_479 |  -.0903837   .1977487    -0.46   0.648    -.4787801    .2980127
   trend_480 |   .5592358   .1953884     2.86   0.004     .1754751    .9429965
   trend_481 |  -.3979377   .1824958    -2.18   0.030     -.756376   -.0394994
   trend_482 |  -.0061452   .1966007    -0.03   0.975    -.3922869    .3799965
   trend_483 |   .0888783    .180788     0.49   0.623    -.2662058    .4439625
   trend_484 |  -.2680859    .199278    -1.35   0.179     -.659486    .1233141
   trend_485 |  -.1135603   .1946483    -0.58   0.560    -.4958674    .2687467
   trend_486 |   .1350492   .1977478     0.68   0.495    -.2533455    .5234439
   trend_487 |  -.1131856   .2016791    -0.56   0.575    -.5093017    .2829305
   trend_488 |  -.0561006   .1902016    -0.29   0.768    -.4296739    .3174727
   trend_489 |   .4727248   .1984123     2.38   0.018      .083025    .8624245
   trend_490 |  -.1653124   .1970024    -0.84   0.402     -.552243    .2216183
   trend_491 |   .0413939   .5577887     0.07   0.941    -1.054154    1.136942
   trend_492 |  -.3317853   .2897096    -1.15   0.253    -.9008014    .2372307
   trend_493 |  -.3575402   .4225949    -0.85   0.398    -1.187555    .4724746
   trend_494 |  -.3805398   .1831546    -2.08   0.038    -.7402721   -.0208075
   trend_495 |  -.9839981    .456134    -2.16   0.031    -1.879887   -.0881094
   trend_496 |  -1.394962   .4196102    -3.32   0.001    -2.219114   -.5708093
   trend_497 |    -1.0721   .4365972    -2.46   0.014    -1.929617   -.2145835
   trend_498 |  -1.164706   .2723184    -4.28   0.000    -1.699564    -.629848
   trend_499 |  -1.100119   .1929076    -5.70   0.000    -1.479007   -.7212305
   trend_500 |  -.8372127   .4092155    -2.05   0.041    -1.640949   -.0334762
   trend_501 |  -.5400356   .2396731    -2.25   0.025    -1.010775   -.0692957
   trend_502 |  -1.636091   .5443683    -3.01   0.003     -2.70528    -.566902
   trend_503 |  -.4835057   .4415688    -1.09   0.274    -1.350787    .3837757
   trend_504 |   -.215661   .9193685    -0.23   0.815    -2.021384    1.590062
   trend_505 |   .1921275   .4067156     0.47   0.637    -.6066989     .990954
   trend_506 |   2.809205   .1899778    14.79   0.000     2.436071    3.182339
   trend_507 |   .4449207   .1860967     2.39   0.017     .0794098    .8104315
   trend_508 |   .6600444   .1796669     3.67   0.000     .3071623    1.012927
   trend_509 |  -.1430154   .1835385    -0.78   0.436    -.5035016    .2174708
   trend_510 |  -.0412828   .1796809    -0.23   0.818    -.3941925    .3116268
   trend_511 |   .4314508   .1930218     2.24   0.026     .0523385    .8105631
   trend_512 |   .6373501   .2011217     3.17   0.002     .2423287    1.032371
   trend_513 |    .244902   .1869197     1.31   0.191    -.1222252    .6120292
   trend_514 |  -.3011681   .1796845    -1.68   0.094    -.6540848    .0517485
   trend_515 |   .7700985   .1871738     4.11   0.000     .4024721    1.137725
   trend_516 |  -.5705836   .1994407    -2.86   0.004    -.9623033   -.1788639
   trend_517 |   .1551308   .1884658     0.82   0.411    -.2150332    .5252947
   trend_518 |   .4483301   .1802564     2.49   0.013     .0942901    .8023702
   trend_519 |   .2655859   .1791528     1.48   0.139    -.0862866    .6174584
   trend_520 |  -.0767681   .1814599    -0.42   0.672    -.4331718    .2796356
   trend_521 |   .8625642   .1905585     4.53   0.000     .4882899    1.236839
   trend_522 |   .3046272   .1906604     1.60   0.111    -.0698472    .6791015
   trend_523 |   .3605053   .1816012     1.99   0.048      .003824    .7171866
   trend_524 |   .9700647   .1806355     5.37   0.000     .6152802    1.324849
   trend_525 |   .0438259   .1808101     0.24   0.809    -.3113016    .3989535
   trend_526 |   .2021816   .1898228     1.07   0.287    -.1706477    .5750109
   trend_527 |   1.052072   .1837509     5.73   0.000     .6911686    1.412976
   trend_528 |  -.2035378   .1999045    -1.02   0.309    -.5961684    .1890928
   trend_529 |   .5775235   .2041061     2.83   0.005     .1766407    .9784064
   trend_530 |   1.041002   .1980346     5.26   0.000     .6520437     1.42996
   trend_531 |   1.286427   .2011482     6.40   0.000     .8913536      1.6815
   trend_532 |   .1790006   .1880107     0.95   0.341    -.1902695    .5482708
   trend_533 |   .1816443   .1867725     0.97   0.331    -.1851939    .5484825
   trend_534 |   .1239723   .1909453     0.65   0.516    -.2510616    .4990062
   trend_535 |  -.1079221   .1874139    -0.58   0.565    -.4760201    .2601759
   trend_536 |    .417567   .1917095     2.18   0.030      .041032     .794102
   trend_537 |   .1768448   .1912506     0.92   0.356    -.1987887    .5524784
   trend_538 |  -.1040121   .1788143    -0.58   0.561    -.4552196    .2471954
   trend_539 |  -.1396039   .1811261    -0.77   0.441    -.4953519    .2161442
   trend_540 |  -.1997648   .1953643    -1.02   0.307     -.583478    .1839485
   trend_541 |  -.1285657   .1813152    -0.71   0.479    -.4846854    .2275539
   trend_542 |   -.230671   .1793672    -1.29   0.199    -.5829644    .1216224
   trend_543 |   .8838834   .5815752     1.52   0.129    -.2583832     2.02615
   trend_544 |  -.1887673   .1996516    -0.95   0.345    -.5809013    .2033668
   trend_545 |  -.2510501   .1884691    -1.33   0.183    -.6212206    .1191204
   trend_546 |  -.2382039   .1895618    -1.26   0.209    -.6105207    .1341128
   trend_547 |  -1.168929   .2004927    -5.83   0.000    -1.562715   -.7751435
   trend_548 |  -.0913379   .1801162    -0.51   0.612    -.4451024    .2624266
   trend_549 |  -.0271205    .190459    -0.14   0.887    -.4011992    .3469583
   trend_550 |  -.2363928   .1928618    -1.23   0.221     -.615191    .1424053
   trend_551 |  -.6864931   .1887961    -3.64   0.000    -1.057306   -.3156803
   trend_552 |    .101233    .192954     0.52   0.600    -.2777463    .4802123
   trend_553 |    .036969   .2061929     0.18   0.858    -.3680126    .4419505
   trend_554 |  -.9827609   .1808088    -5.44   0.000    -1.337886    -.627636
   trend_555 |  -.3476777   .1808331    -1.92   0.055    -.7028503    .0074949
   trend_556 |  -.1274292   .1892702    -0.67   0.501    -.4991732    .2443147
   trend_557 |  -.0341451   .1814847    -0.19   0.851    -.3905976    .3223074
   trend_558 |  -.7290711   .1791661    -4.07   0.000     -1.08097   -.3771726
   trend_559 |   .0343798   .1863917     0.18   0.854    -.3317104      .40047
   trend_560 |   .4736599   .1936073     2.45   0.015     .0933976    .8539223
   trend_561 |   .5021064   .3020464     1.66   0.097    -.0911402    1.095353
   trend_562 |   .1709042   .0450836     3.79   0.000      .082356    .2594524
   trend_563 |   .5824131   .2710997     2.15   0.032     .0499485    1.114878
   trend_564 |   .6054397    .225951     2.68   0.008     .1616514    1.049228
   trend_565 |   .6022039    .064554     9.33   0.000     .4754139    .7289938
   trend_566 |   .6699185     .07247     9.24   0.000     .5275808    .8122561
   trend_567 |   .0459838   .3873293     0.12   0.906    -.7147662    .8067338
   trend_568 |   .1038715   .0510762     2.03   0.042     .0035531    .2041898
   trend_569 |    .040215   .1880403     0.21   0.831    -.3291132    .4095433
   trend_570 |   1.095212   .0966537    11.33   0.000     .9053748    1.285048
   trend_571 |   .4050724   .2232373     1.81   0.070     -.033386    .8435307
   trend_572 |    .954868   .0763359    12.51   0.000     .8049374    1.104799
   trend_573 |   .0759618   .0531127     1.43   0.153    -.0283564      .18028
   trend_574 |   .5146386   .0834673     6.17   0.000     .3507013    .6785759
   trend_575 |  -.0594836   .3045747    -0.20   0.845    -.6576961    .5387289
   trend_576 |   1.360237    .229568     5.93   0.000     .9093442    1.811129
   trend_577 |          0  (omitted)
MismoParti~G |   .0715464   .2133789     0.34   0.738    -.3475493     .490642
       _cons |    .145293   4.474909     0.03   0.974    -8.643837    8.934422
------------------------------------------------------------------------------
r; t=192.68 15:33:20

. areg prop Corrupt_15 grade_1 grade_2 Turn_* yy_* HOMI_CAP_MUN  total mis_tot 
> CorruptPast_15 Already Auditada P_* MismoPartidoG,  absorb(clavedelae) cluste
> r(clave_mun)
note: Turn_4 omitted because of collinearity.
note: yy_1 omitted because of collinearity.
note: yy_2 omitted because of collinearity.
note: yy_3 omitted because of collinearity.
note: yy_11 omitted because of collinearity.
note: P_82 omitted because of collinearity.
note: P_L_70 omitted because of collinearity.
note: P_L_73 omitted because of collinearity.

Linear regression, absorbing indicators            Number of obs     = 340,009
Absorbed variable: clavedelaescuela                No. of categories =  21,759
                                                   F(132, 576)       =       .
                                                   Prob > F          =       .
                                                   R-squared         =  0.2683
                                                   Adj R-squared     =  0.2179
                                                   Root MSE          = 11.0163

                            (Std. err. adjusted for 577 clusters in clave_mun)
------------------------------------------------------------------------------
             |               Robust
        prop | Coefficient  std. err.      t    P>|t|     [95% conf. interval]
-------------+----------------------------------------------------------------
  Corrupt_15 |   .4290706   .1692248     2.54   0.011     .0966977    .7614434
     grade_1 |  -2.638297   .1135548   -23.23   0.000    -2.861329   -2.415265
     grade_2 |  -.8625334   .0613014   -14.07   0.000     -.982935   -.7421319
      Turn_1 |   2.415307   3.606405     0.67   0.503       -4.668    9.498615
      Turn_2 |   1.250509   3.587488     0.35   0.728    -5.795644    8.296663
      Turn_3 |   .6898202   3.882697     0.18   0.859    -6.936151    8.315792
      Turn_4 |          0  (omitted)
        yy_1 |          0  (omitted)
        yy_2 |          0  (omitted)
        yy_3 |          0  (omitted)
        yy_4 |  -3.326712   .3348189    -9.94   0.000    -3.984327   -2.669098
        yy_5 |  -2.673159    .273324    -9.78   0.000    -3.209992   -2.136325
        yy_6 |    1.04999   .2862405     3.67   0.000     .4877876    1.612192
        yy_7 |  -.4225445   .2141769    -1.97   0.049    -.8432074   -.0018815
        yy_8 |    .237184   .1964077     1.21   0.228    -.1485786    .6229467
        yy_9 |  -.5920737   .1729287    -3.42   0.001    -.9317214   -.2524259
       yy_10 |   2.581985    .240393    10.74   0.000     2.109832    3.054139
       yy_11 |          0  (omitted)
HOMI_CAP_MUN |   -407.786   262.3645    -1.55   0.121    -923.0938    107.5219
       total |  -6.94e-10   2.33e-10    -2.98   0.003    -1.15e-09   -2.36e-10
     mis_tot |  -.3832866   .3100563    -1.24   0.217    -.9922655    .2256923
CorruptPa~15 |  -.2343562   .2126499    -1.10   0.271      -.65202    .1833076
AlreadyAud~d |  -.0709923   .1990194    -0.36   0.721    -.4618844    .3198999
    Auditada |  -.1229327   .1335972    -0.92   0.358    -.3853297    .1394643
         P_1 |   1.581877   1.408751     1.12   0.262    -1.185038    4.348793
         P_2 |  -.4197173   1.091125    -0.38   0.701    -2.562786    1.723351
         P_3 |   2.622608   1.330924     1.97   0.049     .0085515    5.236665
         P_4 |   .6701261    1.23841     0.54   0.589    -1.762224    3.102476
         P_5 |   1.536696   1.156029     1.33   0.184    -.7338495    3.807242
         P_6 |   .1255536    1.17231     0.11   0.915     -2.17697    2.428077
         P_7 |   2.918023   1.717006     1.70   0.090    -.4543323    6.290379
         P_8 |  -.4002835   1.420882    -0.28   0.778    -3.191026    2.390459
         P_9 |   1.807661   1.141843     1.58   0.114    -.4350227    4.050345
        P_10 |  -2.015336   1.197089    -1.68   0.093    -4.366528    .3358546
        P_11 |  -.8883943   1.550929    -0.57   0.567     -3.93456    2.157772
        P_12 |   2.228536   1.555314     1.43   0.152    -.8262427    5.283314
        P_13 |  -2.745531   1.117777    -2.46   0.014    -4.940947   -.5501156
        P_14 |   .7207372   1.443404     0.50   0.618     -2.11424    3.555715
        P_15 |  -.5250202   1.094392    -0.48   0.632    -2.674506    1.624466
        P_16 |   1.233573   1.175741     1.05   0.295     -1.07569    3.542836
        P_17 |   -1.13399   1.125226    -1.01   0.314    -3.344037    1.076056
        P_18 |   5.942922   1.113142     5.34   0.000      3.75661    8.129235
        P_19 |   .1889227   1.095414     0.17   0.863    -1.962569    2.340415
        P_20 |    3.39294   1.213841     2.80   0.005     1.008845    5.777035
        P_21 |  -.4534271   1.145254    -0.40   0.692     -2.70281    1.795956
        P_22 |   .7856745    1.12467     0.70   0.485     -1.42328    2.994629
        P_23 |  -1.264037   1.155125    -1.09   0.274    -3.532808    1.004735
        P_24 |   .3053702   1.127169     0.27   0.787    -1.908492    2.519232
        P_25 |   1.523769   1.244039     1.22   0.221    -.9196373    3.967176
        P_26 |   .0920989    1.23281     0.07   0.940    -2.329251    2.513449
        P_27 |  -.3517082   1.112258    -0.32   0.752    -2.536283    1.832867
        P_28 |   .9608428   1.522042     0.63   0.528    -2.028587    3.950273
        P_29 |  -2.787238   1.248237    -2.23   0.026    -5.238889   -.3355878
        P_30 |   1.396037   1.147197     1.22   0.224    -.8571618    3.649236
        P_31 |   2.853771   1.400512     2.04   0.042      .103037    5.604505
        P_32 |   1.738162   1.217277     1.43   0.154      -.65268    4.129005
        P_33 |  -1.066942   1.180621    -0.90   0.367     -3.38579    1.251906
        P_34 |   .7711543   1.199686     0.64   0.521    -1.585138    3.127446
        P_35 |   .8046588   1.200829     0.67   0.503    -1.553878    3.163196
        P_36 |   .6787368   1.111972     0.61   0.542    -1.505277    2.862751
        P_37 |  -1.465941   1.425634    -1.03   0.304    -4.266016    1.334134
        P_38 |   2.414912   1.210766     1.99   0.047     .0368586    4.792966
        P_39 |   1.535294   1.143191     1.34   0.180    -.7100375    3.780626
        P_40 |   .1711257   1.267223     0.14   0.893    -2.317815    2.660066
        P_41 |   1.118212   1.156451     0.97   0.334    -1.153163    3.389588
        P_42 |   1.443262   1.099533     1.31   0.190    -.7163216    3.602846
        P_43 |   .5201409   1.893309     0.27   0.784     -3.19849    4.238772
        P_44 |  -4.017477   1.302324    -3.08   0.002     -6.57536   -1.459594
        P_45 |   .4052835   1.279817     0.32   0.752    -2.108394    2.918961
        P_46 |   3.488641    1.10047     3.17   0.002     1.327217    5.650064
        P_47 |   1.243246   1.179275     1.05   0.292    -1.072958    3.559449
        P_48 |   1.285665   1.300382     0.99   0.323    -1.268403    3.839733
        P_49 |   3.017493   1.153802     2.62   0.009     .7513201    5.283666
        P_50 |   4.154819   1.900624     2.19   0.029     .4218201    7.887818
        P_51 |  -1.252979   1.105656    -1.13   0.258    -3.424587    .9186295
        P_52 |   1.358879   1.449902     0.94   0.349    -1.488861    4.206619
        P_53 |   .1803762   1.135073     0.16   0.874     -2.04901    2.409762
        P_54 |  -2.299073   1.214434    -1.89   0.059    -4.684331    .0861851
        P_55 |  -1.717717   1.113416    -1.54   0.123    -3.904568    .4691337
        P_56 |  -.8724599   2.216923    -0.39   0.694    -5.226699     3.48178
        P_57 |   2.843977   1.067844     2.66   0.008     .7466335     4.94132
        P_58 |   .4415035   1.113848     0.40   0.692    -1.746194    2.629201
        P_59 |  -1.768887    1.53742    -1.15   0.250    -4.788519    1.250746
        P_60 |    .092833   1.129811     0.08   0.935    -2.126218    2.311884
        P_61 |  -.6536403   1.125481    -0.58   0.562    -2.864188    1.556908
        P_62 |   .4797894   1.097871     0.44   0.662    -1.676529    2.636107
        P_63 |  -1.639419   1.330274    -1.23   0.218    -4.252198    .9733593
        P_64 |   1.516903   1.231073     1.23   0.218    -.9010367    3.934843
        P_65 |  -.4772863   1.658881    -0.29   0.774     -3.73548    2.780907
        P_66 |  -.0096709   1.066142    -0.01   0.993    -2.103671    2.084329
        P_67 |   .6599608   1.099245     0.60   0.548    -1.499055    2.818977
        P_68 |  -.1977591   1.153013    -0.17   0.864    -2.462381    2.066863
        P_69 |  -.4969463     1.2455    -0.40   0.690    -2.943221    1.949329
        P_70 |   8.582973   6.176416     1.39   0.165    -3.548071    20.71402
        P_71 |   2.424283   1.450787     1.67   0.095    -.4251942     5.27376
        P_72 |   1.625512   1.324453     1.23   0.220     -.975834    4.226859
        P_73 |   -.927201   1.086347    -0.85   0.394    -3.060886    1.206484
        P_74 |   2.919823   1.328276     2.20   0.028     .3109684    5.528677
        P_75 |  -2.356301   1.528658    -1.54   0.124    -5.358725     .646123
        P_76 |  -1.283625   1.474558    -0.87   0.384     -4.17979     1.61254
        P_77 |   2.101621   1.464322     1.44   0.152    -.7744402    4.977682
        P_78 |   3.091688    1.45854     2.12   0.034     .2269817    5.956394
        P_79 |  -11.64438    1.00259   -11.61   0.000    -13.61356   -9.675202
        P_80 |   1.318251   1.184152     1.11   0.266    -1.007532    3.644034
        P_81 |  -2.506175   1.374128    -1.82   0.069    -5.205087    .1927365
        P_82 |          0  (omitted)
       P_L_1 |   .5505724   1.338678     0.41   0.681    -2.078714    3.179859
       P_L_2 |  -1.488839   1.091181    -1.36   0.173    -3.632018    .6543392
       P_L_3 |  -.8469792   1.208047    -0.70   0.484    -3.219693    1.525734
       P_L_4 |   -.598543   1.297815    -0.46   0.645    -3.147569    1.950483
       P_L_5 |  -1.715732   1.105489    -1.55   0.121    -3.887014    .4555495
       P_L_6 |  -.3336792   1.168677    -0.29   0.775    -2.629068    1.961709
       P_L_7 |   -2.02574   1.294906    -1.56   0.118    -4.569053    .5175733
       P_L_8 |  -.5003145   1.136073    -0.44   0.660    -2.731665    1.731036
       P_L_9 |  -1.970335   1.176136    -1.68   0.094    -4.280373    .3397036
      P_L_10 |  -1.434637   1.343849    -1.07   0.286    -4.074078    1.204804
      P_L_11 |  -1.024044   1.258062    -0.81   0.416    -3.494993    1.446905
      P_L_12 |  -.8157897   1.116983    -0.73   0.465    -3.009646    1.378067
      P_L_13 |   3.326404   1.085409     3.06   0.002     1.194562    5.458245
      P_L_14 |  -1.391235    1.26597    -1.10   0.272    -3.877715    1.095245
      P_L_15 |  -1.560267   1.147302    -1.36   0.174    -3.813673    .6931395
      P_L_16 |  -3.095284   1.201278    -2.58   0.010    -5.454703   -.7358658
      P_L_17 |   .6173363   1.196985     0.52   0.606    -1.733652    2.968324
      P_L_18 |   .3028687   1.092596     0.28   0.782    -1.843088    2.448826
      P_L_19 |  -2.895403   1.350803    -2.14   0.032    -5.548503   -.2423036
      P_L_20 |  -2.164155   1.113983    -1.94   0.053    -4.352118    .0238084
      P_L_21 |  -1.017666   1.129095    -0.90   0.368    -3.235311     1.19998
      P_L_22 |   -.328145   1.135595    -0.29   0.773    -2.558556    1.902266
      P_L_23 |  -.1111352   1.089023    -0.10   0.919    -2.250076    2.027806
      P_L_24 |   .2427217   1.145624     0.21   0.832    -2.007389    2.492832
      P_L_25 |  -1.282414   1.178352    -1.09   0.277    -3.596805    1.031977
      P_L_26 |  -1.127994   1.192814    -0.95   0.345    -3.470788    1.214801
      P_L_27 |  -3.003245   1.289466    -2.33   0.020    -5.535873   -.4706168
      P_L_28 |  -.7672938   1.126912    -0.68   0.496    -2.980652    1.446064
      P_L_29 |   .7044351   1.630533     0.43   0.666     -2.49808     3.90695
      P_L_30 |  -.2631742   1.149821    -0.23   0.819    -2.521528    1.995179
      P_L_31 |  -.4960725   1.127174    -0.44   0.660    -2.709944    1.717799
      P_L_32 |   2.454354   1.383186     1.77   0.077    -.2623481    5.171057
      P_L_33 |   -1.11477   1.153512    -0.97   0.334    -3.380373    1.150833
      P_L_34 |   -.771822    1.11499    -0.69   0.489    -2.961764    1.418121
      P_L_35 |    3.87789   4.940274     0.78   0.433    -5.825258    13.58104
      P_L_36 |  -2.123758   1.144241    -1.86   0.064    -4.371152    .1236359
      P_L_37 |  -.8941326   1.132168    -0.79   0.430    -3.117814    1.329549
      P_L_38 |  -1.185601   1.129095    -1.05   0.294    -3.403246    1.032044
      P_L_39 |  -3.312947   2.172532    -1.52   0.128    -7.579997    .9541027
      P_L_40 |   3.578157   1.187327     3.01   0.003     1.246138    5.910176
      P_L_41 |   3.167013   1.202145     2.63   0.009     .8058903    5.528137
      P_L_42 |  -.8581374   1.118584    -0.77   0.443    -3.055139    1.338864
      P_L_43 |   1.724271     1.1325     1.52   0.128    -.5000612    3.948603
      P_L_44 |   .8416833   1.236094     0.68   0.496    -1.586118    3.269485
      P_L_45 |  -2.350118   1.109577    -2.12   0.035    -4.529427   -.1708088
      P_L_46 |  -1.054371   1.106839    -0.95   0.341    -3.228304    1.119562
      P_L_47 |  -1.580494   1.205735    -1.31   0.190    -3.948668    .7876797
      P_L_48 |   2.054098   1.664145     1.23   0.218    -1.214435    5.322631
      P_L_49 |   .0335872    1.28788     0.03   0.979    -2.495926      2.5631
      P_L_50 |  -.2668651   1.314369    -0.20   0.839    -2.848405    2.314675
      P_L_51 |   2.629257   1.088296     2.42   0.016     .4917438     4.76677
      P_L_52 |  -.1611094   1.078924    -0.15   0.881    -2.280213    1.957995
      P_L_53 |  -.7968624   1.477164    -0.54   0.590    -3.698147    2.104423
      P_L_54 |   .7619534   1.391977     0.55   0.584    -1.972016    3.495923
      P_L_55 |  -.8370512    1.21073    -0.69   0.490    -3.215036    1.540933
      P_L_56 |  -.7631509   1.061953    -0.72   0.473    -2.848923    1.322622
      P_L_57 |  -.3888879   1.072282    -0.36   0.717    -2.494947    1.717171
      P_L_58 |  -1.332741   1.127923    -1.18   0.238    -3.548084    .8826019
      P_L_59 |  -.0250906   1.118715    -0.02   0.982    -2.222348    2.172167
      P_L_60 |  -1.299211   1.189663    -1.09   0.275    -3.635818    1.037396
      P_L_61 |  -2.613347   1.238382    -2.11   0.035    -5.045641   -.1810527
      P_L_62 |  -.7947361   1.105094    -0.72   0.472    -2.965241    1.375769
      P_L_63 |  -.0176489   1.495371    -0.01   0.991    -2.954694    2.919397
      P_L_64 |   .4250635   1.132029     0.38   0.707    -1.798345    2.648472
      P_L_65 |  -3.257519   1.136966    -2.87   0.004    -5.490624   -1.024415
      P_L_66 |  -.7300992   1.287169    -0.57   0.571    -3.258216    1.798018
      P_L_67 |   -.918485   1.334303    -0.69   0.492    -3.539178    1.702208
      P_L_68 |   1.507776   1.179184     1.28   0.202     -.808248    3.823801
      P_L_69 |   -2.67516    1.30524    -2.05   0.041     -5.23877   -.1115502
      P_L_70 |          0  (omitted)
      P_L_71 |  -.8109666   1.098734    -0.74   0.461    -2.968981    1.347048
      P_L_72 |  -1.078257   1.266731    -0.85   0.395    -3.566232    1.409719
      P_L_73 |          0  (omitted)
MismoParti~G |   .2892005   .1599769     1.81   0.071    -.0250088    .6034098
       _cons |   3.740321   3.876474     0.96   0.335    -3.873427    11.35407
------------------------------------------------------------------------------
r; t=27.68 15:33:48

. areg prop Corrupt_15 Turn_* yy_* HOMI_CAP_MUN  total mis_tot CorruptPast_15 A
> lready Auditada P_* MismoPartidoG,  absorb(clavedelae) cluster(clave_mun)
note: Turn_4 omitted because of collinearity.
note: yy_1 omitted because of collinearity.
note: yy_2 omitted because of collinearity.
note: yy_3 omitted because of collinearity.
note: yy_11 omitted because of collinearity.
note: P_82 omitted because of collinearity.
note: P_L_70 omitted because of collinearity.
note: P_L_73 omitted because of collinearity.

Linear regression, absorbing indicators            Number of obs     = 340,009
Absorbed variable: clavedelaescuela                No. of categories =  21,759
                                                   F(130, 576)       =       .
                                                   Prob > F          =       .
                                                   R-squared         =  0.2618
                                                   Adj R-squared     =  0.2109
                                                   Root MSE          = 11.0656

                            (Std. err. adjusted for 577 clusters in clave_mun)
------------------------------------------------------------------------------
             |               Robust
        prop | Coefficient  std. err.      t    P>|t|     [95% conf. interval]
-------------+----------------------------------------------------------------
  Corrupt_15 |   .4299089   .1693433     2.54   0.011     .0973032    .7625145
      Turn_1 |   2.495249   3.638509     0.69   0.493    -4.651113    9.641612
      Turn_2 |   1.320491   3.619849     0.36   0.715    -5.789221    8.430203
      Turn_3 |   .7462156   3.909911     0.19   0.849    -6.933205    8.425636
      Turn_4 |          0  (omitted)
        yy_1 |          0  (omitted)
        yy_2 |          0  (omitted)
        yy_3 |          0  (omitted)
        yy_4 |  -2.171826    .321805    -6.75   0.000    -2.803881   -1.539772
        yy_5 |  -1.519399   .2675477    -5.68   0.000    -2.044887   -.9939105
        yy_6 |   2.203389   .2968098     7.42   0.000     1.620428    2.786351
        yy_7 |  -.4322453   .2140038    -2.02   0.044    -.8525683   -.0119224
        yy_8 |   .2184749   .1964543     1.11   0.267    -.1673791     .604329
        yy_9 |   -.606096   .1729362    -3.50   0.000    -.9457585   -.2664334
       yy_10 |   2.571321   .2402871    10.70   0.000     2.099376    3.043267
       yy_11 |          0  (omitted)
HOMI_CAP_MUN |  -404.4027    262.182    -1.54   0.124    -919.3521    110.5467
       total |  -6.95e-10   2.33e-10    -2.98   0.003    -1.15e-09   -2.37e-10
     mis_tot |  -.3764178   .3099366    -1.21   0.225    -.9851614    .2323258
CorruptPa~15 |  -.2318731   .2125726    -1.09   0.276    -.6493849    .1856388
AlreadyAud~d |  -.0706952   .1988732    -0.36   0.722    -.4613002    .3199098
    Auditada |  -.1215431   .1337889    -0.91   0.364    -.3843168    .1412305
         P_1 |   1.580352   1.414151     1.12   0.264    -1.197169    4.357872
         P_2 |  -.4301345   1.095652    -0.39   0.695    -2.582094    1.721825
         P_3 |   2.620986   1.333846     1.96   0.050     .0011908    5.240782
         P_4 |   .6596814   1.243316     0.53   0.596    -1.782304    3.101667
         P_5 |   1.531928   1.160454     1.32   0.187    -.7473096    3.811166
         P_6 |   .1147559   1.176332     0.10   0.922    -2.195668    2.425179
         P_7 |   2.912837    1.72342     1.69   0.092    -.4721168    6.297792
         P_8 |  -.4099802   1.423755    -0.29   0.773    -3.206364    2.386404
         P_9 |   1.799618   1.145951     1.57   0.117    -.4511338    4.050371
        P_10 |  -2.071628   1.201758    -1.72   0.085    -4.431991    .2887346
        P_11 |   -.915703   1.552816    -0.59   0.556    -3.965574    2.134168
        P_12 |   2.215178   1.559656     1.42   0.156    -.8481281    5.278484
        P_13 |  -2.756449    1.12157    -2.46   0.014    -4.959314    -.553584
        P_14 |   .7085931   1.447786     0.49   0.625     -2.13499    3.552176
        P_15 |  -.5247397   1.098991    -0.48   0.633    -2.683258    1.633778
        P_16 |   1.204261   1.181076     1.02   0.308     -1.11548    3.524002
        P_17 |  -1.128553   1.130063    -1.00   0.318      -3.3481    1.090995
        P_18 |   5.886387   1.116128     5.27   0.000     3.694211    8.078563
        P_19 |   .1863192   1.099778     0.17   0.866    -1.973745    2.346383
        P_20 |   3.374512    1.21935     2.77   0.006     .9795974    5.769426
        P_21 |  -.4573746   1.149651    -0.40   0.691    -2.715393    1.800644
        P_22 |   .7724257   1.128884     0.68   0.494    -1.444805    2.989656
        P_23 |  -1.268101    1.16109    -1.09   0.275    -3.548588    1.012386
        P_24 |   .3092517   1.131364     0.27   0.785     -1.91285    2.531353
        P_25 |   1.490925   1.247719     1.19   0.233    -.9597091    3.941559
        P_26 |    .076073   1.237739     0.06   0.951     -2.35496    2.507106
        P_27 |  -.3569099    1.11677    -0.32   0.749    -2.550349    1.836529
        P_28 |   .9640944   1.524965     0.63   0.528    -2.031076    3.959265
        P_29 |  -2.794909   1.251657    -2.23   0.026    -5.253277   -.3365409
        P_30 |    1.39269   1.151414     1.21   0.227    -.8687927    3.654172
        P_31 |   2.873728   1.398064     2.06   0.040     .1278038    5.619652
        P_32 |    1.73569   1.220804     1.42   0.156    -.6620808     4.13346
        P_33 |  -1.050409   1.185257    -0.89   0.376    -3.378362    1.277545
        P_34 |   .7743614   1.203579     0.64   0.520    -1.589576    3.138299
        P_35 |   .7924259   1.205543     0.66   0.511    -1.575369    3.160221
        P_36 |   .6673434   1.116904     0.60   0.550    -1.526358    2.861045
        P_37 |  -1.470528   1.426369    -1.03   0.303    -4.272046    1.330991
        P_38 |   2.430581   1.213635     2.00   0.046     .0468911    4.814271
        P_39 |    1.53158   1.147468     1.33   0.182     -.722152    3.785312
        P_40 |   .1761795   1.270386     0.14   0.890    -2.318975    2.671334
        P_41 |   1.117088   1.160644     0.96   0.336    -1.162523    3.396698
        P_42 |   1.404202   1.103888     1.27   0.204    -.7639349    3.572339
        P_43 |   .5196606   1.908158     0.27   0.785    -3.228135    4.267456
        P_44 |  -3.908931   1.306081    -2.99   0.003    -6.474192   -1.343669
        P_45 |   .3878004   1.283673     0.30   0.763    -2.133449     2.90905
        P_46 |   3.469848   1.104838     3.14   0.002     1.299845     5.63985
        P_47 |   1.250861   1.183989     1.06   0.291    -1.074602    3.576324
        P_48 |    1.29889   1.302583     1.00   0.319    -1.259501    3.857282
        P_49 |   2.985947   1.157933     2.58   0.010     .7116622    5.260232
        P_50 |   4.171187   1.903662     2.19   0.029     .4322221    7.910152
        P_51 |  -1.244742   1.110115    -1.12   0.263    -3.425109    .9356241
        P_52 |   1.353235   1.452105     0.93   0.352    -1.498832    4.205302
        P_53 |    .181344   1.139531     0.16   0.874    -2.056798    2.419486
        P_54 |  -2.297392   1.214387    -1.89   0.059     -4.68256    .0877749
        P_55 |  -1.735711   1.117869    -1.55   0.121    -3.931308    .4598851
        P_56 |   -.891115   2.221929    -0.40   0.689    -5.255185    3.472955
        P_57 |   2.815075   1.072154     2.63   0.009     .7092669    4.920883
        P_58 |   .4402884   1.117955     0.39   0.694    -1.755477    2.636054
        P_59 |   -1.78689   1.535088    -1.16   0.245    -4.801943    1.228163
        P_60 |   .0812939   1.134374     0.07   0.943     -2.14672    2.309307
        P_61 |  -.6594822   1.129787    -0.58   0.560    -2.878486    1.559522
        P_62 |   .4769499   1.102382     0.43   0.665    -1.688229    2.642129
        P_63 |  -1.671858   1.333401    -1.25   0.210    -4.290778    .9470623
        P_64 |   1.514459   1.236415     1.22   0.221    -.9139721     3.94289
        P_65 |  -.4925093   1.662409    -0.30   0.767    -3.757633    2.772614
        P_66 |  -.0137675   1.070518    -0.01   0.990    -2.116362    2.088827
        P_67 |   .6583267   1.103758     0.60   0.551    -1.509554    2.826208
        P_68 |  -.1975824   1.157155    -0.17   0.864    -2.470341    2.075176
        P_69 |  -.4928815    1.24944    -0.39   0.693    -2.946896    1.961133
        P_70 |   8.571751   6.168872     1.39   0.165    -3.544475    20.68798
        P_71 |   2.416121    1.45308     1.66   0.097    -.4378601    5.270102
        P_72 |   1.611742   1.327598     1.21   0.225    -.9957805    4.219264
        P_73 |   -.940223     1.0909    -0.86   0.389     -3.08285    1.202404
        P_74 |   2.863143   1.328948     2.15   0.032     .2529681    5.473318
        P_75 |  -2.382662   1.531624    -1.56   0.120     -5.39091    .6255868
        P_76 |  -1.293194   1.478112    -0.87   0.382    -4.196341    1.609953
        P_77 |    2.10072   1.467554     1.43   0.153    -.7816901     4.98313
        P_78 |   3.036439    1.46044     2.08   0.038     .1680011    5.904876
        P_79 |  -11.76165   1.005618   -11.70   0.000    -13.73677   -9.786523
        P_80 |   1.321406   1.187888     1.11   0.266    -1.011713    3.654526
        P_81 |  -2.515939     1.3791    -1.82   0.069    -5.224617    .1927398
        P_82 |          0  (omitted)
       P_L_1 |   .5509723   1.327287     0.42   0.678    -2.055939    3.157884
       P_L_2 |  -1.500777   1.076617    -1.39   0.164    -3.615352    .6137966
       P_L_3 |   -.853431   1.195637    -0.71   0.476    -3.201771    1.494909
       P_L_4 |  -.5840299    1.28178    -0.46   0.649    -3.101562    1.933503
       P_L_5 |  -1.685367   1.090899    -1.54   0.123    -3.827992    .4572578
       P_L_6 |  -.3292495   1.155704    -0.28   0.776    -2.599156    1.940657
       P_L_7 |  -2.006439    1.28233    -1.56   0.118    -4.525052    .5121731
       P_L_8 |  -.4930875   1.121958    -0.44   0.660    -2.696716    1.710541
       P_L_9 |  -1.970851   1.162762    -1.69   0.091    -4.254622    .3129201
      P_L_10 |  -1.426593   1.332158    -1.07   0.285    -4.043074    1.189887
      P_L_11 |  -1.023649   1.245148    -0.82   0.411    -3.469233    1.421935
      P_L_12 |  -.8024663   1.101629    -0.73   0.467    -2.966165    1.361232
      P_L_13 |   3.326182   1.071074     3.11   0.002     1.222495    5.429869
      P_L_14 |  -1.398889   1.254215    -1.12   0.265    -3.862282    1.064504
      P_L_15 |  -1.602125   1.133175    -1.41   0.158    -3.827784    .6235347
      P_L_16 |  -3.097429   1.188608    -2.61   0.009    -5.431963   -.7628947
      P_L_17 |   .6026197    1.18384     0.51   0.611    -1.722551     2.92779
      P_L_18 |   .2975019   1.077978     0.28   0.783    -1.819746     2.41475
      P_L_19 |  -2.898728   1.338722    -2.17   0.031    -5.528099   -.2693569
      P_L_20 |  -2.169044   1.099696    -1.97   0.049    -4.328947   -.0091413
      P_L_21 |  -1.005629   1.114476    -0.90   0.367    -3.194562    1.183304
      P_L_22 |  -.3213512    1.12177    -0.29   0.775     -2.52461    1.881907
      P_L_23 |   -.114478   1.074134    -0.11   0.915    -2.224176     1.99522
      P_L_24 |    .250482   1.132183     0.22   0.825    -1.973228    2.474192
      P_L_25 |  -1.263997   1.164587    -1.09   0.278    -3.551353    1.023358
      P_L_26 |  -1.132244   1.178215    -0.96   0.337    -3.446365    1.181877
      P_L_27 |  -2.964005   1.278148    -2.32   0.021    -5.474404    -.453607
      P_L_28 |  -.7547526   1.112753    -0.68   0.498    -2.940301    1.430795
      P_L_29 |   .7050873   1.618458     0.44   0.663    -2.473711    3.883885
      P_L_30 |  -.2595283   1.135601    -0.23   0.819    -2.489952    1.970896
      P_L_31 |  -.4842709   1.113096    -0.44   0.664    -2.670493    1.701951
      P_L_32 |   2.483985   1.372698     1.81   0.071    -.2121195     5.18009
      P_L_33 |  -1.093852    1.14006    -0.96   0.338    -3.333033    1.145329
      P_L_34 |  -.7635126   1.100621    -0.69   0.488    -2.925232    1.398207
      P_L_35 |   3.822607   4.995155     0.77   0.444    -5.988332    13.63355
      P_L_36 |  -2.132178   1.130822    -1.89   0.060    -4.353216    .0888601
      P_L_37 |  -.8844135   1.118365    -0.79   0.429    -3.080984    1.312157
      P_L_38 |  -1.136321   1.113917    -1.02   0.308    -3.324156    1.051513
      P_L_39 |  -3.340634   2.178505    -1.53   0.126    -7.619417    .9381488
      P_L_40 |   3.477577   1.173321     2.96   0.003     1.173067    5.782087
      P_L_41 |   3.222555   1.187967     2.71   0.007     .8892798     5.55583
      P_L_42 |  -.8002623    1.10336    -0.73   0.469    -2.967361    1.366836
      P_L_43 |   1.741447    1.11778     1.56   0.120     -.453976    3.936869
      P_L_44 |   .8264125   1.223083     0.68   0.500    -1.575834    3.228659
      P_L_45 |   -2.34594     1.0953    -2.14   0.033    -4.497209   -.1946715
      P_L_46 |  -1.052147   1.092566    -0.96   0.336    -3.198046    1.093752
      P_L_47 |  -1.584972   1.192406    -1.33   0.184    -3.926967    .7570222
      P_L_48 |   2.086329    1.65991     1.26   0.209    -1.173885    5.346544
      P_L_49 |   .0345749   1.275344     0.03   0.978    -2.470316    2.539466
      P_L_50 |   -.266467   1.299459    -0.21   0.838    -2.818722    2.285788
      P_L_51 |   2.632854   1.073621     2.45   0.014     .5241645    4.741543
      P_L_52 |  -.1617043   1.064155    -0.15   0.879    -2.251802    1.928394
      P_L_53 |  -.8087809   1.464444    -0.55   0.581    -3.685083    2.067521
      P_L_54 |   .7936141   1.380474     0.57   0.566    -1.917762     3.50499
      P_L_55 |   -.815802    1.19626    -0.68   0.496    -3.165365    1.533761
      P_L_56 |  -.7522012   1.046854    -0.72   0.473    -2.808319    1.303916
      P_L_57 |  -.3872716   1.057449    -0.37   0.714    -2.464198    1.689654
      P_L_58 |    -1.3375   1.112736    -1.20   0.230    -3.523015    .8480148
      P_L_59 |  -.0200382   1.104304    -0.02   0.986    -2.188992    2.148916
      P_L_60 |  -1.277981   1.176614    -1.09   0.278    -3.588958    1.032996
      P_L_61 |  -2.646394    1.22838    -2.15   0.032    -5.059044   -.2337428
      P_L_62 |    -.79078   1.090843    -0.72   0.469    -2.933296    1.351736
      P_L_63 |  -.0121909   1.485253    -0.01   0.993    -2.929363    2.904982
      P_L_64 |   .4368293   1.117971     0.39   0.696    -1.758968    2.632626
      P_L_65 |  -3.236258   1.123062    -2.88   0.004    -5.442054   -1.030462
      P_L_66 |  -.7188317    1.27458    -0.56   0.573    -3.222223     1.78456
      P_L_67 |  -.9241165   1.321713    -0.70   0.485    -3.520081    1.671848
      P_L_68 |   1.507642   1.165989     1.29   0.197     -.782467     3.79775
      P_L_69 |  -2.727012   1.293592    -2.11   0.035    -5.267743   -.1862801
      P_L_70 |          0  (omitted)
      P_L_71 |  -.7941618   1.084882    -0.73   0.464     -2.92497    1.336646
      P_L_72 |  -1.051233   1.254049    -0.84   0.402      -3.5143    1.411833
      P_L_73 |          0  (omitted)
MismoParti~G |   .2892761   .1599965     1.81   0.071    -.0249715    .6035237
       _cons |   2.497862   3.913268     0.64   0.524    -5.188153    10.18388
------------------------------------------------------------------------------
r; t=27.39 15:34:15

. *areg prop Corrupt_15 Turn_* yy_*  Auditada P_*,  absorb(clavedelae) cluster(
> clave_mun)
. areg prop Corrupt_15 Turn_* yy_*  Auditada,  absorb(clavedelae) cluster(clave
> _mun)
note: Turn_4 omitted because of collinearity.
note: yy_1 omitted because of collinearity.
note: yy_2 omitted because of collinearity.
note: yy_3 omitted because of collinearity.
note: yy_11 omitted because of collinearity.

Linear regression, absorbing indicators            Number of obs     = 340,009
Absorbed variable: clavedelaescuela                No. of categories =  21,759
                                                   F(12, 576)        =   39.57
                                                   Prob > F          =  0.0000
                                                   R-squared         =  0.2573
                                                   Adj R-squared     =  0.2065
                                                   Root MSE          = 11.0963

                            (Std. err. adjusted for 577 clusters in clave_mun)
------------------------------------------------------------------------------
             |               Robust
        prop | Coefficient  std. err.      t    P>|t|     [95% conf. interval]
-------------+----------------------------------------------------------------
  Corrupt_15 |   .4782044   .1710737     2.80   0.005        .1422    .8142087
      Turn_1 |   3.106839   3.677906     0.84   0.399    -4.116903    10.33058
      Turn_2 |   1.923502   3.657089     0.53   0.599    -5.259354    9.106357
      Turn_3 |   1.391352   3.930872     0.35   0.724    -6.329238    9.111942
      Turn_4 |          0  (omitted)
        yy_1 |          0  (omitted)
        yy_2 |          0  (omitted)
        yy_3 |          0  (omitted)
        yy_4 |  -1.103486   .2155582    -5.12   0.000    -1.526862   -.6801101
        yy_5 |  -.6927267   .1770289    -3.91   0.000    -1.040428   -.3450258
        yy_6 |   2.905079   .2481821    11.71   0.000     2.417626    3.392531
        yy_7 |    .280588   .1236319     2.27   0.024     .0377637    .5234122
        yy_8 |   .7778649   .1186301     6.56   0.000     .5448647    1.010865
        yy_9 |  -.3018341   .0878844    -3.43   0.001    -.4744471   -.1292211
       yy_10 |    2.43487   .2007702    12.13   0.000     2.040539    2.829201
       yy_11 |          0  (omitted)
    Auditada |  -.1742744   .1289418    -1.35   0.177    -.4275279    .0789791
       _cons |   .5238861   3.678733     0.14   0.887    -6.701481    7.749253
------------------------------------------------------------------------------
r; t=4.57 15:34:20

. 
. areg prop Corrupt_25 grade_1 grade_2 Turn_* yy_* HOMI_CAP_MUN  total mis_tot 
> P_* CorruptPast_25 Already Auditada trend* MismoPartidoG,  absorb(clavedelae)
>  cluster(clave_mun)
note: Turn_4 omitted because of collinearity.
note: yy_1 omitted because of collinearity.
note: yy_2 omitted because of collinearity.
note: yy_3 omitted because of collinearity.
note: yy_11 omitted because of collinearity.
note: P_82 omitted because of collinearity.
note: P_L_70 omitted because of collinearity.
note: P_L_73 omitted because of collinearity.
note: trend_577 omitted because of collinearity.
note: trend_257 omitted because of collinearity
note: trend_345 omitted because of collinearity

Linear regression, absorbing indicators            Number of obs     = 340,009
Absorbed variable: clavedelaescuela                No. of categories =  21,759
                                                   F(168, 576)       =       .
                                                   Prob > F          =       .
                                                   R-squared         =  0.2759
                                                   Adj R-squared     =  0.2246
                                                   Root MSE          = 10.9691

                            (Std. err. adjusted for 577 clusters in clave_mun)
------------------------------------------------------------------------------
             |               Robust
        prop | Coefficient  std. err.      t    P>|t|     [95% conf. interval]
-------------+----------------------------------------------------------------
  Corrupt_25 |   .4373006   .1796998     2.43   0.015     .0843538    .7902474
     grade_1 |  -2.637897   .1136441   -23.21   0.000    -2.861105    -2.41469
     grade_2 |  -.8617322   .0613817   -14.04   0.000    -.9822915   -.7411729
      Turn_1 |   1.253959   4.158106     0.30   0.763    -6.912939    9.420856
      Turn_2 |   .0947785   4.139467     0.02   0.982    -8.035512    8.225069
      Turn_3 |  -.3011266   4.278582    -0.07   0.944    -8.704651    8.102397
      Turn_4 |          0  (omitted)
        yy_1 |          0  (omitted)
        yy_2 |          0  (omitted)
        yy_3 |          0  (omitted)
        yy_4 |  -1.140959   1.281016    -0.89   0.373    -3.656992    1.375074
        yy_5 |  -.7617348   1.106251    -0.69   0.491    -2.934513    1.411043
        yy_6 |   2.565704     .96906     2.65   0.008     .6623818    4.469026
        yy_7 |   .7768033   .7717024     1.01   0.315    -.7388904    2.292497
        yy_8 |   1.184319   .6161856     1.92   0.055    -.0259252    2.394564
        yy_9 |  -.0565277   .4142076    -0.14   0.891    -.8700691    .7570136
       yy_10 |   2.965801   .3508804     8.45   0.000      2.27664    3.654963
       yy_11 |          0  (omitted)
HOMI_CAP_MUN |  -81.28505   200.4058    -0.41   0.685    -474.9003    312.3302
       total |  -1.75e-10   1.66e-10    -1.06   0.290    -5.01e-10    1.50e-10
     mis_tot |   -.521953   .4594633    -1.14   0.256    -1.424381    .3804747
         P_1 |   3.630585   1.495195     2.43   0.015     .6938861    6.567283
         P_2 |    .669872   1.110937     0.60   0.547     -1.51211    2.851854
         P_3 |    3.97312   1.316603     3.02   0.003     1.387191    6.559049
         P_4 |   1.895375   1.576915     1.20   0.230     -1.20183    4.992581
         P_5 |   3.247087   1.163148     2.79   0.005     .9625579    5.531615
         P_6 |   1.758099   1.120111     1.57   0.117    -.4419014      3.9581
         P_7 |   5.068376   1.298622     3.90   0.000     2.517764    7.618988
         P_8 |   1.516926   1.164629     1.30   0.193    -.7705118    3.804364
         P_9 |   3.067137   1.138768     2.69   0.007     .8304932    5.303782
        P_10 |   2.220963   1.305899     1.70   0.090    -.3439412    4.785868
        P_11 |  -.4783573   1.474885    -0.32   0.746    -3.375167    2.418452
        P_12 |   .5584846   1.650412     0.34   0.735    -2.683074    3.800044
        P_13 |   2.764518   1.207148     2.29   0.022     .3935694    5.135467
        P_14 |   2.556681   1.435016     1.78   0.075    -.2618212    5.375183
        P_15 |   1.495133   1.122135     1.33   0.183    -.7088424    3.699109
        P_16 |   2.221644   1.198891     1.85   0.064    -.1330877    4.576376
        P_17 |   1.449504   1.309456     1.11   0.269    -1.122387    4.021395
        P_18 |  -10.55304   1.724103    -6.12   0.000    -13.93933   -7.166746
        P_19 |   1.581949   1.124924     1.41   0.160    -.6275053    3.791403
        P_20 |   3.953514   1.237948     3.19   0.001     1.522072    6.384956
        P_21 |   1.381202   1.124628     1.23   0.220    -.8276694    3.590073
        P_22 |   1.552597   1.134484     1.37   0.172    -.6756319    3.780827
        P_23 |   2.447049   1.202241     2.04   0.042     .0857384     4.80836
        P_24 |   3.738323   1.193058     3.13   0.002     1.395048    6.081598
        P_25 |   3.462198   1.290355     2.68   0.008     .9278225    5.996573
        P_26 |   2.252495   1.191241     1.89   0.059    -.0872101      4.5922
        P_27 |   1.802375   1.127295     1.60   0.110    -.4117351    4.016485
        P_28 |   1.763737   1.211165     1.46   0.146    -.6151013    4.142576
        P_29 |   1.033833   1.214701     0.85   0.395    -1.351952    3.419617
        P_30 |   3.444397   1.220698     2.82   0.005     1.046835    5.841959
        P_31 |   2.566717   1.329583     1.93   0.054     -.044704    5.178138
        P_32 |   4.560596   1.204635     3.79   0.000     2.194584    6.926609
        P_33 |  -.0435049   1.214453    -0.04   0.971    -2.428801    2.341792
        P_34 |   2.657737   1.375551     1.93   0.054    -.0439706    5.359444
        P_35 |    3.62009   1.281765     2.82   0.005     1.102587    6.137593
        P_36 |     3.1609   1.142583     2.77   0.006     .9167635    5.405037
        P_37 |     2.0453   1.364364     1.50   0.134    -.6344342    4.725035
        P_38 |    3.89691   1.208188     3.23   0.001     1.523918    6.269902
        P_39 |   3.442808   1.196728     2.88   0.004     1.092326    5.793291
        P_40 |   3.284334   1.177157     2.79   0.005     .9722904    5.596377
        P_41 |    2.47605   1.139432     2.17   0.030     .2381026    4.713997
        P_42 |  -6.500379   1.360479    -4.78   0.000    -9.172485   -3.828274
        P_43 |   2.027766   1.322134     1.53   0.126    -.5690249    4.624558
        P_44 |  -1.281535   1.227642    -1.04   0.297    -3.692734    1.129665
        P_45 |   1.995559   1.225923     1.63   0.104     -.412266    4.403385
        P_46 |  -5.849074   1.396189    -4.19   0.000    -8.591315   -3.106833
        P_47 |   2.219768   1.278106     1.74   0.083     -.290548    4.730085
        P_48 |   2.959266   1.249335     2.37   0.018     .5054593    5.413073
        P_49 |  -.8169745   1.175007    -0.70   0.487    -3.124795    1.490846
        P_50 |   3.925429   1.374768     2.86   0.004      1.22526    6.625599
        P_51 |   1.172854   1.118345     1.05   0.295    -1.023677    3.369386
        P_52 |   2.648342   1.413884     1.87   0.062    -.1286544    5.425338
        P_53 |   1.410472   1.256204     1.12   0.262    -1.056827    3.877772
        P_54 |   .7293661   1.206929     0.60   0.546    -1.641152    3.099884
        P_55 |  -2.717518   1.120019    -2.43   0.016    -4.917336   -.5176989
        P_56 |  -7.817236   5.675404    -1.38   0.169    -18.96424    3.329773
        P_57 |   3.323672   1.127821     2.95   0.003     1.108528    5.538815
        P_58 |    1.95652   1.141324     1.71   0.087    -.2851442    4.198184
        P_59 |   1.752536   1.427921     1.23   0.220    -1.052031    4.557102
        P_60 |   1.702914   1.273361     1.34   0.182     -.798082     4.20391
        P_61 |    .861469   1.134812     0.76   0.448    -1.367405    3.090343
        P_62 |   2.037151   1.103206     1.85   0.065    -.1296461    4.203949
        P_63 |    .912401   1.164516     0.78   0.434    -1.374814    3.199616
        P_64 |   2.003617   1.291534     1.55   0.121    -.5330734    4.540307
        P_65 |   .3045802   2.480324     0.12   0.902    -4.567003    5.176163
        P_66 |   1.178576   1.122974     1.05   0.294    -1.027047    3.384199
        P_67 |   2.277091   1.082506     2.10   0.036     .1509503    4.403233
        P_68 |   .5280045   1.198009     0.44   0.660    -1.824994    2.881003
        P_69 |    .060448   1.164682     0.05   0.959    -2.227094     2.34799
        P_70 |   7.185162   3.255873     2.21   0.028     .7903313    13.57999
        P_71 |   3.186732   1.759422     1.81   0.071    -.2689339    6.642397
        P_72 |   1.800241   1.400462     1.29   0.199    -.9503938    4.550876
        P_73 |   2.518575   1.109813     2.27   0.024     .3388011    4.698349
        P_74 |   5.551233   1.170743     4.74   0.000     3.251786     7.85068
        P_75 |   2.699802   1.203978     2.24   0.025     .3350788    5.064525
        P_76 |   2.043922   1.372907     1.49   0.137    -.6525918    4.740436
        P_77 |   4.316304   1.605782     2.69   0.007     1.162401    7.470207
        P_78 |   3.087767   1.440681     2.14   0.033      .258139    5.917394
        P_79 |     7.1998   5.634076     1.28   0.202    -3.866037    18.26564
        P_80 |   2.871924   1.196597     2.40   0.017     .5216982     5.22215
        P_81 |   4.641914   1.591116     2.92   0.004     1.516818     7.76701
        P_82 |          0  (omitted)
       P_L_1 |   1.601504   1.140845     1.40   0.161    -.6392189    3.842227
       P_L_2 |  -1.753684   .8753746    -2.00   0.046       -3.473   -.0343689
       P_L_3 |   .3909487   .9708839     0.40   0.687    -1.515956    2.297853
       P_L_4 |   .6851172   1.230201     0.56   0.578    -1.731111    3.101345
       P_L_5 |   .6870588   1.075889     0.64   0.523    -1.426085    2.800202
       P_L_6 |   .4875339    .938169     0.52   0.603    -1.355115    2.330183
       P_L_7 |   -.309391   1.066517    -0.29   0.772    -2.404128    1.785346
       P_L_8 |  -.1533302   .9060989    -0.17   0.866    -1.932991     1.62633
       P_L_9 |   1.775558    .892291     1.99   0.047     .0230176    3.528099
      P_L_10 |   .8041304   1.140256     0.71   0.481    -1.435437    3.043698
      P_L_11 |  -.7659718   1.108263    -0.69   0.490    -2.942701    1.410757
      P_L_12 |   2.213363   .9166541     2.41   0.016     .4129713    4.013755
      P_L_13 |   9.876547   .9182816    10.76   0.000     8.072958    11.68014
      P_L_14 |  -.3327811    1.04411    -0.32   0.750    -2.383509    1.717947
      P_L_15 |  -1.713068   1.265182    -1.35   0.176       -4.198    .7718645
      P_L_16 |  -2.124388   .9690627    -2.19   0.029    -4.027715   -.2210602
      P_L_17 |   1.035495   .9808254     1.06   0.292    -.8909351    2.961926
      P_L_18 |   1.853802   .9611264     1.93   0.054    -.0339379    3.741542
      P_L_19 |  -32.71956   2.839213   -11.52   0.000    -38.29603   -27.14308
      P_L_20 |  -1.436956   .8991478    -1.60   0.111    -3.202964    .3290518
      P_L_21 |  -1.222003   .9165105    -1.33   0.183    -3.022113    .5781068
      P_L_22 |   .4573696   .9075162     0.50   0.614    -1.325075    2.239814
      P_L_23 |   .5644298    .853487     0.66   0.509    -1.111896    2.240756
      P_L_24 |   2.628326    1.18819     2.21   0.027     .2946119     4.96204
      P_L_25 |   .5800409   .8903129     0.65   0.515    -1.168615    2.328697
      P_L_26 |   .5557444    .927199     0.60   0.549    -1.265359    2.376848
      P_L_27 |  -3.379387   .8908758    -3.79   0.000    -5.129148   -1.629625
      P_L_28 |   .3512394   .8647877     0.41   0.685    -1.347282    2.049761
      P_L_29 |   1.795625   1.363267     1.32   0.188    -.8819548    4.473205
      P_L_30 |   .9179245   .9435827     0.97   0.331    -.9353578    2.771207
      P_L_31 |   1.623804   1.031908     1.57   0.116    -.4029576    3.650565
      P_L_32 |   2.563073   1.251043     2.05   0.041     .1059113    5.020236
      P_L_33 |   .3920061   .8523915     0.46   0.646    -1.282168    2.066181
      P_L_34 |   .6613353   .8603211     0.77   0.442    -1.028414    2.351084
      P_L_35 |   2.955344   4.873492     0.61   0.544    -6.616637    12.52732
      P_L_36 |  -.0353052   .9187922    -0.04   0.969    -1.839897    1.769286
      P_L_37 |   .0263286   .9004853     0.03   0.977    -1.742307    1.794964
      P_L_38 |  -6.768934   1.002896    -6.75   0.000    -8.738714   -4.799154
      P_L_39 |  -2.587398   1.981562    -1.31   0.192    -6.479366    1.304569
      P_L_40 |   2.780154   1.039644     2.67   0.008     .7381989     4.82211
      P_L_41 |   2.280448   1.074185     2.12   0.034      .170652    4.390244
      P_L_42 |  -6.400375   1.005813    -6.36   0.000    -8.375884   -4.424866
      P_L_43 |   2.931873   .9424218     3.11   0.002     1.080871    4.782875
      P_L_44 |   1.514048    1.06275     1.42   0.155    -.5732896    3.601385
      P_L_45 |  -1.102345   .8898253    -1.24   0.216    -2.850043    .6453526
      P_L_46 |  -1.234173   1.016797    -1.21   0.225    -3.231256    .7629095
      P_L_47 |  -.8461777   1.211013    -0.70   0.485    -3.224717    1.532361
      P_L_48 |   2.839657   1.025446     2.77   0.006     .8255873    4.853727
      P_L_49 |   1.505654    .905081     1.66   0.097    -.2720077    3.283315
      P_L_50 |   2.108981   1.273087     1.66   0.098     -.391477     4.60944
      P_L_51 |   3.401207   .8435682     4.03   0.000     1.744362    5.058052
      P_L_52 |   .5473906   .8333039     0.66   0.512    -1.089294    2.184075
      P_L_53 |   .8791424   1.710759     0.51   0.608    -2.480944    4.239229
      P_L_54 |  -1.435056   2.605271    -0.55   0.582    -6.552045    3.681934
      P_L_55 |   .1248967   1.052392     0.12   0.906    -1.942096     2.19189
      P_L_56 |   .1213073   .8369332     0.14   0.885    -1.522506     1.76512
      P_L_57 |   .4681526   .8247909     0.57   0.571    -1.151812    2.088117
      P_L_58 |  -.6021989   .9802667    -0.61   0.539    -2.527532    1.323134
      P_L_59 |   3.736076   .8651673     4.32   0.000     2.036808    5.435343
      P_L_60 |  -1.469855   1.198957    -1.23   0.221    -3.824716    .8850065
      P_L_61 |  -7.261678   5.759319    -1.26   0.208    -18.57351    4.050149
      P_L_62 |   -.760666    1.10092    -0.69   0.490    -2.922974    1.401642
      P_L_63 |  -.8121212    2.10208    -0.39   0.699    -4.940799    3.316556
      P_L_64 |    3.44507    .963455     3.58   0.000     1.552756    5.337383
      P_L_65 |  -1.651908   1.053596    -1.57   0.117    -3.721267    .4174515
      P_L_66 |   3.410101   1.244876     2.74   0.006     .9650506    5.855152
      P_L_67 |      3.011   1.347698     2.23   0.026     .3639995    5.658001
      P_L_68 |   4.456857   1.214747     3.67   0.000     2.070984     6.84273
      P_L_69 |  -4.183949   1.823704    -2.29   0.022    -7.765871   -.6020274
      P_L_70 |          0  (omitted)
      P_L_71 |     .56263   .8969938     0.63   0.531    -1.199147    2.324407
      P_L_72 |   5.578104   1.089024     5.12   0.000     3.439162    7.717045
      P_L_73 |          0  (omitted)
CorruptPa~25 |   .1512248    .223194     0.68   0.498    -.2871486    .5895981
AlreadyAud~d |  -.1443205   .2009422    -0.72   0.473    -.5389892    .2503483
    Auditada |  -.1808156   .1273647    -1.42   0.156    -.4309715    .0693402
     trend_1 |  -.2073773   .2669856    -0.78   0.438    -.7317612    .3170067
     trend_2 |  -.0660632   .2596834    -0.25   0.799     -.576105    .4439786
     trend_3 |  -.0514993   .2459517    -0.21   0.834    -.5345708    .4315722
     trend_4 |   .2720739   .2610064     1.04   0.298    -.2405664    .7847142
     trend_5 |  -.1283269   .2670422    -0.48   0.631     -.652822    .3961682
     trend_6 |  -.2640158   .2416171    -1.09   0.275    -.7385738    .2105422
     trend_7 |  -.3938616   .2784946    -1.41   0.158    -.9408504    .1531272
     trend_8 |  -.0901486   .2402057    -0.38   0.708    -.5619344    .3816372
     trend_9 |  -.2515316   .2703318    -0.93   0.353    -.7824879    .2794247
    trend_10 |  -.2832102   .3098824    -0.91   0.361    -.8918475    .3254271
    trend_11 |  -1.491101   .3412454    -4.37   0.000    -2.161339   -.8208643
    trend_12 |  -1.567582   .3392001    -4.62   0.000    -2.233802    -.901362
    trend_13 |  -1.547252    .335501    -4.61   0.000    -2.206207    -.888298
    trend_14 |  -1.431752   .3610421    -3.97   0.000    -2.140872   -.7226325
    trend_15 |  -1.877784   .3053532    -6.15   0.000    -2.477526   -1.278043
    trend_16 |   .0631513   .1961118     0.32   0.748    -.3220302    .4483328
    trend_17 |  -.1705585    .184091    -0.93   0.355      -.53213     .191013
    trend_18 |  -.1611748   .1919184    -0.84   0.401      -.53812    .2157705
    trend_19 |  -.1509671   .1905379    -0.79   0.429    -.5252008    .2232667
    trend_20 |   .2301093   .2407019     0.96   0.339    -.2426511    .7028697
    trend_21 |  -.5038945   .3133401    -1.61   0.108    -1.119323     .111534
    trend_22 |  -.1090924   .1910079    -0.57   0.568    -.4842493    .2660644
    trend_23 |  -.4423767   .3093863    -1.43   0.153     -1.05004    .1652861
    trend_24 |  -.2686273   .3111593    -0.86   0.388    -.8797724    .3425179
    trend_25 |   .0832537   .1891614     0.44   0.660    -.2882765     .454784
    trend_26 |   1.514724   .1883467     8.04   0.000     1.144794    1.884654
    trend_27 |  -.2675863    .300043    -0.89   0.373    -.8568979    .3217254
    trend_28 |   2.098932   .1905702    11.01   0.000     1.724635    2.473229
    trend_29 |    .086886   .3109592     0.28   0.780    -.5238661    .6976381
    trend_30 |  -.8562293   .3107525    -2.76   0.006    -1.466575   -.2458831
    trend_31 |   .7963298   .1891303     4.21   0.000     .4248606    1.167799
    trend_32 |   -.681042   .1842302    -3.70   0.000    -1.042887   -.3191972
    trend_33 |  -.4667757   .2034667    -2.29   0.022    -.8664028   -.0671486
    trend_34 |  -.4087773   .3302896    -1.24   0.216    -1.057496    .2399415
    trend_35 |  -.1999874   .3053274    -0.65   0.513    -.7996782    .3997034
    trend_36 |  -1.482983   .2043629    -7.26   0.000     -1.88437   -1.081596
    trend_37 |  -.2075879   .2059504    -1.01   0.314    -.6120931    .1969174
    trend_38 |  -.4981561   .2024832    -2.46   0.014    -.8958516   -.1004605
    trend_39 |   .3446843   .4554184     0.76   0.449    -.5497988    1.239167
    trend_40 |  -.4006033   .1856109    -2.16   0.031      -.76516   -.0360465
    trend_41 |  -.3720565   .1873264    -1.99   0.047    -.7399825   -.0041305
    trend_42 |  -.4814799   .1931361    -2.49   0.013    -.8608168    -.102143
    trend_43 |  -.5688481   .1865526    -3.05   0.002    -.9352543   -.2024418
    trend_44 |  -.8463216   .1915942    -4.42   0.000     -1.22263   -.4700133
    trend_45 |   .3277437    .191776     1.71   0.088    -.0489219    .7044092
    trend_46 |  -.1759454   .1861483    -0.95   0.345    -.5415575    .1896667
    trend_47 |   .0120937   .1927515     0.06   0.950    -.3664877    .3906752
    trend_48 |    .097417   .1865312     0.52   0.602    -.2689473    .4637813
    trend_49 |   .0239525   .1882838     0.13   0.899    -.3458541    .3937591
    trend_50 |   .3997855   .1857076     2.15   0.032      .035039     .764532
    trend_51 |   .5041889   .1988928     2.53   0.012     .1135454    .8948324
    trend_52 |   .2301839   .1828125     1.26   0.208    -.1288765    .5892442
    trend_53 |  -.1012688   .1870955    -0.54   0.589    -.4687414    .2662039
    trend_54 |  -.3426312   .3195999    -1.07   0.284    -.9703545    .2850922
    trend_55 |   4.328543   .4842141     8.94   0.000     3.377502    5.279584
    trend_56 |   5.800971   .4403661    13.17   0.000     4.936052    6.665891
    trend_57 |    .504753   .4499163     1.12   0.262    -.3789235     1.38843
    trend_58 |    .443142   .1887235     2.35   0.019     .0724719    .8138122
    trend_59 |   1.260623   .1904355     6.62   0.000     .8865904    1.634656
    trend_60 |   1.356587   .1840778     7.37   0.000     .9950416    1.718133
    trend_61 |   1.050955   .4234709     2.48   0.013     .2192198    1.882691
    trend_62 |   1.502495   .3146953     4.77   0.000     .8844044    2.120585
    trend_63 |   1.840888   .3694854     4.98   0.000     1.115185    2.566591
    trend_64 |   1.955105   .2184852     8.95   0.000      1.52598     2.38423
    trend_65 |   1.179853   .3394889     3.48   0.001     .5130657     1.84664
    trend_66 |   .4488162   .2041683     2.20   0.028      .047811    .8498214
    trend_67 |   2.055377   .3327526     6.18   0.000      1.40182    2.708933
    trend_68 |   1.067243   .2592092     4.12   0.000     .5581321    1.576353
    trend_69 |   1.169677   .3482259     3.36   0.001     .4857298    1.853625
    trend_70 |   .6858487   .3234275     2.12   0.034     .0506076     1.32109
    trend_71 |   1.958595   .3043824     6.43   0.000     1.360761     2.55643
    trend_72 |   1.132035   .3255396     3.48   0.001     .4926459    1.771425
    trend_73 |   .9899567   .2352969     4.21   0.000     .5278121    1.452101
    trend_74 |   2.159693   .2663671     8.11   0.000     1.636524    2.682863
    trend_75 |   .5578073   .3198894     1.74   0.082    -.0704846    1.186099
    trend_76 |   .8530007   .2143122     3.98   0.000      .432072    1.273929
    trend_77 |   1.022373   .3399411     3.01   0.003     .3546981    1.690048
    trend_78 |   1.430528   .4068216     3.52   0.000     .6314935    2.229563
    trend_79 |   .5170261    .248574     2.08   0.038     .0288041    1.005248
    trend_80 |   5.223032   .4210558    12.40   0.000      4.39604    6.050024
    trend_81 |   1.656684   .3616901     4.58   0.000     .9462918    2.367076
    trend_82 |   .4588097   .3398622     1.35   0.178    -.2087107     1.12633
    trend_83 |   .4962229   .3124231     1.59   0.113    -.1174045     1.10985
    trend_84 |   1.342145   .3299802     4.07   0.000     .6940339    1.990256
    trend_85 |   .3504017   .3761919     0.93   0.352    -.3884734    1.089277
    trend_86 |   1.083773   .2071753     5.23   0.000     .6768617    1.490684
    trend_87 |   .8921932   .2831122     3.15   0.002     .3361351    1.448251
    trend_88 |   .7578637   .2026443     3.74   0.000     .3598518    1.155876
    trend_89 |   1.854754   .1856421     9.99   0.000     1.490136    2.219372
    trend_90 |   2.737856   .3252267     8.42   0.000     2.099081    3.376631
    trend_91 |   .6892448   .2294381     3.00   0.003     .2386075    1.139882
    trend_92 |  -.4497319    .304228    -1.48   0.140    -1.047263    .1477996
    trend_93 |   .8936413   .2266682     3.94   0.000     .4484444    1.338838
    trend_94 |  -1.344195   .2165633    -6.21   0.000    -1.769545   -.9188446
    trend_95 |  -.0648174    .253379    -0.26   0.798    -.5624767     .432842
    trend_96 |  -.4691215    .264526    -1.77   0.077    -.9886747    .0504316
    trend_97 |  -.0131792   .2132011    -0.06   0.951    -.4319255    .4055671
    trend_98 |   .6632449    .249053     2.66   0.008     .1740821    1.152408
    trend_99 |  -.8362588   .3256861    -2.57   0.010    -1.475936   -.1965816
   trend_100 |  -.8302343   .2943921    -2.82   0.005    -1.408447   -.2520214
   trend_101 |   .1780122   .2600721     0.68   0.494    -.3327931    .6888175
   trend_102 |   .5684287   .1951409     2.91   0.004     .1851542    .9517033
   trend_103 |  -.7305833   .3152578    -2.32   0.021    -1.349778   -.1113883
   trend_104 |  -.0037139   .1824902    -0.02   0.984    -.3621414    .3547135
   trend_105 |  -.1755479   .2259231    -0.78   0.437    -.6192814    .2681856
   trend_106 |  -.2640333   .1890421    -1.40   0.163    -.6353291    .1072625
   trend_107 |  -.4941395   .1851124    -2.67   0.008    -.8577171   -.1305619
   trend_108 |  -.2123426   .1914482    -1.11   0.268    -.5883643    .1636791
   trend_109 |   .1155396   .1848104     0.63   0.532    -.2474449    .4785241
   trend_110 |   .4287792   .1872076     2.29   0.022     .0610866    .7964719
   trend_111 |   .0002281   .1932384     0.00   0.999    -.3793096    .3797658
   trend_112 |  -.6009846   .1890167    -3.18   0.002    -.9722305   -.2297387
   trend_113 |  -.2981771   .1860757    -1.60   0.110    -.6636467    .0672925
   trend_114 |  -1.148361   .1847199    -6.22   0.000    -1.511167    -.785554
   trend_115 |  -.1210056   .2285258    -0.53   0.597     -.569851    .3278399
   trend_116 |   .4997602   .1881386     2.66   0.008      .130239    .8692815
   trend_117 |  -1.381384    .184734    -7.48   0.000    -1.744218   -1.018549
   trend_118 |  -.2568074   .2006199    -1.28   0.201    -.6508431    .1372284
   trend_119 |   -.717287   .2180331    -3.29   0.001    -1.145524   -.2890502
   trend_120 |  -.5554144   .1886462    -2.94   0.003    -.9259327   -.1848962
   trend_121 |    .478253   .1876581     2.55   0.011     .1096754    .8468306
   trend_122 |  -.0796222    .216179    -0.37   0.713    -.5042174     .344973
   trend_123 |  -.0157088   .1900152    -0.08   0.934     -.388916    .3574983
   trend_124 |   1.080005   .1809401     5.97   0.000     .7246225    1.435388
   trend_125 |  -.1282932   .1880955    -0.68   0.495      -.49773    .2411435
   trend_126 |  -.3275883   .1878192    -1.74   0.082    -.6964823    .0413057
   trend_127 |   .2117757   .1936441     1.09   0.275     -.168559    .5921104
   trend_128 |   .8301266   .1884581     4.40   0.000     .4599777    1.200276
   trend_129 |  -.3498592   .1905504    -1.84   0.067    -.7241176    .0243991
   trend_130 |  -.1126479   .1813523    -0.62   0.535    -.4688403    .2435445
   trend_131 |   .6909972   .2953551     2.34   0.020     .1108929    1.271102
   trend_132 |   .0544846   .1926116     0.28   0.777    -.3238221    .4327913
   trend_133 |   .5742104   .1935129     2.97   0.003     .1941335    .9542873
   trend_134 |  -.4020547   .1989525    -2.02   0.044    -.7928154    -.011294
   trend_135 |   .6290557   .1938443     3.25   0.001     .2483278    1.009784
   trend_136 |   .1699828   .1905911     0.89   0.373    -.2043555    .5443211
   trend_137 |  -.0066993   .1952261    -0.03   0.973    -.3901412    .3767425
   trend_138 |  -.0308475   .1867337    -0.17   0.869    -.3976095    .3359144
   trend_139 |    .269506   .2118394     1.27   0.204    -.1465658    .6855778
   trend_140 |  -.3939762   .2201566    -1.79   0.074    -.8263838    .0384314
   trend_141 |   -.254409   .3591305    -0.71   0.479    -.9597741     .450956
   trend_142 |   .2481993   .1815845     1.37   0.172    -.1084491    .6048477
   trend_143 |  -.6331808   .1951454    -3.24   0.001    -1.016464   -.2498975
   trend_144 |    -.67419   .1962795    -3.43   0.001    -1.059701   -.2886792
   trend_145 |  -.1659048   .1864135    -0.89   0.374    -.5320379    .2002284
   trend_146 |   .9082535   .3387813     2.68   0.008     .2428563    1.573651
   trend_147 |   .3678304   .2210788     1.66   0.097    -.0663885    .8020493
   trend_148 |   2.657718   .2008584    13.23   0.000     2.263214    3.052223
   trend_149 |    2.03531   .1943998    10.47   0.000     1.653491    2.417129
   trend_150 |   .6876255   .2352451     2.92   0.004     .2255828    1.149668
   trend_151 |   1.844004    .190358     9.69   0.000     1.470123    2.217884
   trend_152 |   1.561498   .2350474     6.64   0.000     1.099843    2.023152
   trend_153 |   2.155734   .2080772    10.36   0.000     1.747051    2.564416
   trend_154 |   .8622135   .2143799     4.02   0.000     .4411518    1.283275
   trend_155 |   1.509077   .1971489     7.65   0.000     1.121859    1.896296
   trend_156 |   .6648574   .2015325     3.30   0.001     .2690294    1.060686
   trend_157 |   1.586013   .2177606     7.28   0.000     1.158311    2.013715
   trend_158 |   .8754046   .2172978     4.03   0.000      .448612    1.302197
   trend_159 |  -.1843399   .2157196    -0.85   0.393    -.6080328     .239353
   trend_160 |   .1209259   .1841118     0.66   0.512    -.2406864    .4825383
   trend_161 |  -.2269964   .1850476    -1.23   0.220    -.5904467    .1364539
   trend_162 |   .0205571   .2142155     0.10   0.924    -.4001817    .4412959
   trend_163 |   .9404649   .2490124     3.78   0.000      .451382    1.429548
   trend_164 |   .1970228   .1960556     1.00   0.315    -.1880483    .5820939
   trend_165 |   .9639495   .3831232     2.52   0.012     .2114606    1.716438
   trend_166 |   1.419977   .2232508     6.36   0.000      .981492    1.858462
   trend_167 |   2.501674   .2269884    11.02   0.000     2.055848      2.9475
   trend_168 |  -.0882675    .200734    -0.44   0.660    -.4825273    .3059923
   trend_169 |   .7586827   .2282562     3.32   0.001     .3103667    1.206999
   trend_170 |   .6396643   .1977655     3.23   0.001     .2512348    1.028094
   trend_171 |   .7546547   .1858158     4.06   0.000     .3896956    1.119614
   trend_172 |   1.063491   .1812195     5.87   0.000     .7075589    1.419422
   trend_173 |   .4070991   .2514491     1.62   0.106    -.0867697     .900968
   trend_174 |   -.372981   .1914974    -1.95   0.052    -.7490992    .0031372
   trend_175 |   .3334395   .1909924     1.75   0.081    -.0416869    .7085659
   trend_176 |    1.35451   .2057219     6.58   0.000     .9504537    1.758567
   trend_177 |   .3519324   .2485608     1.42   0.157    -.1362636    .8401284
   trend_178 |   5.672304   .6813271     8.33   0.000     4.334115    7.010492
   trend_179 |   2.166265   .1948854    11.12   0.000     1.783493    2.549038
   trend_180 |   .1351807   .2006503     0.67   0.501    -.2589148    .5292762
   trend_181 |   .4488755   .1853926     2.42   0.016     .0847475    .8130035
   trend_182 |   .6960298   .1790017     3.89   0.000     .3444542    1.047605
   trend_183 |  -.6293518   .2122401    -2.97   0.003    -1.046211   -.2124929
   trend_184 |   .8061335   .1840132     4.38   0.000     .4447148    1.167552
   trend_185 |    .844423   .2231878     3.78   0.000     .4060618    1.282784
   trend_186 |  -.2202451   .3061661    -0.72   0.472    -.8215832     .381093
   trend_187 |   .1018765    .221185     0.46   0.645    -.3325511     .536304
   trend_188 |   1.713672   .2153938     7.96   0.000     1.290619    2.136726
   trend_189 |   .6288774   .4430349     1.42   0.156    -.2412835    1.499038
   trend_190 |   1.098601   .2110226     5.21   0.000     .6841334    1.513069
   trend_191 |  -.2983905   .1968208    -1.52   0.130    -.6849645    .0881836
   trend_192 |    6.38084   .1932765    33.01   0.000     6.001227    6.760452
   trend_193 |   1.498358   .1891133     7.92   0.000     1.126922    1.869794
   trend_194 |  -.3918657   .2001743    -1.96   0.051    -.7850263    .0012948
   trend_195 |   .0737484   .1981484     0.37   0.710    -.3154331    .4629299
   trend_196 |   .5423197    .197832     2.74   0.006     .1537597    .9308797
   trend_197 |   .8877149   .1973344     4.50   0.000      .500132    1.275298
   trend_198 |  -.3186184   .1990433    -1.60   0.110    -.7095575    .0723208
   trend_199 |   .9945925   .1905823     5.22   0.000     .6202715    1.368914
   trend_200 |   .7331435   .1991073     3.68   0.000     .3420786    1.124208
   trend_201 |     .67379   .1960804     3.44   0.001     .2886703     1.05891
   trend_202 |   .1714136   .2042433     0.84   0.402    -.2297389    .5725661
   trend_203 |  -.5294255   .1970711    -2.69   0.007    -.9164911   -.1423599
   trend_204 |   1.417249   .1981139     7.15   0.000     1.028135    1.806363
   trend_205 |   1.197139   .2329801     5.14   0.000     .7395447    1.654733
   trend_206 |  -.5825477   .2602307    -2.24   0.026    -1.093664    -.071431
   trend_207 |    .184254   .2033016     0.91   0.365    -.2150488    .5835568
   trend_208 |  -.1569072   .2030313    -0.77   0.440    -.5556792    .2418649
   trend_209 |   .4369184   .2068964     2.11   0.035     .0305552    .8432817
   trend_210 |  -.2045263   .1928216    -1.06   0.289    -.5832455     .174193
   trend_211 |   .1197208   .2205382     0.54   0.587    -.3134363    .5528778
   trend_212 |  -.4027097    .352257    -1.14   0.253    -1.094575    .2891552
   trend_213 |  -.4671601   .2083633    -2.24   0.025    -.8764046   -.0579156
   trend_214 |   .3881638   .2109962     1.84   0.066    -.0262519    .8025795
   trend_215 |   .3153111    .248552     1.27   0.205    -.1728676    .8034898
   trend_216 |  -.3799455   .2086772    -1.82   0.069    -.7898065    .0299155
   trend_217 |   1.140422   .2179195     5.23   0.000     .7124082    1.568436
   trend_218 |  -.1845621   .2065002    -0.89   0.372    -.5901472    .2210231
   trend_219 |  -.0512671   .1900613    -0.27   0.787    -.4245647    .3220306
   trend_220 |   .0115496   .2119899     0.05   0.957     -.404818    .4279171
   trend_221 |   -.127048   .2062463    -0.62   0.538    -.5321346    .2780386
   trend_222 |   .1937141   .1934413     1.00   0.317    -.1862222    .5736505
   trend_223 |   .5694553   .2033384     2.80   0.005       .17008    .9688305
   trend_224 |   .1772431   .2230534     0.79   0.427    -.2608541    .6153403
   trend_225 |  -.0889753   .2045127    -0.44   0.664    -.4906568    .3127062
   trend_226 |   .3048474   .2060441     1.48   0.140     -.099842    .7095369
   trend_227 |   .1141889   .2181817     0.52   0.601    -.3143398    .5427176
   trend_228 |  -.4461183   .2020736    -2.21   0.028    -.8430094   -.0492273
   trend_229 |  -.0454135   .2287736    -0.20   0.843    -.4947458    .4039187
   trend_230 |   .4085194   .2034387     2.01   0.045     .0089473    .8080915
   trend_231 |   .0882879   .2171281     0.41   0.684    -.3381714    .5147472
   trend_232 |  -.2078195   .2178357    -0.95   0.340    -.6356686    .2200296
   trend_233 |   .2763224   .2422479     1.14   0.254    -.1994745    .7521193
   trend_234 |   .1402245   .2192959     0.64   0.523    -.2904926    .5709417
   trend_235 |  -.0529239   .2168297    -0.24   0.807    -.4787972    .3729493
   trend_236 |   .1449684   .2188016     0.66   0.508    -.2847778    .5747146
   trend_237 |   .1095859   .1922447     0.57   0.569    -.2680002     .487172
   trend_238 |   .1217896   .2053577     0.59   0.553    -.2815517    .5251309
   trend_239 |    .133501    .221201     0.60   0.546    -.3009579    .5679598
   trend_240 |  -.1927553   .2151147    -0.90   0.371    -.6152602    .2297497
   trend_241 |   .3507411   .2212331     1.59   0.113    -.0837807     .785263
   trend_242 |   1.631913   .1986975     8.21   0.000     1.241653    2.022173
   trend_243 |   .5677431   .1953438     2.91   0.004     .1840701     .951416
   trend_244 |   1.522285   .2176081     7.00   0.000     1.094883    1.949687
   trend_245 |   .0359183   .2166349     0.17   0.868    -.3895723     .461409
   trend_246 |   .1199603   .2163188     0.55   0.579    -.3049096    .5448302
   trend_247 |   .5383971   .1821887     2.96   0.003     .1805619    .8962322
   trend_248 |   .1697872   .2155899     0.79   0.431    -.2536509    .5932253
   trend_249 |  -.1353674   .1995111    -0.68   0.498    -.5272253    .2564905
   trend_250 |   .3636563   .2021401     1.80   0.073    -.0333652    .7606778
   trend_251 |   .1304666   .2180895     0.60   0.550     -.297881    .5588141
   trend_252 |   .1067482   .1967748     0.54   0.588    -.2797355    .4932318
   trend_253 |   .1284605   .2132736     0.60   0.547    -.2904283    .5473492
   trend_254 |   .3234359   .1918551     1.69   0.092    -.0533849    .7002567
   trend_255 |    1.94589   .2020072     9.63   0.000     1.549129     2.34265
   trend_256 |   .1821785   .2287924     0.80   0.426    -.2671906    .6315475
   trend_257 |          0  (omitted)
   trend_258 |    .863661   .2266557     3.81   0.000     .4184886    1.308833
   trend_259 |  -.2874858   .3252347    -0.88   0.377    -.9262764    .3513049
   trend_260 |   4.180203   1.222477     3.42   0.001     1.779147     6.58126
   trend_261 |  -.9453876   .2311126    -4.09   0.000    -1.399314   -.4914614
   trend_262 |   1.778453   .2277081     7.81   0.000     1.331213    2.225692
   trend_263 |   3.024097    .217429    13.91   0.000     2.597047    3.451148
   trend_264 |  -.6131012   .2227692    -2.75   0.006     -1.05064   -.1755622
   trend_265 |  -.6876022   .2445632    -2.81   0.005    -1.167947   -.2072577
   trend_266 |  -2.047221   .1885698   -10.86   0.000    -2.417589   -1.676853
   trend_267 |   7.315244   .2270469    32.22   0.000     6.869303    7.761184
   trend_268 |  -.1972412   .2605512    -0.76   0.449    -.7089875     .314505
   trend_269 |   .4395765   .2035634     2.16   0.031     .0397594    .8393935
   trend_270 |  -.2111871   .1927795    -1.10   0.274    -.5898235    .1674493
   trend_271 |  -.0433708   .2236569    -0.19   0.846    -.4826532    .3959116
   trend_272 |  -.2960331   .1992608    -1.49   0.138    -.6873994    .0953332
   trend_273 |  -.1979418   .3104064    -0.64   0.524    -.8076082    .4117246
   trend_274 |   2.491043   .1901027    13.10   0.000     2.117664    2.864423
   trend_275 |   -2.81241    .406731    -6.91   0.000    -3.611267   -2.013553
   trend_276 |   2.795339   .2174027    12.86   0.000      2.36834    3.222337
   trend_277 |  -1.318941   .2218059    -5.95   0.000    -1.754588   -.8832941
   trend_278 |    1.15136   .2647684     4.35   0.000     .6313304    1.671389
   trend_279 |   2.044917   .2431242     8.41   0.000     1.567398    2.522435
   trend_280 |   1.449617   .2390749     6.06   0.000     .9800522    1.919182
   trend_281 |    2.92934   1.155569     2.53   0.012     .6596979    5.198982
   trend_282 |   1.219337   .2207819     5.52   0.000     .7857011    1.652972
   trend_283 |  -.0555293   .1927749    -0.29   0.773    -.4341567    .3230981
   trend_284 |   -2.44933   .2170615   -11.28   0.000    -2.875659   -2.023002
   trend_285 |  -2.005346   .2195239    -9.13   0.000    -2.436511   -1.574181
   trend_286 |   .8252558   .1819227     4.54   0.000      .467943    1.182569
   trend_287 |    .286775   .2093766     1.37   0.171    -.1244596    .6980096
   trend_288 |  -.5231331   .4348659    -1.20   0.229    -1.377249    .3309831
   trend_289 |   .4202836   .1771125     2.37   0.018     .0724185    .7681488
   trend_290 |  -.3260496   .1830014    -1.78   0.075     -.685481    .0333818
   trend_291 |  -.0733836   .1885762    -0.39   0.697    -.4437644    .2969971
   trend_292 |   .5297006   .2267807     2.34   0.020     .0842826    .9751186
   trend_293 |   .1297918   .2419864     0.54   0.592    -.3454915    .6050751
   trend_294 |   1.044899   .3685045     2.84   0.005     .3211224    1.768675
   trend_295 |  -.2179377   .2112819    -1.03   0.303    -.6329146    .1970393
   trend_296 |   .5348277   .2008183     2.66   0.008     .1404023    .9292531
   trend_297 |   .4428714   .2101162     2.11   0.035     .0301841    .8555587
   trend_298 |   .1091875    .233484     0.47   0.640    -.3493963    .5677713
   trend_299 |   4.694794   .2120373    22.14   0.000     4.278333    5.111254
   trend_300 |   .9091915   .2095124     4.34   0.000     .4976901    1.320693
   trend_301 |   .5793815   .2054246     2.82   0.005     .1759088    .9828542
   trend_302 |    .296133   .1892831     1.56   0.118    -.0756363    .6679024
   trend_303 |   .0229693   .1997054     0.12   0.908    -.3692703     .415209
   trend_304 |   .4088403   .2860775     1.43   0.154     -.153042    .9707226
   trend_305 |   .1598444    .204531     0.78   0.435    -.2418731    .5615618
   trend_306 |   .6775469   .2932981     2.31   0.021     .1014827    1.253611
   trend_307 |  -.0958848   .2025577    -0.47   0.636    -.4937265    .3019569
   trend_308 |   .2817498   .2036091     1.38   0.167     -.118157    .6816567
   trend_309 |   .7065339   .2828328     2.50   0.013     .1510246    1.262043
   trend_310 |    .137912   .2209531     0.62   0.533      -.29606    .5718841
   trend_311 |   .2994973   .2248986     1.33   0.183     -.142224    .7412186
   trend_312 |   .4185005   .2881088     1.45   0.147    -.1473715    .9843725
   trend_313 |   .1092009    .240509     0.45   0.650    -.3631806    .5815824
   trend_314 |  -.4127554    .200546    -2.06   0.040     -.806646   -.0188648
   trend_315 |  -.0546907   .1890891    -0.29   0.773    -.4260788    .3166975
   trend_316 |   .0521659   .3158063     0.17   0.869    -.5681065    .6724383
   trend_317 |   .4517843   .3073102     1.47   0.142     -.151801    1.055369
   trend_318 |   .0625429   .3355052     0.19   0.852    -.5964198    .7215056
   trend_319 |  -.0904887   .2338355    -0.39   0.699    -.5497628    .3687854
   trend_320 |  -.5028517   .3083936    -1.63   0.104    -1.108565    .1028614
   trend_321 |  -.0181353   .1869855    -0.10   0.923    -.3853918    .3491212
   trend_322 |  -.1785801   .3041664    -0.59   0.557    -.7759906    .4188304
   trend_323 |   .2978824   .2671337     1.12   0.265    -.2267925    .8225573
   trend_324 |   .0510397   .3086578     0.17   0.869    -.5551922    .6572716
   trend_325 |   .1357062   .2660158     0.51   0.610     -.386773    .6581853
   trend_326 |   .1594052   .2853816     0.56   0.577    -.4011102    .7199205
   trend_327 |  -.1184746   .2035537    -0.58   0.561    -.5182727    .2813235
   trend_328 |   .0525705   .1868509     0.28   0.779    -.3144217    .4195626
   trend_329 |  -.0580223   .1998589    -0.29   0.772    -.4505633    .3345187
   trend_330 |    .691447   .2484444     2.78   0.006     .2034795    1.179414
   trend_331 |   3.539996   .2035056    17.40   0.000     3.140292    3.939699
   trend_332 |  -.7816487   .2134839    -3.66   0.000    -1.200951   -.3623468
   trend_333 |   5.333609   .9766666     5.46   0.000     3.415347    7.251871
   trend_334 |   .1575286   .2442842     0.64   0.519    -.3222677     .637325
   trend_335 |    93.7119   .5580008   167.94   0.000     92.61593    94.80786
   trend_336 |   9.579647   .2611803    36.68   0.000     9.066665    10.09263
   trend_337 |   .5232667   .1845037     2.84   0.005     .1608848    .8856487
   trend_338 |   .8581266   .1950301     4.40   0.000     .4750697    1.241184
   trend_339 |  -.3011126   .1994102    -1.51   0.132    -.6927725    .0905472
   trend_340 |   .3480122   .1988497     1.75   0.081    -.0425468    .7385711
   trend_341 |   .4424255   .2799778     1.58   0.115    -.1074765    .9923274
   trend_342 |   .0865769   .2399236     0.36   0.718     -.384655    .5578087
   trend_343 |   1.790621    .487828     3.67   0.000     .8324828     2.74876
   trend_344 |   2.674527   .1938922    13.79   0.000     2.293705    3.055349
   trend_345 |          0  (omitted)
   trend_346 |   -.135653   .1805902    -0.75   0.453    -.4903486    .2190427
   trend_347 |   3.974739   .4117358     9.65   0.000     3.166053    4.783426
   trend_348 |    1.89738   .3904067     4.86   0.000     1.130585    2.664174
   trend_349 |  -.8738896   .4679667    -1.87   0.062    -1.793019    .0452395
   trend_350 |  -3.326995   .2732593   -12.18   0.000    -3.863701   -2.790289
   trend_351 |    1.32986   .3480566     3.82   0.000     .6462452    2.013475
   trend_352 |   2.348763   .3536104     6.64   0.000      1.65424    3.043286
   trend_353 |   1.172653   .2200496     5.33   0.000     .7404557     1.60485
   trend_354 |   6.522097   .4745673    13.74   0.000     5.590004    7.454191
   trend_355 |  -8.011091   .5850925   -13.69   0.000    -9.160266   -6.861916
   trend_356 |   .2389719   .3199455     0.75   0.455    -.3894302     .867374
   trend_357 |  -.4389717   .2513584    -1.75   0.081    -.9326626    .0547191
   trend_358 |  -.4679743   .2774299    -1.69   0.092    -1.012872    .0769233
   trend_359 |  -.1664133   .2493767    -0.67   0.505    -.6562118    .3233852
   trend_360 |  -.2609384   .3968079    -0.66   0.511    -1.040305    .5184284
   trend_361 |  -.0473127    .258547    -0.18   0.855    -.5551227    .4604972
   trend_362 |   .3573538   .2543749     1.40   0.161    -.1422616    .8569692
   trend_363 |    .996639   .3464863     2.88   0.004     .3161083     1.67717
   trend_364 |   .2281631   .3133502     0.73   0.467    -.3872853    .8436115
   trend_365 |   .6906526   .2503166     2.76   0.006     .1990081    1.182297
   trend_366 |  -.3452197   .2507888    -1.38   0.169    -.8377917    .1473523
   trend_367 |  -.1447443   .3097367    -0.47   0.640    -.7530954    .4636067
   trend_368 |   .1438883   .3015996     0.48   0.633    -.4484809    .7362574
   trend_369 |   .4516641   .3471309     1.30   0.194    -.2301326    1.133461
   trend_370 |   .5820178   .3068015     1.90   0.058    -.0205681    1.184604
   trend_371 |  -.4717388   .2513788    -1.88   0.061    -.9654697     .021992
   trend_372 |  -.2851451   .2986357    -0.95   0.340    -.8716927    .3014025
   trend_373 |   -.462502   .2482426    -1.86   0.063    -.9500731    .0250691
   trend_374 |   .1573716   .3541993     0.44   0.657    -.5383082    .8530513
   trend_375 |  -.2794923   .2506817    -1.11   0.265    -.7718539    .2128693
   trend_376 |   .0424402   .2836961     0.15   0.881    -.5147648    .5996452
   trend_377 |  -.5379077    .247434    -2.17   0.030    -1.023891   -.0519248
   trend_378 |  -.1124205   .3152478    -0.36   0.722    -.7315959    .5067549
   trend_379 |  -.1349439   .3633251    -0.37   0.710    -.8485474    .5786595
   trend_380 |  -.0742566   .2778274    -0.27   0.789     -.619935    .4714217
   trend_381 |   .6850704   .3440772     1.99   0.047     .0092715    1.360869
   trend_382 |  -.3154638   .2667745    -1.18   0.237    -.8394332    .2085056
   trend_383 |   .1185001   .2737993     0.43   0.665    -.4192667    .6562668
   trend_384 |   .8090319   .3368747     2.40   0.017     .1473794    1.470684
   trend_385 |   .3829012    .248361     1.54   0.124    -.1049023    .8707048
   trend_386 |   .6045743   .3162145     1.91   0.056    -.0164997    1.225648
   trend_387 |  -.2221425   .2474948    -0.90   0.370    -.7082448    .2639599
   trend_388 |  -.3431327   .2004278    -1.71   0.087    -.7367911    .0505256
   trend_389 |  -.1800835   .2002673    -0.90   0.369    -.5734266    .2132597
   trend_390 |  -.3617746   .1980089    -1.83   0.068     -.750682    .0271329
   trend_391 |   .1058139    .193964     0.55   0.586    -.2751489    .4867768
   trend_392 |  -.1168488   .1883767    -0.62   0.535    -.4868378    .2531401
   trend_393 |  -.5418868    .193764    -2.80   0.005    -.9224568   -.1613167
   trend_394 |    .058131   .1914211     0.30   0.761    -.3178375    .4340994
   trend_395 |  -.0462385   .2189959    -0.21   0.833    -.4763664    .3838895
   trend_396 |  -.4940788   .1944896    -2.54   0.011    -.8760741   -.1120836
   trend_397 |  -.3416344   .2601822    -1.31   0.190    -.8526558    .1693871
   trend_398 |  -.5174395   .1936104    -2.67   0.008     -.897708    -.137171
   trend_399 |  -.6527036   .2073289    -3.15   0.002    -1.059916   -.2454907
   trend_400 |  -.1026739   .2172796    -0.47   0.637    -.5294308    .3240831
   trend_401 |  -.0425071   .1930248    -0.22   0.826    -.4216254    .3366113
   trend_402 |  -.2754376    .193031    -1.43   0.154     -.654568    .1036928
   trend_403 |   .8178669   .2687864     3.04   0.002     .2899459    1.345788
   trend_404 |  -.7435979   .2318615    -3.21   0.001    -1.198995   -.2882008
   trend_405 |    .727909     .19217     3.79   0.000     .3504697    1.105348
   trend_406 |  -.4136707   .3139559    -1.32   0.188    -1.030309    .2029672
   trend_407 |   1.814461   .2431687     7.46   0.000     1.336856    2.292067
   trend_408 |   .6945693   .2802913     2.48   0.013     .1440517    1.245087
   trend_409 |  -.3797516   .1979717    -1.92   0.056    -.7685861    .0090829
   trend_410 |  -.2871319    .190459    -1.51   0.132    -.6612109     .086947
   trend_411 |   .7249791   .2270762     3.19   0.001     .2789808    1.170977
   trend_412 |   1.228489   .2087626     5.88   0.000     .8184607    1.638518
   trend_413 |   .4648135   .2130175     2.18   0.030     .0464278    .8831992
   trend_414 |   1.735542    .217918     7.96   0.000     1.307531    2.163552
   trend_415 |   .0789446     .19587     0.40   0.687    -.3057619    .4636511
   trend_416 |   .1205874   .2260715     0.53   0.594    -.3234377    .5646125
   trend_417 |   .3862778   .2239079     1.73   0.085    -.0534978    .8260534
   trend_418 |    .654049    .232769     2.81   0.005     .1968696    1.111228
   trend_419 |   .2095422   .2100502     1.00   0.319    -.2030155    .6220999
   trend_420 |   .1278582    .197303     0.65   0.517    -.2596629    .5153793
   trend_421 |   .3899345   .2045475     1.91   0.057    -.0118153    .7916843
   trend_422 |   .1664949   .1928636     0.86   0.388    -.2123068    .5452967
   trend_423 |   .7324027   .2248835     3.26   0.001     .2907111    1.174094
   trend_424 |   .6375062   .2472968     2.58   0.010     .1517927     1.12322
   trend_425 |   .0594052   .2144471     0.28   0.782    -.3617885    .4805988
   trend_426 |   .0264442   .2476683     0.11   0.915    -.4599988    .5128872
   trend_427 |  -.0119614   .1831775    -0.07   0.948    -.3717387    .3478158
   trend_428 |   .3813035   .1986569     1.92   0.055    -.0088768    .7714838
   trend_429 |   .6546987    .182609     3.59   0.000     .2960381    1.013359
   trend_430 |    .222972   .2403075     0.93   0.354    -.2490139    .6949578
   trend_431 |   .1975612    .211806     0.93   0.351     -.218445    .6135675
   trend_432 |   .0275585   .2066662     0.13   0.894    -.3783528    .4334698
   trend_433 |  -.2545903   .2011768    -1.27   0.206    -.6497199    .1405393
   trend_434 |  -.0292641   .2569953    -0.11   0.909    -.5340263     .475498
   trend_435 |   .2288405   .2166492     1.06   0.291    -.1966783    .6543594
   trend_436 |   .1669016   .2445719     0.68   0.495    -.3134599     .647263
   trend_437 |  -.0687565   .2489255    -0.28   0.782    -.5576688    .4201558
   trend_438 |  -.0091061    .211448    -0.04   0.966    -.4244093     .406197
   trend_439 |  -.6268085   .2412482    -2.60   0.010    -1.100642   -.1529752
   trend_440 |  -.0553726   .2143662    -0.26   0.796    -.4764073    .3656621
   trend_441 |   .0039907   .2370029     0.02   0.987    -.4615047     .469486
   trend_442 |  -.0714385   .2460149    -0.29   0.772    -.5546341    .4117572
   trend_443 |   .2566145   .2401636     1.07   0.286    -.2150888    .7283177
   trend_444 |  -.2287224   .2110384    -1.08   0.279     -.643221    .1857762
   trend_445 |   .8698439   .8644887     1.01   0.315    -.8280906    2.567778
   trend_446 |   .7428073   .2206561     3.37   0.001     .3094187    1.176196
   trend_447 |   .3014701   .1885136     1.60   0.110    -.0687878     .671728
   trend_448 |  -.0975127   .2151934    -0.45   0.651    -.5201721    .3251466
   trend_449 |  -1.383863   .2115664    -6.54   0.000    -1.799398   -.9683271
   trend_450 |  -.5446534      .2102    -2.59   0.010    -.9575053   -.1318015
   trend_451 |  -.8958009   .2171677    -4.12   0.000    -1.322338   -.4692637
   trend_452 |    .245049   .2174045     1.13   0.260    -.1819532    .6720512
   trend_453 |  -.4783553   .2220541    -2.15   0.032    -.9144898   -.0422209
   trend_454 |  -.6639371    .215149    -3.09   0.002    -1.086509   -.2413649
   trend_455 |  -.2907136   .2130279    -1.36   0.173    -.7091198    .1276927
   trend_456 |  -.6677039   .1962564    -3.40   0.001    -1.053169   -.2822385
   trend_457 |  -4.038127   .2209423   -18.28   0.000    -4.472078   -3.604176
   trend_458 |   1.542913   .2073217     7.44   0.000     1.135714    1.950111
   trend_459 |   .1473854   .2146517     0.69   0.493      -.27421    .5689808
   trend_460 |   1.202143   .1816626     6.62   0.000     .8453415    1.558945
   trend_461 |   .7657663   .1846064     4.15   0.000     .4031826     1.12835
   trend_462 |   2.291432   .1850237    12.38   0.000     1.928029    2.654836
   trend_463 |   .3591316   .2041487     1.76   0.079     -.041835    .7600982
   trend_464 |   1.500805   .1982483     7.57   0.000     1.111427    1.890182
   trend_465 |   1.743908   .2212925     7.88   0.000      1.30927    2.178547
   trend_466 |    .967882   .1854376     5.22   0.000     .6036656    1.332098
   trend_467 |   1.656149   .1848037     8.96   0.000     1.293177     2.01912
   trend_468 |   2.602975   .1919982    13.56   0.000     2.225873    2.980077
   trend_469 |   .7111554   .1873256     3.80   0.000     .3432308     1.07908
   trend_470 |   1.129884    .183492     6.16   0.000     .7694891    1.490279
   trend_471 |   1.086267   .1943328     5.59   0.000     .7045796    1.467954
   trend_472 |   2.977469   .2061447    14.44   0.000     2.572582    3.382356
   trend_473 |   2.102225   .1767483    11.89   0.000     1.755075    2.449374
   trend_474 |    .288663   .2167787     1.33   0.184    -.1371101    .7144362
   trend_475 |   .1452499   .1858639     0.78   0.435    -.2198037    .5103035
   trend_476 |   .0890955   .1935575     0.46   0.645    -.2910691      .46926
   trend_477 |   .2077684   .1822966     1.14   0.255    -.1502787    .5658156
   trend_478 |  -.0335102   .1831951    -0.18   0.855     -.393322    .3263016
   trend_479 |  -.0666633   .1997795    -0.33   0.739    -.4590484    .3257218
   trend_480 |   .5831201   .1974015     2.95   0.003     .1954056    .9708347
   trend_481 |  -.3754848   .1850022    -2.03   0.043     -.738846   -.0121236
   trend_482 |  -.0215327   .1999613    -0.11   0.914    -.4142748    .3712094
   trend_483 |   .1071738   .1829002     0.59   0.558    -.2520589    .4664065
   trend_484 |  -.2515944   .2024366    -1.24   0.214    -.6491983    .1460094
   trend_485 |  -.0970726   .1973827    -0.49   0.623    -.4847502     .290605
   trend_486 |   .1645467   .1993327     0.83   0.409    -.2269608    .5560543
   trend_487 |   -.128832   .2047982    -0.63   0.530    -.5310743    .2734103
   trend_488 |  -.0295383   .1926506    -0.15   0.878    -.4079216    .3488449
   trend_489 |   .4536964   .2013225     2.25   0.025     .0582807     .849112
   trend_490 |  -.1842804   .2006875    -0.92   0.359    -.5784488     .209888
   trend_491 |   .0921703   .5696402     0.16   0.872    -1.026655    1.210995
   trend_492 |   -.312995   .2896567    -1.08   0.280    -.8819071    .2559171
   trend_493 |  -.3734296   .4249846    -0.88   0.380    -1.208138    .4612788
   trend_494 |  -.3207151   .1867592    -1.72   0.086    -.6875272     .046097
   trend_495 |  -.9723829    .459206    -2.12   0.035    -1.874305   -.0704605
   trend_496 |   -1.36717   .4278339    -3.20   0.001    -2.207474    -.526865
   trend_497 |    -1.0675    .443152    -2.41   0.016    -1.937891   -.1971089
   trend_498 |  -1.143774   .2733937    -4.18   0.000    -1.680744    -.606804
   trend_499 |  -1.101527   .1929562    -5.71   0.000     -1.48051   -.7225434
   trend_500 |  -.8125751   .4121729    -1.97   0.049     -1.62212     -.00303
   trend_501 |  -.5370373   .2417403    -2.22   0.027    -1.011837   -.0622373
   trend_502 |  -1.638018   .5431203    -3.02   0.003    -2.704756   -.5712808
   trend_503 |  -.4899277   .4488199    -1.09   0.275    -1.371451    .3915954
   trend_504 |  -.1709191   .9398257    -0.18   0.856    -2.016822    1.674984
   trend_505 |   .2091627   .4155817     0.50   0.615    -.6070776    1.025403
   trend_506 |   2.820288   .1926648    14.64   0.000     2.441877    3.198699
   trend_507 |   .4630994   .1882452     2.46   0.014     .0933687      .83283
   trend_508 |   .6703823   .1818636     3.69   0.000     .3131856    1.027579
   trend_509 |  -.1303817   .1850995    -0.70   0.481    -.4939339    .2331705
   trend_510 |  -.0271357   .1818443    -0.15   0.881    -.3842944    .3300231
   trend_511 |   .4479482    .195656     2.29   0.022     .0636619    .8322344
   trend_512 |   .6479818   .2021615     3.21   0.001     .2509182    1.045045
   trend_513 |   .2541976   .1893738     1.34   0.180    -.1177497    .6261449
   trend_514 |  -.2888915   .1818685    -1.59   0.113    -.6460978    .0683147
   trend_515 |   .7789311   .1896386     4.11   0.000     .4064636    1.151399
   trend_516 |  -.5602415   .2014199    -2.78   0.006    -.9558486   -.1646344
   trend_517 |    .140724   .1902294     0.74   0.460    -.2329039    .5143518
   trend_518 |   .4632847   .1823242     2.54   0.011     .1051834     .821386
   trend_519 |   .2804556    .181514     1.55   0.123    -.0760544    .6369656
   trend_520 |  -.0601915    .184019    -0.33   0.744    -.4216215    .3012385
   trend_521 |   .8690328   .1927508     4.51   0.000     .4904526    1.247613
   trend_522 |   .2976747   .1918403     1.55   0.121    -.0791171    .6744666
   trend_523 |   .3727185   .1840538     2.03   0.043     .0112202    .7342169
   trend_524 |   .9822295   .1830293     5.37   0.000     .6227433    1.341716
   trend_525 |    .056543   .1832042     0.31   0.758    -.3032868    .4163728
   trend_526 |   .2120057   .1917441     1.11   0.269    -.1645972    .5886086
   trend_527 |   1.071361   .1862473     5.75   0.000     .7055538    1.437167
   trend_528 |  -.1958739   .2025913    -0.97   0.334    -.5937817    .2020339
   trend_529 |   .5996248   .2064526     2.90   0.004     .1941331    1.005117
   trend_530 |   1.056333   .1997065     5.29   0.000     .6640917    1.448575
   trend_531 |   1.296625   .2032677     6.38   0.000     .8973882    1.695861
   trend_532 |   .1908092   .1901657     1.00   0.316    -.1826935    .5643118
   trend_533 |   .1933424    .189142     1.02   0.307    -.1781496    .5648345
   trend_534 |   .1199358   .1927696     0.62   0.534    -.2586813    .4985529
   trend_535 |  -.0988246   .1899254    -0.52   0.603    -.4718553     .274206
   trend_536 |   .4282619   .1944151     2.20   0.028      .046413    .8101108
   trend_537 |    .185748   .1930914     0.96   0.336    -.1935011    .5649972
   trend_538 |  -.0910082   .1813478    -0.50   0.616    -.4471917    .2651753
   trend_539 |  -.1279201   .1838978    -0.70   0.487     -.489112    .2332719
   trend_540 |  -.2190975   .1956586    -1.12   0.263    -.6033887    .1651937
   trend_541 |  -.1111416   .1837614    -0.60   0.546    -.4720658    .2497825
   trend_542 |  -.2132682   .1817237    -1.17   0.241      -.57019    .1436536
   trend_543 |   .8946129   .5849457     1.53   0.127    -.2542736      2.0435
   trend_544 |  -.1761724    .202475    -0.87   0.385    -.5738517     .221507
   trend_545 |  -.2342977   .1911001    -1.23   0.221    -.6096357    .1410403
   trend_546 |  -.2327208   .1918877    -1.21   0.226    -.6096057     .144164
   trend_547 |  -1.197964   .2026791    -5.91   0.000    -1.596044   -.7998837
   trend_548 |  -.0785796   .1827296    -0.43   0.667    -.4374771    .2803179
   trend_549 |  -.0523862   .1927927    -0.27   0.786    -.4310487    .3262762
   trend_550 |  -.1984268   .1932694    -1.03   0.305    -.5780255    .1811719
   trend_551 |  -.6704036   .1911674    -3.51   0.000    -1.045874   -.2949334
   trend_552 |   .0929196   .1949964     0.48   0.634    -.2900711    .4759103
   trend_553 |    .054203   .2084075     0.26   0.795    -.3551283    .4635343
   trend_554 |  -.9900214   .1830919    -5.41   0.000     -1.34963   -.6304123
   trend_555 |  -.3343051   .1831191    -1.83   0.068    -.6939676    .0253575
   trend_556 |  -.1449144   .1910345    -0.76   0.448    -.5201236    .2302947
   trend_557 |  -.0149952   .1843146    -0.08   0.935    -.3770059    .3470154
   trend_558 |  -.7361549   .1813184    -4.06   0.000    -1.092281   -.3800291
   trend_559 |   .0482092   .1888695     0.26   0.799    -.3227477    .4191662
   trend_560 |   .4899042   .1957623     2.50   0.013     .1054092    .8743991
   trend_561 |   .5148147    .300919     1.71   0.088    -.0762175    1.105847
   trend_562 |    .190163   .0452221     4.21   0.000     .1013426    .2789833
   trend_563 |   .5943102   .2729498     2.18   0.030     .0582119    1.130408
   trend_564 |   .5975137   .2314165     2.58   0.010     .1429907    1.052037
   trend_565 |   .5956996   .0644796     9.24   0.000     .4690558    .7223433
   trend_566 |    .683482   .0712044     9.60   0.000     .5436301    .8233339
   trend_567 |   .0702328   .3853366     0.18   0.855    -.6866033    .8270689
   trend_568 |   .0934253   .0518476     1.80   0.072    -.0084081    .1952588
   trend_569 |   .0395867    .190672     0.21   0.836    -.3349105    .4140839
   trend_570 |   1.079107   .0960927    11.23   0.000     .8903723    1.267842
   trend_571 |   .3975054    .228992     1.74   0.083    -.0522558    .8472665
   trend_572 |   .9724146    .076119    12.77   0.000       .82291    1.121919
   trend_573 |   .0540655   .0528194     1.02   0.306    -.0496766    .1578076
   trend_574 |   .4929572   .0838049     5.88   0.000     .3283567    .6575576
   trend_575 |   -.032548     .30395    -0.11   0.915    -.6295336    .5644375
   trend_576 |   1.369526    .235279     5.82   0.000     .9074171    1.831636
   trend_577 |          0  (omitted)
MismoParti~G |   .0758923     .21402     0.35   0.723    -.3444624     .496247
       _cons |  -.0391433   4.468496    -0.01   0.993    -8.815676    8.737389
------------------------------------------------------------------------------
r; t=195.40 15:37:35

. areg prop Corrupt_25 grade_1 grade_2 Turn_* yy_* HOMI_CAP_MUN  total mis_tot 
> CorruptPast_25 Already Auditada P_* MismoPartidoG,  absorb(clavedelae) cluste
> r(clave_mun)
note: Turn_4 omitted because of collinearity.
note: yy_1 omitted because of collinearity.
note: yy_2 omitted because of collinearity.
note: yy_3 omitted because of collinearity.
note: yy_11 omitted because of collinearity.
note: P_82 omitted because of collinearity.
note: P_L_70 omitted because of collinearity.
note: P_L_73 omitted because of collinearity.

Linear regression, absorbing indicators            Number of obs     = 340,009
Absorbed variable: clavedelaescuela                No. of categories =  21,759
                                                   F(132, 576)       =       .
                                                   Prob > F          =       .
                                                   R-squared         =  0.2683
                                                   Adj R-squared     =  0.2179
                                                   Root MSE          = 11.0164

                            (Std. err. adjusted for 577 clusters in clave_mun)
------------------------------------------------------------------------------
             |               Robust
        prop | Coefficient  std. err.      t    P>|t|     [95% conf. interval]
-------------+----------------------------------------------------------------
  Corrupt_25 |     .43458   .1798324     2.42   0.016     .0813729    .7877871
     grade_1 |   -2.63835   .1135507   -23.23   0.000    -2.861374   -2.415326
     grade_2 |  -.8626422   .0613005   -14.07   0.000     -.983042   -.7422425
      Turn_1 |   2.432883   3.601855     0.68   0.500    -4.641488    9.507254
      Turn_2 |   1.268114   3.583031     0.35   0.724    -5.769285    8.305513
      Turn_3 |   .7014239   3.877787     0.18   0.857    -6.914903    8.317751
      Turn_4 |          0  (omitted)
        yy_1 |          0  (omitted)
        yy_2 |          0  (omitted)
        yy_3 |          0  (omitted)
        yy_4 |  -3.288636    .339938    -9.67   0.000    -3.956305   -2.620967
        yy_5 |  -2.648666    .272325    -9.73   0.000    -3.183537   -2.113795
        yy_6 |   1.072102   .2863904     3.74   0.000     .5096052    1.634599
        yy_7 |  -.4078532   .2146137    -1.90   0.058    -.8293739    .0136676
        yy_8 |   .2493055   .1975482     1.26   0.207    -.1386971    .6373082
        yy_9 |  -.5922115   .1725819    -3.43   0.001    -.9311781   -.2532449
       yy_10 |   2.580748   .2405682    10.73   0.000      2.10825    3.053246
       yy_11 |          0  (omitted)
HOMI_CAP_MUN |  -396.2886    259.777    -1.53   0.128    -906.5144    113.9371
       total |  -6.97e-10   2.31e-10    -3.02   0.003    -1.15e-09   -2.44e-10
     mis_tot |  -.3907567   .3100145    -1.26   0.208    -.9996535      .21814
CorruptPa~25 |  -.1739757   .2130566    -0.82   0.415    -.5924382    .2444869
AlreadyAud~d |  -.0904526   .1958438    -0.46   0.644    -.4751077    .2942024
    Auditada |  -.0901285   .1323308    -0.68   0.496    -.3500383    .1697813
         P_1 |   1.588278   1.410899     1.13   0.261    -1.182856    4.359412
         P_2 |  -.4221516   1.098522    -0.38   0.701     -2.57975    1.735447
         P_3 |   2.620995   1.334635     1.96   0.050    -.0003486    5.242339
         P_4 |   .6868033    1.24288     0.55   0.581    -1.754327    3.127934
         P_5 |   1.517031   1.154243     1.31   0.189    -.7500066    3.784069
         P_6 |   .1473959   1.176957     0.13   0.900    -2.164255    2.459046
         P_7 |   2.943539   1.726636     1.70   0.089    -.4477315     6.33481
         P_8 |  -.3633508   1.417045    -0.26   0.798    -3.146556    2.419854
         P_9 |    1.80232   1.147577     1.57   0.117    -.4516257    4.056266
        P_10 |  -2.082809   1.185936    -1.76   0.080    -4.412094    .2464767
        P_11 |  -.8138102   1.536008    -0.53   0.596    -3.830671     2.20305
        P_12 |   2.294503   1.557192     1.47   0.141    -.7639637     5.35297
        P_13 |  -2.831056   1.126233    -2.51   0.012     -5.04308   -.6190309
        P_14 |   .7167389   1.450805     0.49   0.621    -2.132774    3.566252
        P_15 |  -.5369497   1.099533    -0.49   0.625    -2.696532    1.622632
        P_16 |   1.222876   1.181997     1.03   0.301    -1.098673    3.544425
        P_17 |  -1.125246   1.126599    -1.00   0.318    -3.337988    1.087496
        P_18 |   5.978091   1.117214     5.35   0.000     3.783781    8.172401
        P_19 |   .2205511   1.100837     0.20   0.841    -1.941593    2.382696
        P_20 |   3.374185   1.219871     2.77   0.006     .9782472    5.770123
        P_21 |  -.4659082   1.149881    -0.41   0.685    -2.724379    1.792563
        P_22 |   .7909305   1.130456     0.70   0.484    -1.429389     3.01125
        P_23 |  -1.271727   1.159018    -1.10   0.273    -3.548145     1.00469
        P_24 |   .3101428   1.133422     0.27   0.784       -1.916    2.536286
        P_25 |   1.522182   1.248907     1.22   0.223    -.9307846    3.975149
        P_26 |   .1237511   1.240124     0.10   0.921    -2.311966    2.559468
        P_27 |  -.3475685   1.117287    -0.31   0.756    -2.542023    1.846886
        P_28 |   .9814142   1.517506     0.65   0.518    -1.999105    3.961934
        P_29 |  -2.784232   1.251826    -2.22   0.027    -5.242932   -.3255329
        P_30 |   1.413375   1.150884     1.23   0.220    -.8470663    3.673817
        P_31 |   2.876371   1.401976     2.05   0.041     .1227634    5.629979
        P_32 |   1.735587   1.222118     1.42   0.156    -.6647646    4.135938
        P_33 |  -1.094377   1.183359    -0.92   0.355    -3.418603    1.229848
        P_34 |   .7636308   1.204043     0.63   0.526    -1.601219    3.128481
        P_35 |   .8273881   1.204361     0.69   0.492    -1.538087    3.192863
        P_36 |   .6874795   1.115545     0.62   0.538    -1.503552    2.878511
        P_37 |  -1.499852   1.427713    -1.05   0.294     -4.30401    1.304306
        P_38 |    2.46503   1.228794     2.01   0.045     .0515671    4.878493
        P_39 |    1.55569   1.148015     1.36   0.176     -.699116    3.810496
        P_40 |   .1476372   1.271131     0.12   0.908    -2.348979    2.644254
        P_41 |   1.145827   1.159701     0.99   0.324    -1.131931    3.423585
        P_42 |   1.463923   1.104005     1.33   0.185    -.7044428    3.632289
        P_43 |   .5230945     1.8974     0.28   0.783    -3.203572    4.249761
        P_44 |  -4.021582   1.306752    -3.08   0.002    -6.588162   -1.455002
        P_45 |   .4209368   1.283928     0.33   0.743    -2.100815    2.942688
        P_46 |   3.512548   1.104975     3.18   0.002     1.342277    5.682819
        P_47 |    1.24093    1.18391     1.05   0.295    -1.084378    3.566238
        P_48 |   1.287653    1.30384     0.99   0.324    -1.273209    3.848514
        P_49 |   3.052932   1.157266     2.64   0.009     .7799566    5.325908
        P_50 |   4.137768   1.904769     2.17   0.030      .396628    7.878908
        P_51 |  -1.130827   1.103584    -1.02   0.306    -3.298366    1.036712
        P_52 |   1.362035    1.44966     0.94   0.348     -1.48523      4.2093
        P_53 |   .1773778   1.140947     0.16   0.877    -2.063546    2.418301
        P_54 |    -2.3211     1.2203    -1.90   0.058     -4.71788    .0756804
        P_55 |  -1.708541   1.119616    -1.53   0.128    -3.907568    .4904859
        P_56 |  -.9021117   2.200836    -0.41   0.682    -5.224754     3.42053
        P_57 |   2.864725    1.07198     2.67   0.008     .7592592    4.970191
        P_58 |   .4494181   1.118361     0.40   0.688    -1.747146    2.645982
        P_59 |  -1.728045   1.549115    -1.12   0.265    -4.770649    1.314558
        P_60 |   .0892528   1.131814     0.08   0.937    -2.133732    2.312238
        P_61 |  -.6686306    1.13034    -0.59   0.554     -2.88872    1.551459
        P_62 |   .4788069   1.103086     0.43   0.664    -1.687754    2.645368
        P_63 |  -1.508687   1.321973    -1.14   0.254    -4.105161    1.087788
        P_64 |    1.51241   1.232771     1.23   0.220    -.9088641    3.933685
        P_65 |  -.4054901   1.658772    -0.24   0.807     -3.66347    2.852489
        P_66 |   -.001196   1.070144    -0.00   0.999    -2.103057    2.100665
        P_67 |   .6677524   1.103919     0.60   0.545    -1.500444    2.835949
        P_68 |  -.2062614   1.154735    -0.18   0.858    -2.474266    2.061743
        P_69 |  -.4790631   1.248688    -0.38   0.701    -2.931601    1.973475
        P_70 |   8.593362   6.181735     1.39   0.165    -3.548129    20.73485
        P_71 |   2.425348   1.452418     1.67   0.095    -.4273329    5.278029
        P_72 |   1.648062     1.3271     1.24   0.215    -.9584838    4.254607
        P_73 |  -.9007343   1.090913    -0.83   0.409    -3.043387    1.241918
        P_74 |   2.933307    1.33257     2.20   0.028     .3160175    5.550596
        P_75 |  -2.263599   1.515498    -1.49   0.136    -5.240174     .712976
        P_76 |  -1.187775    1.44917    -0.82   0.413    -4.034077    1.658527
        P_77 |   2.054095   1.476534     1.39   0.165    -.8459519    4.954141
        P_78 |   3.115243   1.461248     2.13   0.033     .2452192    5.985267
        P_79 |  -11.60878   1.008388   -11.51   0.000    -13.58935   -9.628214
        P_80 |   1.339967   1.181726     1.13   0.257      -.98105    3.660984
        P_81 |   -2.58998   1.350523    -1.92   0.056     -5.24253    .0625705
        P_82 |          0  (omitted)
       P_L_1 |   .5802463   1.332825     0.44   0.663    -2.037543    3.198035
       P_L_2 |  -1.457125   1.081827    -1.35   0.179    -3.581931    .6676825
       P_L_3 |  -.8434214    1.20375    -0.70   0.484    -3.207696    1.520854
       P_L_4 |  -.5819226    1.28772    -0.45   0.652    -3.111123    1.947277
       P_L_5 |  -1.681952   1.096637    -1.53   0.126    -3.835846    .4719426
       P_L_6 |  -.2682555   1.156054    -0.23   0.817     -2.53885    2.002339
       P_L_7 |  -2.037531   1.273947    -1.60   0.110    -4.539679    .4646163
       P_L_8 |   -.445138   1.126367    -0.40   0.693    -2.657426     1.76715
       P_L_9 |  -1.922348   1.153776    -1.67   0.096     -4.18847    .3437736
      P_L_10 |  -1.405971   1.319749    -1.07   0.287    -3.998078    1.186137
      P_L_11 |  -1.015867   1.249787    -0.81   0.417    -3.470563    1.438828
      P_L_12 |  -.7574391    1.10215    -0.69   0.492    -2.922163    1.407285
      P_L_13 |   3.329845   1.076927     3.09   0.002     1.214661    5.445028
      P_L_14 |  -1.373315   1.258067    -1.09   0.275    -3.844274    1.097644
      P_L_15 |  -1.554931   1.138938    -1.37   0.173    -3.791909    .6820482
      P_L_16 |  -3.077305   1.195438    -2.57   0.010    -5.425255   -.7293561
      P_L_17 |   .6426704   1.187486     0.54   0.589     -1.68966    2.975001
      P_L_18 |   .3383343   1.082167     0.31   0.755    -1.787141     2.46381
      P_L_19 |  -2.846491    1.34506    -2.12   0.035    -5.488313     -.20467
      P_L_20 |  -2.121921   1.104371    -1.92   0.055    -4.291006    .0471645
      P_L_21 |   -.997498   1.121874    -0.89   0.374     -3.20096    1.205964
      P_L_22 |  -.2979571   1.128013    -0.26   0.792    -2.513478    1.917564
      P_L_23 |  -.0814218   1.080074    -0.08   0.940    -2.202785    2.039942
      P_L_24 |   .2714324   1.135105     0.24   0.811    -1.958016    2.500881
      P_L_25 |  -1.210963    1.15597    -1.05   0.295    -3.481392    1.059467
      P_L_26 |  -1.111064   1.184993    -0.94   0.349    -3.438499     1.21637
      P_L_27 |  -2.967501   1.279096    -2.32   0.021    -5.479762   -.4552405
      P_L_28 |  -.7314191   1.119902    -0.65   0.514    -2.931009    1.468171
      P_L_29 |   .7003613   1.602177     0.44   0.662    -2.446459    3.847182
      P_L_30 |  -.2246963   1.139738    -0.20   0.844    -2.463246    2.013853
      P_L_31 |  -.4523798   1.114516    -0.41   0.685    -2.641391    1.736631
      P_L_32 |   2.459872   1.388731     1.77   0.077    -.2677211    5.187466
      P_L_33 |  -1.035195   1.127797    -0.92   0.359    -3.250291    1.179901
      P_L_34 |  -.7465036   1.104317    -0.68   0.499    -2.915482    1.422475
      P_L_35 |   3.886551   4.937443     0.79   0.432    -5.811036    13.58414
      P_L_36 |  -2.098839    1.13685    -1.85   0.065    -4.331716    .1340388
      P_L_37 |  -.8872257   1.125871    -0.79   0.431    -3.098539    1.324088
      P_L_38 |  -1.150344   1.119575    -1.03   0.305    -3.349292    1.048603
      P_L_39 |  -3.259897   2.160672    -1.51   0.132    -7.503653    .9838586
      P_L_40 |   3.597951     1.1761     3.06   0.002     1.287983    5.907919
      P_L_41 |   3.203197   1.190608     2.69   0.007     .8647349    5.541659
      P_L_42 |  -.8249721   1.108813    -0.74   0.457    -3.002783    1.352839
      P_L_43 |   1.754884   1.122748     1.56   0.119    -.4502951    3.960063
      P_L_44 |   .8731656   1.226696     0.71   0.477    -1.536178    3.282509
      P_L_45 |  -2.016894   1.090631    -1.85   0.065    -4.158992    .1252045
      P_L_46 |  -1.033793   1.098578    -0.94   0.347    -3.191501    1.123914
      P_L_47 |   -1.55693   1.197551    -1.30   0.194    -3.909029    .7951686
      P_L_48 |   2.070467    1.64452     1.26   0.209     -1.15952    5.300453
      P_L_49 |   .0695647   1.279661     0.05   0.957    -2.443807    2.582936
      P_L_50 |  -.2329006   1.309117    -0.18   0.859    -2.804126    2.338325
      P_L_51 |   2.658187   1.079834     2.46   0.014     .5372942     4.77908
      P_L_52 |  -.1412564   1.069619    -0.13   0.895    -2.242086    1.959574
      P_L_53 |  -.8101967   1.459959    -0.55   0.579    -3.677689    2.057296
      P_L_54 |   .7607113   1.387254     0.55   0.584    -1.963982    3.485404
      P_L_55 |  -.8131832   1.202145    -0.68   0.499    -3.174306     1.54794
      P_L_56 |  -.7283787   1.053121    -0.69   0.489    -2.796805    1.340047
      P_L_57 |  -.3629263   1.062579    -0.34   0.733    -2.449928    1.724075
      P_L_58 |   -1.29452   1.120215    -1.16   0.248    -3.494724    .9056835
      P_L_59 |  -.0300354   1.110472    -0.03   0.978    -2.211103    2.151033
      P_L_60 |  -1.306177   1.183144    -1.10   0.270    -3.629979    1.017625
      P_L_61 |  -2.582941   1.235754    -2.09   0.037    -5.010076   -.1558072
      P_L_62 |  -.7710572    1.09513    -0.70   0.482    -2.921991    1.379877
      P_L_63 |  -.0292008   1.492962    -0.02   0.984    -2.961514    2.903112
      P_L_64 |   .4541257   1.125711     0.40   0.687    -1.756872    2.665124
      P_L_65 |  -3.231214   1.131042    -2.86   0.004    -5.452683   -1.009745
      P_L_66 |  -.7741319   1.265287    -0.61   0.541     -3.25927    1.711007
      P_L_67 |  -.9140361    1.30588    -0.70   0.484    -3.478904    1.650832
      P_L_68 |   1.497863   1.170598     1.28   0.201    -.8012982    3.797023
      P_L_69 |  -2.637232   1.300154    -2.03   0.043    -5.190853   -.0836114
      P_L_70 |          0  (omitted)
      P_L_71 |   -.803879   1.090624    -0.74   0.461    -2.945963    1.338205
      P_L_72 |  -1.018248    1.23522    -0.82   0.410    -3.444332    1.407837
      P_L_73 |          0  (omitted)
MismoParti~G |   .2882532   .1594168     1.81   0.071    -.0248558    .6013623
       _cons |   3.659994   3.879876     0.94   0.346    -3.960436    11.28042
------------------------------------------------------------------------------
r; t=27.64 15:38:03

. areg prop Corrupt_25 Turn_* yy_* HOMI_CAP_MUN  total mis_tot CorruptPast_25 A
> lready Auditada P_* MismoPartidoG,  absorb(clavedelae) cluster(clave_mun)
note: Turn_4 omitted because of collinearity.
note: yy_1 omitted because of collinearity.
note: yy_2 omitted because of collinearity.
note: yy_3 omitted because of collinearity.
note: yy_11 omitted because of collinearity.
note: P_82 omitted because of collinearity.
note: P_L_70 omitted because of collinearity.
note: P_L_73 omitted because of collinearity.

Linear regression, absorbing indicators            Number of obs     = 340,009
Absorbed variable: clavedelaescuela                No. of categories =  21,759
                                                   F(130, 576)       =       .
                                                   Prob > F          =       .
                                                   R-squared         =  0.2617
                                                   Adj R-squared     =  0.2109
                                                   Root MSE          = 11.0658

                            (Std. err. adjusted for 577 clusters in clave_mun)
------------------------------------------------------------------------------
             |               Robust
        prop | Coefficient  std. err.      t    P>|t|     [95% conf. interval]
-------------+----------------------------------------------------------------
  Corrupt_25 |   .4348895   .1798423     2.42   0.016     .0816628    .7881162
      Turn_1 |   2.512977   3.633812     0.69   0.489     -4.62416    9.650114
      Turn_2 |   1.338247   3.615241     0.37   0.711    -5.762416     8.43891
      Turn_3 |   .7579254   3.904884     0.19   0.846    -6.911622    8.427473
      Turn_4 |          0  (omitted)
        yy_1 |          0  (omitted)
        yy_2 |          0  (omitted)
        yy_3 |          0  (omitted)
        yy_4 |  -2.133619   .3269766    -6.53   0.000    -2.775831   -1.491407
        yy_5 |  -1.494758   .2666232    -5.61   0.000    -2.018431    -.971086
        yy_6 |   2.225661   .2969527     7.50   0.000     1.642419    2.808903
        yy_7 |  -.4174645   .2144356    -1.95   0.052    -.8386356    .0037066
        yy_8 |    .230678    .197589     1.17   0.244    -.1574048    .6187608
        yy_9 |  -.6062097   .1726061    -3.51   0.000    -.9452237   -.2671956
       yy_10 |    2.57003   .2404721    10.69   0.000     2.097721     3.04234
       yy_11 |          0  (omitted)
HOMI_CAP_MUN |  -392.8617   259.6115    -1.51   0.131    -902.7624     117.039
       total |  -6.98e-10   2.31e-10    -3.02   0.003    -1.15e-09   -2.45e-10
     mis_tot |  -.3839313   .3098993    -1.24   0.216    -.9926019    .2247392
CorruptPa~25 |  -.1712073   .2130046    -0.80   0.422    -.5895678    .2471531
AlreadyAud~d |  -.0900767   .1956996    -0.46   0.645    -.4744486    .2942952
    Auditada |  -.0884844   .1325002    -0.67   0.505     -.348727    .1717581
         P_1 |   1.586931   1.416258     1.12   0.263    -1.194729    4.368591
         P_2 |  -.4326987   1.103028    -0.39   0.695    -2.599147     1.73375
         P_3 |   2.619445   1.337566     1.96   0.051    -.0076569    5.246547
         P_4 |   .6765314   1.247786     0.54   0.588    -1.774234    3.127297
         P_5 |    1.51235   1.158763     1.31   0.192    -.7635667    3.788266
         P_6 |    .136427    1.18099     0.12   0.908    -2.183144    2.455998
         P_7 |   2.938401   1.733237     1.70   0.091    -.4658341    6.342637
         P_8 |  -.3729738    1.41994    -0.26   0.793    -3.161866    2.415919
         P_9 |   1.794309   1.151679     1.56   0.120    -.4676925    4.056311
        P_10 |  -2.139705    1.19055    -1.80   0.073    -4.478054    .1986443
        P_11 |  -.8410928   1.537906    -0.55   0.585    -3.861681    2.179495
        P_12 |   2.281413   1.561497     1.46   0.145    -.7855099    5.348335
        P_13 |  -2.842562   1.129957    -2.52   0.012    -5.061901    -.623223
        P_14 |   .7046458   1.455204     0.48   0.628    -2.153508      3.5628
        P_15 |  -.5367646    1.10412    -0.49   0.627    -2.705356    1.631827
        P_16 |   1.193637   1.187311     1.01   0.315    -1.138349    3.525623
        P_17 |  -1.119692   1.131444    -0.99   0.323     -3.34195    1.102566
        P_18 |   5.921657   1.120229     5.29   0.000     3.721426    8.121889
        P_19 |    .217988   1.105194     0.20   0.844    -1.952714     2.38869
        P_20 |   3.356098   1.225402     2.74   0.006     .9492961      5.7629
        P_21 |  -.4698046    1.15427    -0.41   0.684    -2.736896    1.797287
        P_22 |   .7777061   1.134665     0.69   0.493    -1.450879    3.006291
        P_23 |   -1.27591   1.164952    -1.10   0.274    -3.563982    1.012161
        P_24 |   .3142479   1.137595     0.28   0.782    -1.920092    2.548587
        P_25 |   1.489241   1.252625     1.19   0.235    -.9710283     3.94951
        P_26 |   .1077936   1.245086     0.09   0.931    -2.337669    2.553256
        P_27 |  -.3526589   1.121796    -0.31   0.753    -2.555967     1.85065
        P_28 |   .9844175   1.520269     0.65   0.518    -2.001529    3.970364
        P_29 |  -2.791946   1.255255    -2.22   0.027    -5.257382   -.3265106
        P_30 |   1.410158   1.155096     1.22   0.223    -.8585563    3.678873
        P_31 |   2.896328   1.399526     2.07   0.039     .1475311    5.645125
        P_32 |   1.732927   1.225608     1.41   0.158    -.6742786    4.140133
        P_33 |  -1.077587    1.18799    -0.91   0.365    -3.410907    1.255734
        P_34 |   .7671248   1.207952     0.64   0.526    -1.605403    3.139652
        P_35 |   .8152324   1.209093     0.67   0.500    -1.559535        3.19
        P_36 |   .6762676   1.120492     0.60   0.546     -1.52448    2.877015
        P_37 |  -1.504278   1.428496    -1.05   0.293    -4.309974    1.301417
        P_38 |   2.480694   1.231413     2.01   0.044     .0620872    4.899302
        P_39 |   1.552106   1.152295     1.35   0.179     -.711106    3.815318
        P_40 |   .1527166   1.274294     0.12   0.905    -2.350112    2.655546
        P_41 |   1.144774   1.163904     0.98   0.326    -1.141239    3.430787
        P_42 |   1.424844    1.10837     1.29   0.199    -.7520959    3.601784
        P_43 |   .5226819   1.912264     0.27   0.785    -3.233179    4.278543
        P_44 |  -3.913024   1.310519    -2.99   0.003    -6.487002   -1.339047
        P_45 |   .4035015   1.287803     0.31   0.754    -2.125861    2.932864
        P_46 |   3.493774   1.109355     3.15   0.002       1.3149    5.672649
        P_47 |   1.248535   1.188627     1.05   0.294    -1.086038    3.583107
        P_48 |   1.300938    1.30606     1.00   0.320    -1.264283    3.866158
        P_49 |   3.021327   1.161386     2.60   0.010     .7402588    5.302396
        P_50 |   4.154087   1.907845     2.18   0.030     .4069058    7.901267
        P_51 |  -1.123202    1.10806    -1.01   0.311    -3.299533    1.053129
        P_52 |   1.356261   1.451843     0.93   0.351    -1.495291    4.207814
        P_53 |   .1785159   1.145419     0.16   0.876    -2.071191    2.428223
        P_54 |  -2.319365   1.220195    -1.90   0.058    -4.715939    .0772093
        P_55 |   -1.72646   1.124054    -1.54   0.125    -3.934205    .4812846
        P_56 |   -.921607   2.205382    -0.42   0.676    -5.253178    3.409964
        P_57 |   2.835872   1.076284     2.63   0.009      .721952    4.949793
        P_58 |   .4482166   1.122465     0.40   0.690    -1.756407     2.65284
        P_59 |  -1.745814   1.546808    -1.13   0.260    -4.783886    1.292258
        P_60 |   .0778241    1.13637     0.07   0.945    -2.154111    2.309759
        P_61 |   -.674289   1.134647    -0.59   0.553     -2.90284    1.554262
        P_62 |   .4761276   1.107597     0.43   0.667    -1.699294    2.651549
        P_63 |  -1.540735   1.325124    -1.16   0.245    -4.143399     1.06193
        P_64 |       1.51   1.238076     1.22   0.223    -.9216947    3.941694
        P_65 |  -.4207852   1.662296    -0.25   0.800    -3.685686    2.844116
        P_66 |  -.0053006   1.074511    -0.00   0.996    -2.115739    2.105138
        P_67 |   .6661684   1.108427     0.60   0.548    -1.510884    2.843221
        P_68 |  -.2061009   1.158889    -0.18   0.859    -2.482264    2.070062
        P_69 |   -.475003   1.252628    -0.38   0.705    -2.935279    1.985273
        P_70 |   8.582221   6.174187     1.39   0.165    -3.544444    20.70889
        P_71 |   2.417224   1.454746     1.66   0.097    -.4400292    5.274477
        P_72 |   1.634272   1.330224     1.23   0.220    -.9784099    4.246954
        P_73 |  -.9137472   1.095459    -0.83   0.405    -3.065328    1.237834
        P_74 |   2.876749   1.333253     2.16   0.031      .258119     5.49538
        P_75 |  -2.289635   1.518568    -1.51   0.132    -5.272241     .692971
        P_76 |  -1.197188   1.452777    -0.82   0.410    -4.050575    1.656198
        P_77 |   2.053166   1.479876     1.39   0.166    -.8534455    4.959777
        P_78 |   3.060124   1.463216     2.09   0.037     .1862359    5.934013
        P_79 |  -11.72546   1.011451   -11.59   0.000    -13.71204   -9.738875
        P_80 |   1.343139   1.185939     1.13   0.258    -.9861523    3.672431
        P_81 |  -2.600117   1.355435    -1.92   0.056    -5.262314    .0620804
        P_82 |          0  (omitted)
       P_L_1 |   .5808595    1.32144     0.44   0.660    -2.014569    3.176288
       P_L_2 |  -1.468829   1.067159    -1.38   0.169    -3.564828    .6271692
       P_L_3 |  -.8496137   1.191329    -0.71   0.476    -3.189492    1.490265
       P_L_4 |  -.5671465   1.271591    -0.45   0.656    -3.064667    1.930374
       P_L_5 |  -1.650994    1.08171    -1.53   0.127    -3.775571    .4735829
       P_L_6 |  -.2635266   1.142913    -0.23   0.818    -2.508311    1.981258
       P_L_7 |   -2.01811   1.261302    -1.60   0.110    -4.495421    .4592015
       P_L_8 |  -.4376055   1.112171    -0.39   0.694     -2.62201    1.746799
       P_L_9 |  -1.922789   1.140179    -1.69   0.092    -4.162204    .3166255
      P_L_10 |  -1.397875   1.307866    -1.07   0.286    -3.966642    1.170893
      P_L_11 |  -1.015217   1.236794    -0.82   0.412    -3.444393    1.413959
      P_L_12 |   -.743974   1.086484    -0.68   0.494    -2.877928    1.389979
      P_L_13 |   3.330064   1.062506     3.13   0.002     1.243206    5.416922
      P_L_14 |  -1.380679   1.246279    -1.11   0.268    -3.828485    1.067126
      P_L_15 |  -1.596411   1.124754    -1.42   0.156    -3.805531     .612708
      P_L_16 |  -3.078959   1.182724    -2.60   0.009    -5.401938   -.7559811
      P_L_17 |   .6283101   1.174248     0.54   0.593     -1.67802     2.93464
      P_L_18 |    .333327   1.067495     0.31   0.755     -1.76333    2.429984
      P_L_19 |  -2.849293   1.332927    -2.14   0.033    -5.467284   -.2313019
      P_L_20 |  -2.126344   1.089965    -1.95   0.052    -4.267135     .014447
      P_L_21 |  -.9851577     1.1072    -0.89   0.374    -3.159799    1.189484
      P_L_22 |  -.2909008   1.114122    -0.26   0.794    -2.479137    1.897336
      P_L_23 |  -.0844309    1.06508    -0.08   0.937    -2.176345    2.007483
      P_L_24 |     .27958   1.121511     0.25   0.803     -1.92317     2.48233
      P_L_25 |  -1.192205   1.141906    -1.04   0.297    -3.435012    1.050602
      P_L_26 |  -1.114962   1.170311    -0.95   0.341     -3.41356    1.183636
      P_L_27 |   -2.92759   1.267793    -2.31   0.021     -5.41765   -.4375303
      P_L_28 |    -.71858   1.105661    -0.65   0.516    -2.890199    1.453039
      P_L_29 |   .7014898   1.590093     0.44   0.659    -2.421598    3.824578
      P_L_30 |   -.220666   1.125435    -0.20   0.845    -2.431123    1.989791
      P_L_31 |  -.4401388   1.100291    -0.40   0.689     -2.60121    1.720932
      P_L_32 |   2.489994   1.378158     1.81   0.071    -.2168343    5.196823
      P_L_33 |   -1.01394   1.113963    -0.91   0.363    -3.201865    1.173986
      P_L_34 |  -.7378237   1.089847    -0.68   0.499    -2.878383    1.402735
      P_L_35 |   3.831618   4.992296     0.77   0.443    -5.973706    13.63694
      P_L_36 |  -2.106975   1.123363    -1.88   0.061    -4.313362     .099413
      P_L_37 |  -.8770512    1.11201    -0.79   0.431    -3.061141    1.307038
      P_L_38 |   -1.10064   1.104307    -1.00   0.319    -3.269599     1.06832
      P_L_39 |  -3.286984   2.166584    -1.52   0.130    -7.542353     .968385
      P_L_40 |   3.497573   1.162004     3.01   0.003     1.215291    5.779855
      P_L_41 |   3.259146   1.176322     2.77   0.006     .9487425    5.569549
      P_L_42 |  -.7666904   1.093491    -0.70   0.483    -2.914407    1.381026
      P_L_43 |   1.772381   1.107932     1.60   0.110    -.4036992    3.948461
      P_L_44 |   .8581383   1.213595     0.71   0.480    -1.525473    3.241749
      P_L_45 |  -2.010445   1.075973    -1.87   0.062    -4.123753    .1028634
      P_L_46 |  -1.031283   1.084248    -0.95   0.342    -3.160844    1.098279
      P_L_47 |  -1.561134   1.184182    -1.32   0.188    -3.886976    .7647072
      P_L_48 |   2.102938   1.640227     1.28   0.200    -1.118617    5.324492
      P_L_49 |   .0708248   1.267075     0.06   0.955    -2.417825    2.559475
      P_L_50 |  -.2321532   1.294168    -0.18   0.858    -2.774017     2.30971
      P_L_51 |   2.662172   1.065063     2.50   0.013     .5702913    4.754053
      P_L_52 |  -.1415339   1.054752    -0.13   0.893    -2.213162    1.930094
      P_L_53 |  -.8216273   1.447137    -0.57   0.570    -3.663935    2.020681
      P_L_54 |   .7930457   1.375718     0.58   0.565     -1.90899    3.495082
      P_L_55 |  -.7916142   1.187597    -0.67   0.505    -3.124164    1.540935
      P_L_56 |  -.7170929   1.037923    -0.69   0.490    -2.755668    1.321483
      P_L_57 |  -.3609346   1.047644    -0.34   0.731    -2.418603    1.696734
      P_L_58 |  -1.298996   1.104946    -1.18   0.240    -3.469211    .8712179
      P_L_59 |  -.0248165   1.095983    -0.02   0.982    -2.177427    2.127794
      P_L_60 |   -1.28471   1.170043    -1.10   0.273     -3.58278    1.013361
      P_L_61 |  -2.615587   1.225824    -2.13   0.033    -5.023216   -.2079574
      P_L_62 |  -.7668571   1.080787    -0.71   0.478     -2.88962    1.355906
      P_L_63 |  -.0232722   1.482827    -0.02   0.987    -2.935679    2.889135
      P_L_64 |   .4659882   1.111581     0.42   0.675    -1.717259    2.649235
      P_L_65 |  -3.209885   1.117062    -2.87   0.004    -5.403897   -1.015873
      P_L_66 |  -.7629769   1.252605    -0.61   0.543    -3.223208    1.697254
      P_L_67 |   -.919471   1.293016    -0.71   0.477    -3.459073    1.620131
      P_L_68 |   1.498011   1.157243     1.29   0.196      -.77492    3.770941
      P_L_69 |  -2.688515   1.288462    -2.09   0.037    -5.219171   -.1578594
      P_L_70 |          0  (omitted)
      P_L_71 |  -.7863971   1.077025    -0.73   0.466    -2.901772    1.328978
      P_L_72 |  -.9913524   1.222336    -0.81   0.418    -3.392132    1.409427
      P_L_73 |          0  (omitted)
MismoParti~G |   .2882929   .1594592     1.81   0.071    -.0248995    .6014854
       _cons |   2.416924   3.916534     0.62   0.537    -5.275505    10.10935
------------------------------------------------------------------------------
r; t=27.70 15:38:31

. *areg prop Corrupt_25 Turn_* yy_*  Auditada P_*,  absorb(clavedelae) cluster(
> clave_mun)
. areg prop Corrupt_25 Turn_* yy_*  Auditada,  absorb(clavedelae) cluster(clave
> _mun)
note: Turn_4 omitted because of collinearity.
note: yy_1 omitted because of collinearity.
note: yy_2 omitted because of collinearity.
note: yy_3 omitted because of collinearity.
note: yy_11 omitted because of collinearity.

Linear regression, absorbing indicators            Number of obs     = 340,009
Absorbed variable: clavedelaescuela                No. of categories =  21,759
                                                   F(12, 576)        =   39.51
                                                   Prob > F          =  0.0000
                                                   R-squared         =  0.2573
                                                   Adj R-squared     =  0.2065
                                                   Root MSE          = 11.0962

                            (Std. err. adjusted for 577 clusters in clave_mun)
------------------------------------------------------------------------------
             |               Robust
        prop | Coefficient  std. err.      t    P>|t|     [95% conf. interval]
-------------+----------------------------------------------------------------
  Corrupt_25 |   .5130633   .1726059     2.97   0.003     .1740497    .8520769
      Turn_1 |   3.097785   3.680383     0.84   0.400    -4.130822    10.32639
      Turn_2 |   1.914332   3.659755     0.52   0.601     -5.27376    9.102423
      Turn_3 |   1.379957   3.932571     0.35   0.726    -6.343971    9.103885
      Turn_4 |          0  (omitted)
        yy_1 |          0  (omitted)
        yy_2 |          0  (omitted)
        yy_3 |          0  (omitted)
        yy_4 |   -1.10099   .2178111    -5.05   0.000    -1.528791   -.6731895
        yy_5 |  -.6994482   .1774235    -3.94   0.000    -1.047924   -.3509723
        yy_6 |   2.902661   .2480877    11.70   0.000     2.415394    3.389927
        yy_7 |   .2737682   .1236791     2.21   0.027     .0308512    .5166853
        yy_8 |   .7794054   .1190048     6.55   0.000     .5456691    1.013142
        yy_9 |  -.3052421   .0879468    -3.47   0.001    -.4779776   -.1325067
       yy_10 |   2.437537   .2010081    12.13   0.000     2.042739    2.832336
       yy_11 |          0  (omitted)
    Auditada |  -.1615467   .1272184    -1.27   0.205    -.4114153    .0883219
       _cons |   .5339503   3.681305     0.15   0.885    -6.696468    7.764368
------------------------------------------------------------------------------
r; t=4.66 15:38:35

. 
. 
. areg prop ln_unau grade_1 grade_2 Turn_* yy_* HOMI_CAP_MUN  total mis_tot P_*
>  CorruptPast Already Auditada trend* MismoPartidoG,  absorb(clavedelae) clust
> er(clave_mun)
note: Turn_4 omitted because of collinearity.
note: yy_1 omitted because of collinearity.
note: yy_2 omitted because of collinearity.
note: yy_3 omitted because of collinearity.
note: yy_11 omitted because of collinearity.
note: P_82 omitted because of collinearity.
note: P_L_70 omitted because of collinearity.
note: P_L_73 omitted because of collinearity.
note: trend_577 omitted because of collinearity.
note: trend_257 omitted because of collinearity
note: trend_345 omitted because of collinearity

Linear regression, absorbing indicators            Number of obs     = 340,009
Absorbed variable: clavedelaescuela                No. of categories =  21,759
                                                   F(168, 576)       =       .
                                                   Prob > F          =       .
                                                   R-squared         =  0.2759
                                                   Adj R-squared     =  0.2246
                                                   Root MSE          = 10.9690

                            (Std. err. adjusted for 577 clusters in clave_mun)
------------------------------------------------------------------------------
             |               Robust
        prop | Coefficient  std. err.      t    P>|t|     [95% conf. interval]
-------------+----------------------------------------------------------------
     ln_unau |   .1565279   .0589422     2.66   0.008       .04076    .2722959
     grade_1 |  -2.637961   .1136496   -23.21   0.000    -2.861179   -2.414743
     grade_2 |  -.8617337    .061381   -14.04   0.000    -.9822915   -.7411759
      Turn_1 |   1.223962   4.194931     0.29   0.771    -7.015265    9.463189
      Turn_2 |   .0647425   4.176319     0.02   0.988    -8.137928    8.267413
      Turn_3 |  -.3261282   4.311484    -0.08   0.940    -8.794275    8.142019
      Turn_4 |          0  (omitted)
        yy_1 |          0  (omitted)
        yy_2 |          0  (omitted)
        yy_3 |          0  (omitted)
        yy_4 |  -1.197661   1.296615    -0.92   0.356     -3.74433    1.349008
        yy_5 |  -.8104373    1.12035    -0.72   0.470    -3.010906    1.390032
        yy_6 |   2.527006   .9810059     2.58   0.010     .6002214    4.453791
        yy_7 |    .737849   .7801203     0.95   0.345    -.7943783    2.270076
        yy_8 |   1.156439   .6206022     1.86   0.063    -.0624803    2.375358
        yy_9 |  -.0611569   .4186842    -0.15   0.884    -.8834908    .7611769
       yy_10 |   2.964467    .351222     8.44   0.000     2.274635    3.654299
       yy_11 |          0  (omitted)
HOMI_CAP_MUN |   -84.5765   202.6838    -0.42   0.677    -482.6659    313.5129
       total |  -1.83e-10   1.64e-10    -1.11   0.266    -5.05e-10    1.40e-10
     mis_tot |  -.5098818   .4571216    -1.12   0.265     -1.40771    .3879466
         P_1 |   3.587959    1.48306     2.42   0.016     .6750946    6.500824
         P_2 |   .6588205   1.086402     0.61   0.544    -1.474972    2.792613
         P_3 |   3.977709   1.296502     3.07   0.002     1.431262    6.524156
         P_4 |   1.910775   1.557098     1.23   0.220    -1.147508    4.969058
         P_5 |   3.243275   1.141488     2.84   0.005     1.001288    5.485262
         P_6 |   1.754613   1.097204     1.60   0.110    -.4003951    3.909621
         P_7 |   5.121614   1.273054     4.02   0.000     2.621221    7.622007
         P_8 |   1.496948   1.142553     1.31   0.191    -.7471297    3.741026
         P_9 |   3.067382   1.117309     2.75   0.006     .8728856    5.261878
        P_10 |   2.495098   1.247468     2.00   0.046     .0449573    4.945238
        P_11 |   -.402753   1.479934    -0.27   0.786    -3.309478    2.503972
        P_12 |   .4957883   1.623323     0.31   0.760    -2.692565    3.684142
        P_13 |   3.036396   1.162749     2.61   0.009     .7526507    5.320141
        P_14 |   2.594219   1.409663     1.84   0.066     -.174487    5.362926
        P_15 |   1.570584   1.099999     1.43   0.154    -.5899145    3.731082
        P_16 |   2.251564    1.17966     1.91   0.057    -.0653944    4.568523
        P_17 |    1.39352   1.288217     1.08   0.280    -1.136655    3.923696
        P_18 |   -10.6266   1.681237    -6.32   0.000     -13.9287   -7.324495
        P_19 |   1.566704    1.10312     1.42   0.156    -.5999244    3.733332
        P_20 |   3.936122   1.215827     3.24   0.001     1.548126    6.324117
        P_21 |    1.40359   1.101845     1.27   0.203    -.7605339    3.567715
        P_22 |    1.56376   1.110298     1.41   0.160    -.6169666    3.744486
        P_23 |   2.473459   1.176141     2.10   0.036     .1634097    4.783508
        P_24 |   3.662142   1.160638     3.16   0.002     1.382544     5.94174
        P_25 |   3.412796   1.268669     2.69   0.007     .9210138    5.904577
        P_26 |    2.25208   1.167127     1.93   0.054    -.0402651    4.544424
        P_27 |   1.793499   1.103676     1.63   0.105    -.3742211    3.961219
        P_28 |   1.772837   1.191177     1.49   0.137    -.5667426    4.112418
        P_29 |    1.01623   1.196139     0.85   0.396    -1.333096    3.365556
        P_30 |   3.425597   1.198705     2.86   0.004     1.071233    5.779962
        P_31 |   2.570112   1.317488     1.95   0.052    -.0175543    5.157779
        P_32 |   4.599175     1.1922     3.86   0.000     2.257586    6.940764
        P_33 |  -.2338603   1.198105    -0.20   0.845    -2.587047    2.119327
        P_34 |   2.686053   1.352922     1.99   0.048     .0287914    5.343314
        P_35 |    3.57581    1.26185     2.83   0.005     1.097422    6.054197
        P_36 |   3.195763   1.120208     2.85   0.004     .9955725    5.395953
        P_37 |   2.035082   1.323699     1.54   0.125    -.5647842    4.634948
        P_38 |   3.901786   1.183153     3.30   0.001     1.577967    6.225606
        P_39 |   3.418555   1.175013     2.91   0.004     1.110723    5.726387
        P_40 |   3.309433    1.15622     2.86   0.004     1.038512    5.580354
        P_41 |   2.471082   1.116299     2.21   0.027     .2785684    4.663595
        P_42 |  -6.543671   1.325292    -4.94   0.000    -9.146664   -3.940677
        P_43 |   2.033704   1.301859     1.56   0.119    -.5232645    4.590673
        P_44 |  -1.271748   1.205658    -1.05   0.292    -3.639769    1.096273
        P_45 |   1.998344   1.204035     1.66   0.098     -.366491    4.363179
        P_46 |  -5.884644   1.363807    -4.31   0.000    -8.563286   -3.206003
        P_47 |   2.245763   1.255236     1.79   0.074    -.2196339     4.71116
        P_48 |   2.985439   1.227236     2.43   0.015     .5750344    5.395843
        P_49 |  -.8018781   1.153498    -0.70   0.487    -3.067453    1.463697
        P_50 |   3.964577   1.351428     2.93   0.003      1.31025    6.618904
        P_51 |   1.111994   1.093153     1.02   0.309    -1.035058    3.259046
        P_52 |   2.622082   1.385454     1.89   0.059     -.099075    5.343239
        P_53 |   1.440524   1.234291     1.17   0.244    -.9837364    3.864785
        P_54 |   .5613495   1.187525     0.47   0.637    -1.771058    2.893757
        P_55 |  -2.706286   1.096556    -2.47   0.014    -4.860022   -.5525504
        P_56 |  -7.782872    5.68682    -1.37   0.172     -18.9523     3.38656
        P_57 |   3.333952   1.105235     3.02   0.003      1.16317    5.504734
        P_58 |   1.953594   1.118248     1.75   0.081     -.242747    4.149935
        P_59 |   1.744964   1.404606     1.24   0.215     -1.01381    4.503738
        P_60 |   1.685671   1.254648     1.34   0.180    -.7785722    4.149915
        P_61 |   .9335665   1.112448     0.84   0.402    -1.251382    3.118515
        P_62 |    2.03898   1.079541     1.89   0.059    -.0813361    4.159297
        P_63 |   .8342049   1.144241     0.73   0.466    -1.413188    3.081598
        P_64 |   2.018957    1.27154     1.59   0.113    -.4784637    4.516377
        P_65 |   .2793869   2.473774     0.11   0.910     -4.57933    5.138104
        P_66 |   1.180193   1.101218     1.07   0.284    -.9826998    3.343085
        P_67 |   2.274494   1.058474     2.15   0.032     .1955545    4.353434
        P_68 |   .5551034   1.183598     0.47   0.639    -1.769591    2.879798
        P_69 |   .1149411   1.140566     0.10   0.920    -2.125234    2.355116
        P_70 |   7.176765   3.248137     2.21   0.028      .797129     13.5564
        P_71 |   3.201184   1.728367     1.85   0.065    -.1934856    6.595855
        P_72 |   1.787386   1.380219     1.30   0.196     -.923489    4.498262
        P_73 |   2.503531   1.086711     2.30   0.022     .3691316    4.637931
        P_74 |   5.545671   1.149134     4.83   0.000     3.288666    7.802675
        P_75 |   2.616423   1.184084     2.21   0.028     .2907748    4.942072
        P_76 |   1.992844   1.344023     1.48   0.139    -.6469393    4.632628
        P_77 |    4.34469   1.581718     2.75   0.006     1.238052    7.451327
        P_78 |   3.074983    1.42288     2.16   0.031     .2803173    5.869648
        P_79 |   7.218365   5.632259     1.28   0.200    -3.843904    18.28063
        P_80 |   2.847332   1.177066     2.42   0.016      .535468    5.159196
        P_81 |   4.992851   1.477089     3.38   0.001     2.091714    7.893988
        P_82 |          0  (omitted)
       P_L_1 |   1.551073   1.149537     1.35   0.178    -.7067229    3.808869
       P_L_2 |  -1.813268   .8996667    -2.02   0.044    -3.580295   -.0462403
       P_L_3 |   .3583861   .9935705     0.36   0.718    -1.593077    2.309849
       P_L_4 |   .6678789   1.246642     0.54   0.592    -1.780639    3.116397
       P_L_5 |    .559269   1.085448     0.52   0.607    -1.572651    2.691189
       P_L_6 |   .4280626   .9617331     0.45   0.656    -1.460869    2.316994
       P_L_7 |  -.3282245   1.088363    -0.30   0.763    -2.465869    1.809419
       P_L_8 |  -.2400716   .9291428    -0.26   0.796    -2.064993    1.584849
       P_L_9 |   1.739809   .9191094     1.89   0.059    -.0654056    3.545023
      P_L_10 |   .6449526    1.16671     0.55   0.581    -1.646571    2.936476
      P_L_11 |  -.8535422    1.12846    -0.76   0.450    -3.069941    1.362856
      P_L_12 |   2.222743    .937658     2.37   0.018     .3810972    4.064389
      P_L_13 |   9.842723   .9389452    10.48   0.000      7.99855     11.6869
      P_L_14 |  -.3575953   1.067423    -0.34   0.738    -2.454111    1.738921
      P_L_15 |  -1.780043   1.281961    -1.39   0.166    -4.297931    .7378446
      P_L_16 |  -2.113055   .9828221    -2.15   0.032    -4.043407   -.1827026
      P_L_17 |     .95744    1.00105     0.96   0.339    -1.008713    2.923594
      P_L_18 |   1.756055   .9751834     1.80   0.072    -.1592939    3.671404
      P_L_19 |  -32.86591   2.796929   -11.75   0.000    -38.35934   -27.37249
      P_L_20 |  -1.479782   .9234742    -1.60   0.110     -3.29357    .3340052
      P_L_21 |  -1.283578   .9357077    -1.37   0.171    -3.121393    .5542369
      P_L_22 |   .3947469   .9308217     0.42   0.672    -1.433472    2.222966
      P_L_23 |   .5391019   .8757747     0.62   0.538    -1.180999    2.259203
      P_L_24 |   2.566077   1.210412     2.12   0.034     .1887165    4.943437
      P_L_25 |   .4203934   .9188985     0.46   0.647    -1.384407    2.225194
      P_L_26 |   .5113596   .9529845     0.54   0.592    -1.360389    2.383108
      P_L_27 |  -3.422948   .9128273    -3.75   0.000    -5.215824   -1.630073
      P_L_28 |   .2914726   .8891854     0.33   0.743    -1.454969    2.037914
      P_L_29 |   1.734423   1.364003     1.27   0.204    -.9446027    4.413448
      P_L_30 |   .8667393    .964507     0.90   0.369     -1.02764    2.761119
      P_L_31 |   1.554208    1.04752     1.48   0.138    -.5032156    3.611632
      P_L_32 |    2.59588    1.26714     2.05   0.041     .1071026    5.084657
      P_L_33 |   .2711639   .8818023     0.31   0.759    -1.460776    2.003104
      P_L_34 |   .6115687   .8843392     0.69   0.489    -1.125354    2.348491
      P_L_35 |    2.88132   4.902276     0.59   0.557    -6.747196    12.50984
      P_L_36 |  -.0916793    .943985    -0.10   0.923    -1.945752    1.762393
      P_L_37 |  -.0138207   .9228803    -0.01   0.988    -1.826442      1.7988
      P_L_38 |  -6.828875   1.019154    -6.70   0.000    -8.830586   -4.827165
      P_L_39 |  -2.661885   1.996272    -1.33   0.183    -6.582745    1.258975
      P_L_40 |   2.751229   1.064224     2.59   0.010     .6609959    4.841463
      P_L_41 |   2.234175   1.095431     2.04   0.042     .0826486    4.385702
      P_L_42 |  -6.473354   1.024524    -6.32   0.000    -8.485612   -4.461096
      P_L_43 |   2.885448   .9649847     2.99   0.003     .9901298    4.780765
      P_L_44 |   1.470534   1.084766     1.36   0.176    -.6600457    3.601113
      P_L_45 |  -1.294371   .9215192    -1.40   0.161    -3.104319    .5155766
      P_L_46 |  -1.427902   1.061268    -1.35   0.179    -3.512329    .6565245
      P_L_47 |  -.9116754    1.21705    -0.75   0.454    -3.302072    1.478722
      P_L_48 |   2.885616   1.040998     2.77   0.006     .8410003    4.930231
      P_L_49 |   1.432142   .9274585     1.54   0.123    -.3894706    3.253755
      P_L_50 |   2.087264    1.28297     1.63   0.104    -.4326051    4.607133
      P_L_51 |   3.434401   .8685747     3.95   0.000     1.728441    5.140361
      P_L_52 |   .5041087   .8586845     0.59   0.557    -1.182426    2.190643
      P_L_53 |   .9089084   1.713704     0.53   0.596    -2.456962    4.274779
      P_L_54 |  -1.488593   2.611269    -0.57   0.569    -6.617363    3.640178
      P_L_55 |   .0858723   1.073218     0.08   0.936    -2.022026    2.193771
      P_L_56 |   .0594096   .8635489     0.07   0.945    -1.636679    1.755498
      P_L_57 |   .4125576   .8511498     0.48   0.628    -1.259178    2.084293
      P_L_58 |  -.6612317   1.005965    -0.66   0.511    -2.637038    1.314574
      P_L_59 |   3.728691   .8917059     4.18   0.000       1.9773    5.480083
      P_L_60 |  -1.510718   1.214734    -1.24   0.214    -3.896567    .8751303
      P_L_61 |  -7.305187   5.775092    -1.26   0.206    -18.64799     4.03762
      P_L_62 |  -.7934406   1.125356    -0.71   0.481    -3.003742    1.416861
      P_L_63 |    -.85208   2.108842    -0.40   0.686    -4.994038    3.289878
      P_L_64 |    3.38612    .982279     3.45   0.001     1.456834    5.315405
      P_L_65 |  -1.711293    1.07134    -1.60   0.111    -3.815503    .3929163
      P_L_66 |   3.434817   1.260309     2.73   0.007      .959456    5.910179
      P_L_67 |   2.937503   1.364622     2.15   0.032     .2572621    5.617744
      P_L_68 |   4.348118    1.23114     3.53   0.000     1.930047    6.766189
      P_L_69 |  -4.212188   1.830481    -2.30   0.022     -7.80742    -.616957
      P_L_70 |          0  (omitted)
      P_L_71 |   .4883959   .9226452     0.53   0.597    -1.323763    2.300555
      P_L_72 |   5.598446    1.10664     5.06   0.000     3.424904    7.771989
      P_L_73 |          0  (omitted)
 CorruptPast |  -.0006224   .2057663    -0.00   0.998    -.4047662    .4035213
AlreadyAud~d |  -.1295776   .2038565    -0.64   0.525    -.5299703    .2708152
    Auditada |  -.2127931    .126016    -1.69   0.092    -.4602999    .0347137
     trend_1 |  -.1770635   .2646937    -0.67   0.504    -.6969461     .342819
     trend_2 |  -.0324162   .2594011    -0.12   0.901    -.5419035    .4770711
     trend_3 |  -.0317899   .2464761    -0.13   0.897    -.5158914    .4523115
     trend_4 |   .2789228   .2609431     1.07   0.286    -.2335932    .7914388
     trend_5 |  -.0990501   .2649074    -0.37   0.709    -.6193523     .421252
     trend_6 |  -.2583557   .2416764    -1.07   0.286    -.7330301    .2163188
     trend_7 |  -.3917622   .2778637    -1.41   0.159    -.9375118    .1539875
     trend_8 |  -.0862044   .2402722    -0.36   0.720     -.558121    .3857122
     trend_9 |  -.2210069   .2687662    -0.82   0.411    -.7488882    .3068744
    trend_10 |  -.2699825   .3110737    -0.87   0.386    -.8809596    .3409947
    trend_11 |   -1.53259   .3202428    -4.79   0.000    -2.161576   -.9036036
    trend_12 |  -1.612378   .3184454    -5.06   0.000    -2.237834   -.9869221
    trend_13 |  -1.610182   .3131119    -5.14   0.000    -2.225162   -.9952016
    trend_14 |   -1.46657    .337503    -4.35   0.000    -2.129457   -.8036836
    trend_15 |  -1.920122   .2889329    -6.65   0.000    -2.487613   -1.352631
    trend_16 |   .0947385    .194577     0.49   0.627    -.2874285    .4769054
    trend_17 |  -.1660039   .1858828    -0.89   0.372    -.5310947     .199087
    trend_18 |  -.1109993   .1872245    -0.59   0.554    -.4787252    .2567267
    trend_19 |  -.1320959   .1909106    -0.69   0.489    -.5070617    .2428699
    trend_20 |   .2232694   .2416498     0.92   0.356    -.2513527    .6978916
    trend_21 |  -.4869326    .313069    -1.56   0.120    -1.101829    .1279635
    trend_22 |  -.1228025   .1927285    -0.64   0.524    -.5013387    .2557338
    trend_23 |  -.4077927    .309545    -1.32   0.188    -1.015767    .2001819
    trend_24 |   -.257632   .3114027    -0.83   0.408    -.8692553    .3539912
    trend_25 |   .0951011   .1900655     0.50   0.617    -.2782049    .4684071
    trend_26 |   1.531713   .1873062     8.18   0.000     1.163827      1.8996
    trend_27 |  -.2691666    .300649    -0.90   0.371    -.8596687    .3213355
    trend_28 |   2.088644   .1928368    10.83   0.000     1.709895    2.467393
    trend_29 |   .1000466   .3111656     0.32   0.748     -.511111    .7112042
    trend_30 |  -.8461748   .3105965    -2.72   0.007    -1.456215    -.236135
    trend_31 |   .8221933   .1855662     4.43   0.000     .4577244    1.186662
    trend_32 |  -.6935042   .1867139    -3.71   0.000    -1.060227    -.326781
    trend_33 |   -.492752   .2047693    -2.41   0.016    -.8949376   -.0905665
    trend_34 |  -.4218495   .3304048    -1.28   0.202    -1.070795    .2270957
    trend_35 |  -.2130018   .3041984    -0.70   0.484     -.810475    .3844715
    trend_36 |  -1.467692   .2065782    -7.10   0.000    -1.873431   -1.061954
    trend_37 |  -.1887113   .2090144    -0.90   0.367    -.5992347    .2218121
    trend_38 |   -.487903   .2033962    -2.40   0.017    -.8873917   -.0884143
    trend_39 |   .3566581   .4533638     0.79   0.432    -.5337896    1.247106
    trend_40 |  -.3861403   .1890428    -2.04   0.042    -.7574377    -.014843
    trend_41 |   -.356542   .1902042    -1.87   0.061    -.7301204    .0170364
    trend_42 |  -.4589739   .1927158    -2.38   0.018    -.8374853   -.0804626
    trend_43 |  -.5610528   .1896579    -2.96   0.003    -.9335581   -.1885475
    trend_44 |  -.8262769   .1939117    -4.26   0.000    -1.207137   -.4454167
    trend_45 |   .3215796    .194738     1.65   0.099    -.0609036    .7040628
    trend_46 |  -.1447496   .1877032    -0.77   0.441    -.5134158    .2239165
    trend_47 |   .0280564   .1928227     0.15   0.884     -.350665    .4067778
    trend_48 |    .085096   .1912435     0.44   0.657    -.2905236    .4607157
    trend_49 |    .010291   .1919644     0.05   0.957    -.3667445    .3873265
    trend_50 |   .3728392   .1877587     1.99   0.048      .004064    .7416144
    trend_51 |   .4968678   .1999385     2.49   0.013     .1041703    .8895652
    trend_52 |    .224373   .1855815     1.21   0.227     -.140126    .5888719
    trend_53 |  -.0821696   .1874629    -0.44   0.661    -.4503637    .2860246
    trend_54 |  -.3489541   .3201307    -1.09   0.276    -.9777201    .2798118
    trend_55 |   4.314316   .4862623     8.87   0.000     3.359253     5.26938
    trend_56 |   5.806533    .435839    13.32   0.000     4.950506    6.662561
    trend_57 |    .498789   .4500419     1.11   0.268    -.3851342    1.382712
    trend_58 |   .4346659    .193663     2.24   0.025     .0542942    .8150376
    trend_59 |    1.25139   .1932482     6.48   0.000      .871833    1.630947
    trend_60 |   1.347879   .1866401     7.22   0.000     .9813009    1.714457
    trend_61 |    1.04282   .4258699     2.45   0.015     .2063724    1.879267
    trend_62 |   1.492186   .3162788     4.72   0.000      .870986    2.113387
    trend_63 |   1.860852   .3683218     5.05   0.000     1.137435     2.58427
    trend_64 |   1.975719   .2195911     9.00   0.000     1.544422    2.407016
    trend_65 |   1.167958   .3412765     3.42   0.001       .49766    1.838256
    trend_66 |    .439713   .2069425     2.12   0.034     .0332591     .846167
    trend_67 |    2.04464   .3338628     6.12   0.000     1.388903    2.700377
    trend_68 |   1.062641    .261314     4.07   0.000     .5493962    1.575885
    trend_69 |   1.158216   .3497582     3.31   0.001     .4712587    1.845173
    trend_70 |   .6747481   .3250251     2.08   0.038     .0363692    1.313127
    trend_71 |      1.945   .3060689     6.35   0.000     1.343853    2.546147
    trend_72 |   1.123231   .3266371     3.44   0.001     .4816864    1.764776
    trend_73 |    .978472   .2379488     4.11   0.000     .5111188    1.445825
    trend_74 |   2.153873   .2679618     8.04   0.000     1.627572    2.680175
    trend_75 |   .5558262    .321215     1.73   0.084    -.0750693    1.186722
    trend_76 |   .8466056   .2166688     3.91   0.000     .4210483    1.272163
    trend_77 |   1.013472   .3411572     2.97   0.003     .3434083    1.683536
    trend_78 |   1.447927   .4056654     3.57   0.000     .6511629     2.24469
    trend_79 |   .5002705   .2500037     2.00   0.046     .0092405    .9913005
    trend_80 |   5.230084   .4152829    12.59   0.000      4.41443    6.045737
    trend_81 |   1.648962   .3634449     4.54   0.000     .9351228      2.3628
    trend_82 |   .4516779   .3414347     1.32   0.186     -.218931    1.122287
    trend_83 |   .4909933   .3140197     1.56   0.118      -.12577    1.107757
    trend_84 |   1.329481   .3311713     4.01   0.000     .6790307    1.979932
    trend_85 |   .3396594   .3774031     0.90   0.369    -.4015946    1.080913
    trend_86 |    1.07465   .2092222     5.14   0.000     .6637189    1.485582
    trend_87 |   .8845337   .2840121     3.11   0.002     .3267081    1.442359
    trend_88 |   .7512868   .2047629     3.67   0.000     .3491138     1.15346
    trend_89 |   1.847759   .1878209     9.84   0.000     1.478862    2.216657
    trend_90 |   2.728529   .3267028     8.35   0.000     2.086855    3.370203
    trend_91 |   .6780425   .2310507     2.93   0.003     .2242379    1.131847
    trend_92 |  -.4334528   .3013873    -1.44   0.151    -1.025405    .1584993
    trend_93 |   .8910801   .2269514     3.93   0.000     .4453268    1.336833
    trend_94 |   -1.35052   .2183128    -6.19   0.000    -1.779307   -.9217342
    trend_95 |  -.0811443   .2560625    -0.32   0.751    -.5840743    .4217857
    trend_96 |   -.445683   .2625606    -1.70   0.090    -.9613759    .0700098
    trend_97 |  -.0243443   .2147867    -0.11   0.910    -.4462051    .3975164
    trend_98 |   .6674579   .2486789     2.68   0.007     .1790299    1.155886
    trend_99 |  -.8325681   .3240588    -2.57   0.010    -1.469049   -.1960872
   trend_100 |  -.8432793   .2949311    -2.86   0.004    -1.422551   -.2640079
   trend_101 |   .1659137   .2604063     0.64   0.524    -.3455479    .6773754
   trend_102 |   .5564066   .1976095     2.82   0.005     .1682835    .9445296
   trend_103 |  -.7067515   .3116978    -2.27   0.024    -1.318954   -.0945486
   trend_104 |  -.0168059   .1847783    -0.09   0.928    -.3797273    .3461155
   trend_105 |  -.1838713   .2272404    -0.81   0.419    -.6301921    .2624496
   trend_106 |  -.2419777   .1893235    -1.28   0.202    -.6138263    .1298709
   trend_107 |  -.4995734   .1868137    -2.67   0.008    -.8664926   -.1326543
   trend_108 |  -.2215102   .1936289    -1.14   0.253     -.601815    .1587947
   trend_109 |   .1065372   .1869944     0.57   0.569    -.2607369    .4738113
   trend_110 |   .4585858   .1856898     2.47   0.014     .0938741    .8232976
   trend_111 |   .0249472   .1930685     0.13   0.897    -.3542569    .4041513
   trend_112 |  -.6116336   .1910485    -3.20   0.001    -.9868703   -.2363968
   trend_113 |  -.2763952   .1864257    -1.48   0.139    -.6425523    .0897619
   trend_114 |  -1.131778   .1845819    -6.13   0.000    -1.494314   -.7692425
   trend_115 |  -.1003715   .2297253    -0.44   0.662    -.5515729    .3508299
   trend_116 |   .4884828   .1903542     2.57   0.011     .1146099    .8623558
   trend_117 |  -1.388872   .1879714    -7.39   0.000    -1.758065   -1.019679
   trend_118 |  -.2701642   .2028317    -1.33   0.183    -.6685441    .1282157
   trend_119 |  -.7152469   .2192557    -3.26   0.001    -1.145885   -.2846087
   trend_120 |  -.5699528   .1930396    -2.95   0.003    -.9491002   -.1908054
   trend_121 |   .4702067   .1899492     2.48   0.014     .0971291    .8432843
   trend_122 |   -.086097       .218    -0.39   0.693    -.5142688    .3420749
   trend_123 |   .0080815   .1919618     0.04   0.966    -.3689489     .385112
   trend_124 |   1.070768   .1833166     5.84   0.000     .7107171    1.430818
   trend_125 |   -.122466    .190212    -0.64   0.520    -.4960598    .2511277
   trend_126 |  -.3322967   .1893711    -1.75   0.080    -.7042388    .0396453
   trend_127 |   .2037601   .1959538     1.04   0.299     -.181111    .5886313
   trend_128 |   .8232265    .190781     4.32   0.000     .4485151    1.197938
   trend_129 |  -.3279443    .190816    -1.72   0.086    -.7027242    .0468357
   trend_130 |  -.1205573   .1836896    -0.66   0.512    -.4813404    .2402259
   trend_131 |   .6773314   .2954718     2.29   0.022     .0969979    1.257665
   trend_132 |   .0787727   .1931797     0.41   0.684    -.3006498    .4581953
   trend_133 |   .5652472   .1958847     2.89   0.004     .1805118    .9499825
   trend_134 |   -.366991   .1999138    -1.84   0.067    -.7596398    .0256578
   trend_135 |   .6538267   .1941423     3.37   0.001     .2725136     1.03514
   trend_136 |    .159724   .1929931     0.83   0.408    -.2193319      .53878
   trend_137 |    .012603   .1960469     0.06   0.949     -.372451    .3976571
   trend_138 |  -.0098283   .1878754    -0.05   0.958    -.3788327    .3591761
   trend_139 |   .3081304   .2115286     1.46   0.146    -.1073311    .7235918
   trend_140 |  -.3690127   .2205524    -1.67   0.095    -.8021976    .0641723
   trend_141 |  -.2638614    .359305    -0.73   0.463    -.9695691    .4418463
   trend_142 |   .2400851   .1839943     1.30   0.192    -.1212965    .6014666
   trend_143 |  -.6101032    .195867    -3.11   0.002    -.9948038   -.2254027
   trend_144 |  -.7022802   .1979746    -3.55   0.000     -1.09112   -.3134401
   trend_145 |  -.1945572   .1882323    -1.03   0.302    -.5642626    .1751482
   trend_146 |   .9219432   .3385247     2.72   0.007     .2570498    1.586837
   trend_147 |   .3812333   .2212263     1.72   0.085    -.0532753    .8157419
   trend_148 |   2.648705   .2028073    13.06   0.000     2.250373    3.047037
   trend_149 |   2.029095   .1963362    10.33   0.000     1.643473    2.414717
   trend_150 |   .6788832   .2376871     2.86   0.004     .2120442    1.145722
   trend_151 |   1.852757   .1898697     9.76   0.000     1.479836    2.225679
   trend_152 |   1.556143   .2354622     6.61   0.000     1.093674    2.018612
   trend_153 |   2.144441   .2099339    10.21   0.000     1.732111     2.55677
   trend_154 |   .8668081   .2164173     4.01   0.000     .4417449    1.291871
   trend_155 |   1.524197   .1973099     7.72   0.000     1.136662    1.911731
   trend_156 |   .6263476   .2034203     3.08   0.002     .2268116    1.025884
   trend_157 |   1.593101   .2192563     7.27   0.000     1.162462    2.023741
   trend_158 |   .8671776   .2187432     3.96   0.000      .437546    1.296809
   trend_159 |  -.1614448    .217096    -0.74   0.457    -.5878412    .2649516
   trend_160 |   .1127731   .1874131     0.60   0.548    -.2553233    .4808696
   trend_161 |  -.2371944   .1873521    -1.27   0.206    -.6051709    .1307821
   trend_162 |   .0120392    .215616     0.06   0.955    -.4114502    .4355286
   trend_163 |   .9331734   .2507117     3.72   0.000     .4407527    1.425594
   trend_164 |   .1869489   .1990194     0.94   0.348    -.2039434    .5778412
   trend_165 |   .9511853   .3863189     2.46   0.014     .1924199    1.709951
   trend_166 |   1.433571   .2237037     6.41   0.000     .9941967    1.872945
   trend_167 |   2.492245    .228001    10.93   0.000     2.044431     2.94006
   trend_168 |  -.0713168   .1997632    -0.36   0.721      -.46367    .3210364
   trend_169 |   .7788371   .2303262     3.38   0.001     .3264555    1.231219
   trend_170 |   .6275928   .2001303     3.14   0.002     .2345187    1.020667
   trend_171 |   .7442803   .1882915     3.95   0.000     .3744588    1.114102
   trend_172 |    1.03177   .1842083     5.60   0.000     .6699682    1.393572
   trend_173 |   .3941237   .2528351     1.56   0.120    -.1024675     .890715
   trend_174 |  -.3854092   .1942795    -1.98   0.048    -.7669919   -.0038266
   trend_175 |    .321842   .1936415     1.66   0.097    -.0584876    .7021717
   trend_176 |   1.344648   .2077639     6.47   0.000     .9365807    1.752715
   trend_177 |    .351183   .2495558     1.41   0.160    -.1389672    .8413332
   trend_178 |   5.660332   .6808387     8.31   0.000     4.323103    6.997561
   trend_179 |   2.156295   .1970382    10.94   0.000     1.769294    2.543296
   trend_180 |   .1243852   .2031405     0.61   0.541    -.2746013    .5233716
   trend_181 |   .4394567   .1881273     2.34   0.020     .0699576    .8089559
   trend_182 |   .6870452   .1817428     3.78   0.000     .3300858    1.044005
   trend_183 |  -.6315156   .2150179    -2.94   0.003     -1.05383   -.2092008
   trend_184 |   .7879252   .1865687     4.22   0.000     .4214873    1.154363
   trend_185 |   .8340223   .2249931     3.71   0.000     .3921153    1.275929
   trend_186 |  -.2262133   .3076802    -0.74   0.463    -.8305252    .3780986
   trend_187 |   .0876941   .2230998     0.39   0.694    -.3504941    .5258824
   trend_188 |   1.706029   .2166317     7.88   0.000     1.280545    2.131514
   trend_189 |   .6171018   .4414959     1.40   0.163    -.2500364     1.48424
   trend_190 |   1.125729    .211997     5.31   0.000      .709348    1.542111
   trend_191 |  -.2734134   .1968798    -1.39   0.165    -.6601033    .1132765
   trend_192 |   6.372949   .1952958    32.63   0.000      5.98937    6.756528
   trend_193 |   1.516523   .1889983     8.02   0.000     1.145313    1.887733
   trend_194 |  -.3984808   .2017928    -1.97   0.049    -.7948202   -.0021413
   trend_195 |   .0648697   .2003271     0.32   0.746    -.3285909    .4583304
   trend_196 |   .5642421   .1984376     2.84   0.005     .1744927    .9539916
   trend_197 |   .8824548   .2005617     4.40   0.000     .4885333    1.276376
   trend_198 |  -.3232178   .2010283    -1.61   0.108    -.7180557      .07162
   trend_199 |   .9844901   .1959294     5.02   0.000      .599667    1.369313
   trend_200 |    .727448   .2012054     3.62   0.000     .3322623    1.122634
   trend_201 |   .6616057   .1983935     3.33   0.001     .2719429    1.051269
   trend_202 |   .2032528   .2042749     0.99   0.320    -.1979617    .6044674
   trend_203 |  -.5082805   .1969364    -2.58   0.010    -.8950816   -.1214794
   trend_204 |   1.411265   .1996358     7.07   0.000     1.019162    1.803368
   trend_205 |   1.221812   .2337071     5.23   0.000     .7627898    1.680834
   trend_206 |  -.5937025   .2624604    -2.26   0.024    -1.109199   -.0782065
   trend_207 |   .1792097   .2061274     0.87   0.385    -.2256433    .5840627
   trend_208 |  -.1430686   .2030657    -0.70   0.481    -.5419082     .255771
   trend_209 |   .4297345     .20735     2.07   0.039     .0224803    .8369888
   trend_210 |  -.2198653    .196035    -1.12   0.263    -.6048958    .1651652
   trend_211 |   .0814359   .2193143     0.37   0.711    -.3493174    .5121891
   trend_212 |  -.4183134   .3525985    -1.19   0.236    -1.110849    .2742221
   trend_213 |  -.4499286    .208529    -2.16   0.031    -.8594984   -.0403587
   trend_214 |   .3593468   .2118331     1.70   0.090    -.0567127    .7754064
   trend_215 |   .2965929   .2501953     1.19   0.236    -.1948134    .7879993
   trend_216 |  -.3674412   .2088574    -1.76   0.079    -.7776561    .0427737
   trend_217 |   1.107043   .2189986     5.06   0.000     .6769102    1.537177
   trend_218 |  -.2162463   .2088269    -1.04   0.301    -.6264013    .1939086
   trend_219 |  -.0788558   .1925324    -0.41   0.682    -.4570069    .2992953
   trend_220 |  -.0041726   .2151016    -0.02   0.985    -.4266517    .4183064
   trend_221 |   -.142116   .2087907    -0.68   0.496    -.5521999    .2679678
   trend_222 |    .204145   .1943609     1.05   0.294    -.1775974    .5858874
   trend_223 |   .5572031   .2060049     2.70   0.007     .1525908    .9618154
   trend_224 |   .1929606   .2240909     0.86   0.390    -.2471744    .6330956
   trend_225 |  -.0950155   .2078399    -0.46   0.648     -.503232    .3132011
   trend_226 |   .2853455   .2091129     1.36   0.173    -.1253713    .6960624
   trend_227 |   .1022701   .2212761     0.46   0.644    -.3323363    .5368765
   trend_228 |  -.4428209   .2031938    -2.18   0.030    -.8419121   -.0437298
   trend_229 |  -.0373947   .2312362    -0.16   0.872    -.4915637    .4167743
   trend_230 |    .398241   .2059692     1.93   0.054    -.0063014    .8027833
   trend_231 |   .0770788   .2202074     0.35   0.726    -.3554286    .5095862
   trend_232 |  -.2204876    .221963    -0.99   0.321    -.6564431    .2154678
   trend_233 |   .2649389   .2472153     1.07   0.284    -.2206145    .7504923
   trend_234 |   .1314635   .2218955     0.59   0.554    -.3043594    .5672864
   trend_235 |  -.0612175   .2195242    -0.28   0.780     -.492383     .369948
   trend_236 |   .1876012   .2206392     0.85   0.396    -.2457542    .6209566
   trend_237 |   .1250174   .1948817     0.64   0.521     -.257748    .5077828
   trend_238 |   .1129576   .2081532     0.54   0.588    -.2958743    .5217894
   trend_239 |   .1220953   .2246226     0.54   0.587     -.319084    .5632746
   trend_240 |  -.2039046   .2191663    -0.93   0.353    -.6343671     .226558
   trend_241 |   .3397172    .225648     1.51   0.133     -.103476    .7829104
   trend_242 |   1.615039   .2009837     8.04   0.000     1.220289    2.009789
   trend_243 |   .5591705   .1987932     2.81   0.005     .1687226    .9496184
   trend_244 |   1.510345   .2207322     6.84   0.000     1.076807    1.943884
   trend_245 |   .0279653   .2192878     0.13   0.899    -.4027359    .4586664
   trend_246 |   .1278513   .2184069     0.59   0.559    -.3011198    .5568224
   trend_247 |   .5280735   .1845019     2.86   0.004      .165695    .8904519
   trend_248 |   .1916788   .2187633     0.88   0.381    -.2379923    .6213498
   trend_249 |  -.1211749   .2013064    -0.60   0.547     -.516559    .2742092
   trend_250 |   .3537289    .204709     1.73   0.085    -.0483383    .7557961
   trend_251 |   .1184391   .2211483     0.54   0.592    -.3159162    .5527944
   trend_252 |   .1067576   .1987984     0.54   0.591    -.2837005    .4972156
   trend_253 |   .1186857   .2162818     0.55   0.583    -.3061115    .5434829
   trend_254 |   .3100994   .1957102     1.58   0.114    -.0742932    .6944921
   trend_255 |   1.934572   .2040036     9.48   0.000      1.53389    2.335253
   trend_256 |   .2000469   .2303954     0.87   0.386    -.2524707    .6525646
   trend_257 |          0  (omitted)
   trend_258 |   .8517912   .2289401     3.72   0.000      .402132     1.30145
   trend_259 |  -.2942126   .3274576    -0.90   0.369    -.9373692    .3489439
   trend_260 |   4.160173   1.226182     3.39   0.001      1.75184    6.568506
   trend_261 |  -.9509202   .2330918    -4.08   0.000    -1.408734   -.4931068
   trend_262 |   1.749686    .229271     7.63   0.000     1.299376    2.199995
   trend_263 |   3.016686   .2198602    13.72   0.000      2.58486    3.448511
   trend_264 |  -.6197062   .2251883    -2.75   0.006    -1.061997   -.1774158
   trend_265 |  -.6914447   .2467951    -2.80   0.005    -1.176173   -.2067168
   trend_266 |  -2.061296   .1906488   -10.81   0.000    -2.435748   -1.686845
   trend_267 |   7.299569   .2290817    31.86   0.000     6.849632    7.749506
   trend_268 |  -.2049195   .2631352    -0.78   0.436     -.721741    .3119021
   trend_269 |   .4331843   .2063634     2.10   0.036     .0278677    .8385008
   trend_270 |  -.2148322   .1953331    -1.10   0.272    -.5984842    .1688198
   trend_271 |    -.07544   .2238009    -0.34   0.736    -.5150055    .3641254
   trend_272 |  -.3027126   .2020704    -1.50   0.135    -.6995973    .0941721
   trend_273 |  -.2056977   .3130245    -0.66   0.511    -.8205063    .4091109
   trend_274 |   2.492679   .1918408    12.99   0.000     2.115886    2.869472
   trend_275 |  -2.832038   .4051851    -6.99   0.000    -3.627858   -2.036218
   trend_276 |   2.778393   .2194155    12.66   0.000     2.347441    3.209345
   trend_277 |  -1.333957   .2244684    -5.94   0.000    -1.774833   -.8930802
   trend_278 |   1.154849   .2644544     4.37   0.000     .6354365    1.674262
   trend_279 |   2.043347   .2453444     8.33   0.000     1.561468    2.525226
   trend_280 |   1.470352   .2387708     6.16   0.000     1.001385     1.93932
   trend_281 |   2.951527   1.160341     2.54   0.011     .6725109    5.230543
   trend_282 |   1.217135   .2238636     5.44   0.000      .777447    1.656824
   trend_283 |  -.0454112   .1943759    -0.23   0.815     -.427183    .3363607
   trend_284 |   -2.45464   .2189855   -11.21   0.000    -2.884748   -2.024533
   trend_285 |  -2.010961   .2217655    -9.07   0.000    -2.446528   -1.575393
   trend_286 |   .8168168   .1852402     4.41   0.000     .4529881    1.180646
   trend_287 |   .2619512   .2112859     1.24   0.216    -.1530335    .6769359
   trend_288 |  -.5019107   .4347333    -1.15   0.249    -1.355767    .3519452
   trend_289 |    .421654   .1791752     2.35   0.019     .0697376    .7735704
   trend_290 |   -.311659   .1809344    -1.72   0.086    -.6670306    .0437126
   trend_291 |    -.07891   .1911193    -0.41   0.680    -.4542858    .2964658
   trend_292 |    .544092   .2278263     2.39   0.017     .0966205    .9915636
   trend_293 |   .1469653   .2427934     0.61   0.545     -.329903    .6238337
   trend_294 |   1.027987      .3667     2.80   0.005     .3077547    1.748219
   trend_295 |  -.2212855   .2135491    -1.04   0.301    -.6407154    .1981444
   trend_296 |   .5590962   .2013565     2.78   0.006     .1636136    .9545787
   trend_297 |   .4385744   .2104926     2.08   0.038     .0251478     .852001
   trend_298 |   .0990219   .2360836     0.42   0.675    -.3646678    .5627116
   trend_299 |   4.691324   .2143538    21.89   0.000     4.270314    5.112335
   trend_300 |   .9290627   .2097381     4.43   0.000      .517118    1.341007
   trend_301 |   .5758661   .2077951     2.77   0.006     .1677376    .9839947
   trend_302 |   .2862854   .1924406     1.49   0.137    -.0916854    .6642563
   trend_303 |    .014469   .2040557     0.07   0.943     -.386315     .415253
   trend_304 |   .4685778    .291764     1.61   0.109    -.1044732    1.041629
   trend_305 |   .1879958   .2051286     0.92   0.360    -.2148954    .5908871
   trend_306 |   .7088214   .3002541     2.36   0.019     .1190949    1.298548
   trend_307 |  -.1023737   .2041285    -0.50   0.616    -.5033007    .2985533
   trend_308 |   .2655758   .2051209     1.29   0.196    -.1373003     .668452
   trend_309 |   .7440509   .2889726     2.57   0.010     .1764823     1.31162
   trend_310 |   .1277938   .2226095     0.57   0.566    -.3094315    .5650191
   trend_311 |   .3127948   .2262885     1.38   0.167    -.1316564    .7572459
   trend_312 |   .4831594   .2911981     1.66   0.098    -.0887802    1.055099
   trend_313 |   .1148203   .2396519     0.48   0.632    -.3558779    .5855185
   trend_314 |  -.3843066   .2028774    -1.89   0.059    -.7827762     .014163
   trend_315 |  -.0614214   .1910295    -0.32   0.748    -.4366207    .3137779
   trend_316 |   .0841986   .3128477     0.27   0.788    -.5302629      .69866
   trend_317 |   .4345346   .3038319     1.43   0.153     -.162219    1.031288
   trend_318 |    .046629   .3318785     0.14   0.888    -.6052106    .6984687
   trend_319 |  -.0663074   .2330581    -0.28   0.776    -.5240547    .3914399
   trend_320 |  -.4841728   .3056197    -1.58   0.114    -1.084438    .1160921
   trend_321 |  -.0300961   .1897298    -0.16   0.874    -.4027428    .3425505
   trend_322 |   -.184591   .3003826    -0.61   0.539    -.7745698    .4053878
   trend_323 |   .2816285    .265663     1.06   0.290    -.2401578    .8034149
   trend_324 |   .0514239   .3057224     0.17   0.866    -.5490428    .6518907
   trend_325 |    .141964   .2650578     0.54   0.592    -.3786337    .6625617
   trend_326 |   .1669107   .2836068     0.59   0.556    -.3901189    .7239402
   trend_327 |  -.1310454   .2060168    -0.64   0.525    -.5356812    .2735904
   trend_328 |   .0608094   .1888503     0.32   0.748    -.3101098    .4317285
   trend_329 |  -.0751048   .2016146    -0.37   0.710    -.4710942    .3208846
   trend_330 |   .6794394   .2503065     2.71   0.007     .1878147    1.171064
   trend_331 |   3.532848   .2052413    17.21   0.000     3.129736    3.935961
   trend_332 |  -.7882956   .2150712    -3.67   0.000    -1.210715   -.3658762
   trend_333 |   5.297413   .9659322     5.48   0.000     3.400234    7.194592
   trend_334 |   .1502296   .2466372     0.61   0.543    -.3341883    .6346474
   trend_335 |   93.71402   .5561831   168.49   0.000     92.62162    94.80641
   trend_336 |   9.575729   .2623552    36.50   0.000     9.060439    10.09102
   trend_337 |   .5185177   .1866469     2.78   0.006     .1519262    .8851091
   trend_338 |   .8271937   .1968128     4.20   0.000     .4406355    1.213752
   trend_339 |  -.2845606   .1993901    -1.43   0.154    -.6761809    .1070598
   trend_340 |   .3356008   .2009951     1.67   0.096    -.0591719    .7303734
   trend_341 |    .433227   .2813513     1.54   0.124    -.1193727    .9858266
   trend_342 |   .0829547   .2411433     0.34   0.731    -.3906726    .5565821
   trend_343 |   1.791335   .4887311     3.67   0.000     .8314225    2.751247
   trend_344 |   2.668665   .1956683    13.64   0.000     2.284355    3.052976
   trend_345 |          0  (omitted)
   trend_346 |  -.1427092   .1841403    -0.78   0.439    -.5043774     .218959
   trend_347 |   3.956112   .4110104     9.63   0.000      3.14885    4.763374
   trend_348 |   1.902018   .3900879     4.88   0.000      1.13585    2.668186
   trend_349 |  -.8849286   .4686511    -1.89   0.059    -1.805402    .0355448
   trend_350 |  -3.336981   .2742025   -12.17   0.000     -3.87554   -2.798423
   trend_351 |   1.267249   .3427494     3.70   0.000     .5940576    1.940439
   trend_352 |   2.346051   .3541243     6.62   0.000     1.650519    3.041583
   trend_353 |   1.166799    .221321     5.27   0.000     .7321043    1.601494
   trend_354 |   6.517343   .4727311    13.79   0.000     5.588856    7.445829
   trend_355 |  -7.991776   .5831275   -13.71   0.000    -9.137091    -6.84646
   trend_356 |   .2547046   .3192199     0.80   0.425    -.3722723    .8816815
   trend_357 |  -.4269403   .2525223    -1.69   0.091     -.922917    .0690364
   trend_358 |  -.4695956   .2795892    -1.68   0.094    -1.018734     .079543
   trend_359 |  -.1414536   .2481977    -0.57   0.569    -.6289364    .3460292
   trend_360 |  -.2808388   .3958764    -0.71   0.478    -1.058376    .4966984
   trend_361 |  -.0507929   .2603983    -0.20   0.845    -.5622388    .4606529
   trend_362 |   .3813773   .2531399     1.51   0.132    -.1158126    .8785672
   trend_363 |   .9785821    .347572     2.82   0.005     .2959191    1.661245
   trend_364 |   .2079823   .3148272     0.66   0.509     -.410367    .8263316
   trend_365 |   .7137783   .2491875     2.86   0.004     .2243515    1.203205
   trend_366 |  -.3466628   .2526852    -1.37   0.171    -.8429595     .149634
   trend_367 |   -.165804   .3119337    -0.53   0.595    -.7784702    .4468622
   trend_368 |   .1277255   .3032827     0.42   0.674    -.4679493    .7234003
   trend_369 |   .4328709    .348192     1.24   0.214    -.2510098    1.116752
   trend_370 |   .5803382    .309399     1.88   0.061    -.0273496    1.188026
   trend_371 |  -.4707842   .2547587    -1.85   0.065    -.9711534     .029585
   trend_372 |   -.259237   .2981839    -0.87   0.385    -.8448974    .3264233
   trend_373 |  -.4634946   .2501462    -1.85   0.064    -.9548045    .0278154
   trend_374 |   .1434983   .3552375     0.40   0.686    -.5542206    .8412171
   trend_375 |  -.2810141   .2527488    -1.11   0.267    -.7774357    .2154075
   trend_376 |   .0368262   .2862692     0.13   0.898    -.5254326    .5990849
   trend_377 |  -.5372087   .2494377    -2.15   0.032    -1.027127   -.0472903
   trend_378 |  -.1322507   .3167418    -0.42   0.676    -.7543604     .489859
   trend_379 |  -.1501267   .3630413    -0.41   0.679     -.863173    .5629195
   trend_380 |  -.0762134   .2799775    -0.27   0.786    -.6261148     .473688
   trend_381 |    .667776   .3450668     1.94   0.053    -.0099665    1.345519
   trend_382 |  -.3195139   .2685061    -1.19   0.235    -.8468842    .2078564
   trend_383 |   .1195883   .2766567     0.43   0.666    -.4237906    .6629673
   trend_384 |   .7884711   .3381923     2.33   0.020     .1242307    1.452711
   trend_385 |   .3818666   .2502731     1.53   0.128    -.1096925    .8734256
   trend_386 |   .6166615   .3154625     1.95   0.051    -.0029355    1.236258
   trend_387 |  -.2424436   .2504138    -0.97   0.333     -.734279    .2493919
   trend_388 |  -.3729727   .2025961    -1.84   0.066    -.7708899    .0249444
   trend_389 |  -.1285911   .1975875    -0.65   0.515    -.5166708    .2594887
   trend_390 |  -.3058704   .1931889    -1.58   0.114     -.685311    .0735702
   trend_391 |   .0856559   .1975729     0.43   0.665    -.3023952     .473707
   trend_392 |  -.1293679   .1905978    -0.68   0.498    -.5037193    .2449835
   trend_393 |  -.5626081   .1975626    -2.85   0.005     -.950639   -.1745772
   trend_394 |    .044021     .19385     0.23   0.820    -.3367181    .4247601
   trend_395 |  -.0303234   .2187918    -0.14   0.890    -.4600505    .3994036
   trend_396 |  -.5065085   .1968567    -2.57   0.010     -.893153    -.119864
   trend_397 |  -.3524136   .2633545    -1.34   0.181    -.8696658    .1648386
   trend_398 |  -.4821017   .1911518    -2.52   0.012    -.8575413   -.1066621
   trend_399 |  -.6531907    .208725    -3.13   0.002    -1.063146   -.2432358
   trend_400 |  -.1083432   .2198116    -0.49   0.622    -.5400731    .3233867
   trend_401 |  -.0568855   .1971972    -0.29   0.773    -.4441987    .3304277
   trend_402 |  -.2599349   .1943252    -1.34   0.182    -.6416073    .1217375
   trend_403 |   .8449084    .273602     3.09   0.002     .3075292    1.382288
   trend_404 |  -.7310104   .2386868    -3.06   0.002    -1.199813   -.2622078
   trend_405 |   .7350264   .1946547     3.78   0.000     .3527069    1.117346
   trend_406 |  -.3776104    .317525    -1.19   0.235    -1.001258    .2460376
   trend_407 |   1.819883   .2445927     7.44   0.000     1.339481    2.300285
   trend_408 |   .7053513   .2856039     2.47   0.014     .1443992    1.266303
   trend_409 |  -.3848958   .2008278    -1.92   0.056    -.7793398    .0095483
   trend_410 |  -.2949191   .1932187    -1.53   0.127    -.6744182      .08458
   trend_411 |   .7392697    .228025     3.24   0.001     .2914077    1.187132
   trend_412 |   1.214148   .2113029     5.75   0.000     .7991294    1.629166
   trend_413 |   .4879814   .2137945     2.28   0.023     .0680696    .9078933
   trend_414 |   1.729643   .2204921     7.84   0.000     1.296576    2.162709
   trend_415 |   .0660745    .198302     0.33   0.739    -.3234087    .4555576
   trend_416 |    .135464   .2284769     0.59   0.553    -.3132855    .5842135
   trend_417 |   .4074648   .2249683     1.81   0.071    -.0343936    .8493231
   trend_418 |    .673918   .2339411     2.88   0.004     .2144365      1.1334
   trend_419 |   .2172998   .2104038     1.03   0.302    -.1959524     .630552
   trend_420 |   .1527597   .1982302     0.77   0.441    -.2365826    .5421019
   trend_421 |   .3825155   .2100121     1.82   0.069    -.0299673    .7949984
   trend_422 |   .1574063   .1951012     0.81   0.420    -.2257903    .5406029
   trend_423 |   .7177634   .2268156     3.16   0.002     .2722769     1.16325
   trend_424 |   .6266539   .2483572     2.52   0.012     .1388578     1.11445
   trend_425 |   .0496929   .2161836     0.23   0.818    -.3749114    .4742972
   trend_426 |   .0473015   .2484675     0.19   0.849    -.4407112    .5353142
   trend_427 |  -.0276526   .1860736    -0.15   0.882     -.393118    .3378128
   trend_428 |    .407839   .1993547     2.05   0.041     .0162883    .7993898
   trend_429 |   .6445747   .1849357     3.49   0.001     .2813442    1.007805
   trend_430 |   .2611644   .2435208     1.07   0.284    -.2171325    .7394613
   trend_431 |   .1996415   .2141183     0.93   0.352    -.2209062    .6201893
   trend_432 |   .0370506   .2092385     0.18   0.860    -.3739129    .4480141
   trend_433 |  -.2370065   .2013422    -1.18   0.240     -.632461    .1584479
   trend_434 |   .0127335   .2555334     0.05   0.960    -.4891574    .5146244
   trend_435 |      .2465    .216592     1.14   0.256    -.1789063    .6719063
   trend_436 |   .1872935   .2474447     0.76   0.449    -.2987105    .6732975
   trend_437 |  -.0466724   .2492801    -0.19   0.852    -.5362812    .4429365
   trend_438 |    .006371   .2124772     0.03   0.976    -.4109535    .4236955
   trend_439 |  -.5896585   .2406951    -2.45   0.015    -1.062405   -.1169115
   trend_440 |  -.0330519   .2145725    -0.15   0.878    -.4544919     .388388
   trend_441 |   .0257295    .239876     0.11   0.915    -.4454088    .4968679
   trend_442 |  -.0415676   .2473246    -0.17   0.867    -.5273356    .4442003
   trend_443 |    .291478   .2409777     1.21   0.227    -.1818242    .7647801
   trend_444 |  -.2061112    .213257    -0.97   0.334    -.6249675     .212745
   trend_445 |   .8643846   .8670411     1.00   0.319     -.838563    2.567332
   trend_446 |   .7604844   .2209307     3.44   0.001     .3265563    1.194412
   trend_447 |   .3172056   .1902206     1.67   0.096     -.056405    .6908161
   trend_448 |  -.0948546   .2167086    -0.44   0.662      -.52049    .3307809
   trend_449 |   -1.39563   .2137242    -6.53   0.000    -1.815404   -.9758561
   trend_450 |  -.5537131    .212891    -2.60   0.010    -.9718503   -.1355758
   trend_451 |  -.8841735     .21905    -4.04   0.000    -1.314408   -.4539394
   trend_452 |   .2222763   .2192446     1.01   0.311      -.20834    .6528926
   trend_453 |  -.4916312   .2245411    -2.19   0.029    -.9326503    -.050612
   trend_454 |  -.6588096   .2163449    -3.05   0.002    -1.083731   -.2338885
   trend_455 |  -.2799162    .214193    -1.31   0.192    -.7006108    .1407783
   trend_456 |  -.6703713   .1985292    -3.38   0.001    -1.060301   -.2804419
   trend_457 |  -4.049593   .2223728   -18.21   0.000    -4.486354   -3.612833
   trend_458 |   1.516066   .2089265     7.26   0.000     1.105715    1.926416
   trend_459 |   .1434452    .216362     0.66   0.508    -.2815095       .5684
   trend_460 |   1.187805   .1853294     6.41   0.000      .823801    1.551809
   trend_461 |   .7574211   .1872251     4.05   0.000      .389694    1.125148
   trend_462 |   2.281789    .187946    12.14   0.000     1.912646    2.650932
   trend_463 |   .3558009    .206228     1.73   0.085    -.0492498    .7608515
   trend_464 |   1.519861   .1999392     7.60   0.000     1.127162     1.91256
   trend_465 |   1.770118    .222056     7.97   0.000      1.33398    2.206256
   trend_466 |   .9540027   .1885076     5.06   0.000     .5837566    1.324249
   trend_467 |   1.644339   .1870752     8.79   0.000     1.276906    2.011772
   trend_468 |   2.592565   .1944812    13.33   0.000     2.210586    2.974544
   trend_469 |   .7295136   .1895015     3.85   0.000     .3573153    1.101712
   trend_470 |   1.138336   .1864572     6.11   0.000      .772117    1.504555
   trend_471 |   1.078523   .1967462     5.48   0.000     .6920955     1.46495
   trend_472 |   3.002504   .2073244    14.48   0.000       2.5953    3.409708
   trend_473 |   2.093345   .1797526    11.65   0.000     1.740294    2.446396
   trend_474 |   .2779711    .218423     1.27   0.204    -.1510315    .7069737
   trend_475 |    .126455   .1880583     0.67   0.502    -.2429086    .4958186
   trend_476 |   .0826418   .1969973     0.42   0.675    -.3042789    .4695624
   trend_477 |   .1998805   .1854132     1.08   0.281    -.1642878    .5640489
   trend_478 |  -.0456056   .1864795    -0.24   0.807    -.4118682     .320657
   trend_479 |  -.0759606   .2022023    -0.38   0.707    -.4731045    .3211832
   trend_480 |   .5737615   .1998712     2.87   0.004     .1811962    .9663268
   trend_481 |  -.3860392   .1880615    -2.05   0.041    -.7554092   -.0166693
   trend_482 |   .0025724   .1993107     0.01   0.990    -.3888919    .3940367
   trend_483 |   .0997648    .186139     0.54   0.592    -.2658291    .4653588
   trend_484 |  -.2609076   .2046383    -1.27   0.203    -.6628359    .1410207
   trend_485 |  -.1047949   .1996915    -0.52   0.600    -.4970071    .2874173
   trend_486 |    .149913   .2027201     0.74   0.460    -.2482477    .5480737
   trend_487 |  -.1056857   .2039636    -0.52   0.605    -.5062887    .2949174
   trend_488 |  -.0431823   .1952891    -0.22   0.825    -.4267478    .3403832
   trend_489 |   .4747706   .2014685     2.36   0.019      .079068    .8704731
   trend_490 |  -.1673476   .1983824    -0.84   0.399    -.5569887    .2222934
   trend_491 |   .0710077   .5637199     0.13   0.900     -1.03619    1.178205
   trend_492 |  -.2996098   .2908943    -1.03   0.303    -.8709527     .271733
   trend_493 |  -.3612874   .4253005    -0.85   0.396    -1.196616    .4740415
   trend_494 |  -.3467215   .1883775    -1.84   0.066    -.7167121    .0232691
   trend_495 |  -.9584935   .4551072    -2.11   0.036    -1.852365   -.0646215
   trend_496 |  -1.367153    .420959    -3.25   0.001    -2.193955   -.5403511
   trend_497 |  -1.051461   .4354157    -2.41   0.016    -1.906657    -.196265
   trend_498 |  -1.148201   .2744478    -4.18   0.000    -1.687242   -.6091607
   trend_499 |  -1.100577    .194044    -5.67   0.000    -1.481697   -.7194568
   trend_500 |   -.826373   .4153228    -1.99   0.047    -1.642105   -.0106413
   trend_501 |  -.5276097   .2437402    -2.16   0.031    -1.006338   -.0488817
   trend_502 |  -1.608944   .5396519    -2.98   0.003     -2.66887    -.549019
   trend_503 |  -.4638879   .4427149    -1.05   0.295     -1.33342    .4056444
   trend_504 |  -.1919668   .9344069    -0.21   0.837    -2.027227    1.643293
   trend_505 |   .2034253   .4090656     0.50   0.619    -.6000168    1.006867
   trend_506 |   2.813903   .1948612    14.44   0.000     2.431178    3.196628
   trend_507 |   .4531456   .1911829     2.37   0.018      .077645    .8286462
   trend_508 |   .6684009   .1846868     3.62   0.000     .3056593    1.031143
   trend_509 |  -.1317119   .1884318    -0.70   0.485     -.501809    .2383853
   trend_510 |  -.0305036   .1849581    -0.16   0.869    -.3937782    .3327709
   trend_511 |   .4385706   .1982412     2.21   0.027     .0492069    .8279343
   trend_512 |   .6476731   .2064738     3.14   0.002     .2421397    1.053206
   trend_513 |   .2522432   .1916237     1.32   0.189    -.1241232    .6286096
   trend_514 |  -.2919147    .184689    -1.58   0.115    -.6546608    .0708314
   trend_515 |   .7773834   .1918837     4.05   0.000     .4005064     1.15426
   trend_516 |  -.5645271   .2046259    -2.76   0.006     -.966431   -.1626232
   trend_517 |   .1501808   .1917932     0.78   0.434    -.2265186    .5268802
   trend_518 |   .4589255   .1855424     2.47   0.014     .0945032    .8233477
   trend_519 |   .2756356   .1847899     1.49   0.136    -.0873086    .6385797
   trend_520 |  -.0673037   .1866103    -0.36   0.718    -.4338233    .2992159
   trend_521 |   .8709924   .1951282     4.46   0.000     .4877428    1.254242
   trend_522 |   .2997748   .1943503     1.54   0.124     -.081947    .6814965
   trend_523 |    .368027   .1864251     1.97   0.049     .0018711    .7341829
   trend_524 |   .9778277   .1855286     5.27   0.000     .6134326    1.342223
   trend_525 |   .0515133   .1856635     0.28   0.782    -.3131467    .4161733
   trend_526 |   .2105148   .1948191     1.08   0.280    -.1721276    .5931572
   trend_527 |   1.062929   .1886521     5.63   0.000     .6923987    1.433458
   trend_528 |  -.1999871   .2044221    -0.98   0.328    -.6014907    .2015165
   trend_529 |   .5855701   .2082577     2.81   0.005      .176533    .9946072
   trend_530 |   1.051137   .2026195     5.19   0.000     .6531741      1.4491
   trend_531 |   1.293524   .2060231     6.28   0.000     .8888758    1.698172
   trend_532 |   .1876262   .1932241     0.97   0.332    -.1918836    .5671359
   trend_533 |   .1908123   .1916924     1.00   0.320    -.1856889    .5673136
   trend_534 |   .1376484   .1965932     0.70   0.484    -.2484786    .5237754
   trend_535 |  -.1010422   .1922173    -0.53   0.599    -.4785745      .27649
   trend_536 |    .422231   .1965625     2.15   0.032     .0361645    .8082976
   trend_537 |   .1851265   .1962417     0.94   0.346    -.2003101    .5705631
   trend_538 |  -.0994717   .1836275    -0.54   0.588    -.4601329    .2611894
   trend_539 |  -.1143919   .1859327    -0.62   0.539    -.4795807    .2507968
   trend_540 |  -.1948458   .1961759    -0.99   0.321    -.5801531    .1904614
   trend_541 |  -.1213547   .1865856    -0.65   0.516    -.4878259    .2451164
   trend_542 |  -.2295214   .1850098    -1.24   0.215    -.5928976    .1338547
   trend_543 |   .8926355    .582096     1.53   0.126     -.250654    2.035925
   trend_544 |  -.1840923   .2040308    -0.90   0.367    -.5848274    .2166429
   trend_545 |  -.2440238   .1933778    -1.26   0.207    -.6238354    .1357879
   trend_546 |  -.2411312   .1939645    -1.24   0.214    -.6220952    .1398327
   trend_547 |  -1.157558   .2021902    -5.73   0.000    -1.554678   -.7604383
   trend_548 |   -.085796   .1849398    -0.46   0.643    -.4490346    .2774427
   trend_549 |   -.046235   .1921527    -0.24   0.810    -.4236404    .3311704
   trend_550 |  -.2111817   .1949685    -1.08   0.279    -.5941175    .1717542
   trend_551 |  -.6791214   .1933225    -3.51   0.000    -1.058824   -.2994184
   trend_552 |   .1098738   .1957696     0.56   0.575    -.2746355     .494383
   trend_553 |   .0436416   .2102226     0.21   0.836    -.3692547    .4565379
   trend_554 |    -.97327   .1841497    -5.29   0.000    -1.334957   -.6115832
   trend_555 |  -.3408286   .1858222    -1.83   0.067    -.7058003    .0241432
   trend_556 |  -.1359413   .1897918    -0.72   0.474    -.5087097    .2368271
   trend_557 |  -.0235298   .1897765    -0.12   0.901    -.3962682    .3492086
   trend_558 |  -.7307317   .1817636    -4.02   0.000    -1.087732   -.3737314
   trend_559 |   .0271695    .190925     0.14   0.887    -.3478245    .4021636
   trend_560 |   .4819749   .1984656     2.43   0.015     .0921705    .8717794
   trend_561 |   .5105242   .3014527     1.69   0.091    -.0815564    1.102605
   trend_562 |   .1757434   .0438592     4.01   0.000     .0895999    .2618869
   trend_563 |   .5901042    .273726     2.16   0.032     .0524814    1.127727
   trend_564 |   .6070858   .2297259     2.64   0.008     .1558832    1.058288
   trend_565 |   .6043085   .0651051     9.28   0.000     .4764361    .7321809
   trend_566 |   .6726539   .0710075     9.47   0.000     .5331887    .8121192
   trend_567 |   .0552733    .385433     0.14   0.886    -.7017523    .8122989
   trend_568 |    .111605   .0521529     2.14   0.033     .0091719     .214038
   trend_569 |   .0414718   .1912391     0.22   0.828    -.3341392    .4170827
   trend_570 |   1.093136   .0969433    11.28   0.000     .9027307    1.283542
   trend_571 |   .4116902   .2265893     1.82   0.070    -.0333518    .8567323
   trend_572 |   .9589457   .0755051    12.70   0.000     .8106469    1.107245
   trend_573 |   .0810011   .0514378     1.57   0.116    -.0200274    .1820296
   trend_574 |   .5061836   .0838584     6.04   0.000      .341478    .6708892
   trend_575 |  -.0509042   .3041191    -0.17   0.867    -.6482217    .5464134
   trend_576 |   1.369976   .2336338     5.86   0.000      .911098    1.828854
   trend_577 |          0  (omitted)
MismoParti~G |    .067941   .2134615     0.32   0.750    -.3513169    .4871988
       _cons |   .1060577   4.508962     0.02   0.981    -8.749955     8.96207
------------------------------------------------------------------------------
r; t=194.85 15:41:50

. areg prop ln_unau grade_1 grade_2 Turn_* yy_* HOMI_CAP_MUN  total mis_tot Cor
> ruptPast Already Auditada P_* MismoPartidoG,  absorb(clavedelae) cluster(clav
> e_mun)
note: Turn_4 omitted because of collinearity.
note: yy_1 omitted because of collinearity.
note: yy_2 omitted because of collinearity.
note: yy_3 omitted because of collinearity.
note: yy_11 omitted because of collinearity.
note: P_82 omitted because of collinearity.
note: P_L_70 omitted because of collinearity.
note: P_L_73 omitted because of collinearity.

Linear regression, absorbing indicators            Number of obs     = 340,009
Absorbed variable: clavedelaescuela                No. of categories =  21,759
                                                   F(132, 576)       =       .
                                                   Prob > F          =       .
                                                   R-squared         =  0.2683
                                                   Adj R-squared     =  0.2179
                                                   Root MSE          = 11.0162

                            (Std. err. adjusted for 577 clusters in clave_mun)
------------------------------------------------------------------------------
             |               Robust
        prop | Coefficient  std. err.      t    P>|t|     [95% conf. interval]
-------------+----------------------------------------------------------------
     ln_unau |   .1916905   .0596182     3.22   0.001     .0745949    .3087862
     grade_1 |  -2.638396   .1135611   -23.23   0.000    -2.861441   -2.415352
     grade_2 |  -.8625928   .0613024   -14.07   0.000    -.9829963   -.7421893
      Turn_1 |     2.3474   3.629014     0.65   0.518    -4.780314    9.475114
      Turn_2 |   1.182322   3.610117     0.33   0.743    -5.908277     8.27292
      Turn_3 |   .6001544   3.902111     0.15   0.878    -7.063946    8.264255
      Turn_4 |          0  (omitted)
        yy_1 |          0  (omitted)
        yy_2 |          0  (omitted)
        yy_3 |          0  (omitted)
        yy_4 |   -3.29571    .341767    -9.64   0.000    -3.966971   -2.624448
        yy_5 |  -2.651631   .2755938    -9.62   0.000    -3.192923    -2.11034
        yy_6 |   1.075864   .2858173     3.76   0.000     .5144924    1.637235
        yy_7 |  -.4247555   .2159344    -1.97   0.050    -.8488703   -.0006408
        yy_8 |   .2363139   .1977925     1.19   0.233    -.1521686    .6247965
        yy_9 |  -.5962279   .1725271    -3.46   0.001    -.9350869   -.2573689
       yy_10 |   2.578402   .2396478    10.76   0.000     2.107712    3.049092
       yy_11 |          0  (omitted)
HOMI_CAP_MUN |  -397.8877   260.9072    -1.53   0.128    -910.3331    114.5577
       total |  -7.01e-10   2.28e-10    -3.07   0.002    -1.15e-09   -2.52e-10
     mis_tot |  -.3894189   .3091421    -1.26   0.208    -.9966021    .2177643
 CorruptPast |  -.1137789   .2007579    -0.57   0.571    -.5080857     .280528
AlreadyAud~d |  -.1198061   .1999927    -0.60   0.549    -.5126099    .2729977
    Auditada |  -.1255532   .1302763    -0.96   0.336    -.3814278    .1303214
         P_1 |   1.582426   1.436438     1.10   0.271    -1.238869    4.403721
         P_2 |  -.3640778   1.100652    -0.33   0.741    -2.525858    1.797702
         P_3 |   2.674389   1.338434     2.00   0.046     .0455821    5.303195
         P_4 |   .7196339   1.248866     0.58   0.565    -1.733252     3.17252
         P_5 |   1.574407   1.161198     1.36   0.176    -.7062916    3.855105
         P_6 |   .1893457   1.183449     0.16   0.873    -2.135056    2.513748
         P_7 |   2.963735   1.733782     1.71   0.088    -.4415703    6.369041
         P_8 |  -.3688681   1.423087    -0.26   0.796    -3.163941    2.426205
         P_9 |    1.85754   1.152186     1.61   0.107    -.4054588    4.120538
        P_10 |  -2.063426   1.200108    -1.72   0.086    -4.420547    .2936944
        P_11 |  -.7305944   1.550456    -0.47   0.638    -3.775831    2.314642
        P_12 |   2.347476   1.548954     1.52   0.130      -.69481    5.389762
        P_13 |    -2.8382   1.129474    -2.51   0.012     -5.05659   -.6198103
        P_14 |   .8023527   1.452611     0.55   0.581    -2.050708    3.655414
        P_15 |  -.5172424   1.108076    -0.47   0.641    -2.693604    1.659119
        P_16 |   1.281517   1.189482     1.08   0.282    -1.054735    3.617768
        P_17 |  -1.096534   1.133002    -0.97   0.334    -3.321853    1.128784
        P_18 |   6.047064   1.113319     5.43   0.000     3.860404    8.233723
        P_19 |   .2474156   1.107062     0.22   0.823    -1.926954    2.421785
        P_20 |   3.383374   1.223856     2.76   0.006     .9796089     5.78714
        P_21 |  -.4066581   1.155531    -0.35   0.725    -2.676226     1.86291
        P_22 |   .8218799    1.13671     0.72   0.470    -1.410722    3.054481
        P_23 |  -1.187047   1.170173    -1.01   0.311    -3.485372    1.111279
        P_24 |   .3256657   1.139302     0.29   0.775    -1.912026    2.563358
        P_25 |   1.554971   1.254367     1.24   0.216    -.9087205    4.018663
        P_26 |   .1463676   1.246564     0.12   0.907    -2.301998    2.594733
        P_27 |  -.2938425   1.123117    -0.26   0.794    -2.499747    1.912062
        P_28 |   1.006316   1.513913     0.66   0.507    -1.967146    3.979778
        P_29 |  -2.728867   1.259379    -2.17   0.031    -5.202401   -.2553324
        P_30 |   1.438401   1.157917     1.24   0.215    -.8358532    3.712656
        P_31 |   2.945737   1.410803     2.09   0.037     .1747915    5.716682
        P_32 |   1.757226   1.226374     1.43   0.152    -.6514849    4.165937
        P_33 |  -1.343445   1.196856    -1.12   0.262    -3.694179    1.007288
        P_34 |   .7930573   1.211581     0.65   0.513    -1.586597    3.172712
        P_35 |   .8782459   1.200116     0.73   0.465    -1.478892    3.235384
        P_36 |   .7229998    1.11968     0.65   0.519    -1.476154    2.922154
        P_37 |  -1.531071   1.450467    -1.06   0.292     -4.37992    1.317778
        P_38 |   2.475927   1.226498     2.02   0.044     .0669727    4.884881
        P_39 |   1.607757   1.152604     1.39   0.164     -.656061    3.871576
        P_40 |   .1947738   1.278149     0.15   0.879    -2.315628    2.705175
        P_41 |   1.214137   1.163829     1.04   0.297    -1.071729    3.500004
        P_42 |   1.541403   1.106244     1.39   0.164    -.6313597    3.714166
        P_43 |   .5841206   1.901896     0.31   0.759    -3.151376    4.319617
        P_44 |  -3.963918   1.309811    -3.03   0.003    -6.536506   -1.391331
        P_45 |     .47623    1.28718     0.37   0.712    -2.051909    3.004369
        P_46 |   3.592769   1.106786     3.25   0.001     1.418941    5.766597
        P_47 |   1.288894   1.188521     1.08   0.279     -1.04547    3.623258
        P_48 |   1.329025   1.304348     1.02   0.309    -1.232834    3.890883
        P_49 |   3.092963   1.162859     2.66   0.008     .8090013    5.376924
        P_50 |   4.125657   1.910676     2.16   0.031     .3729157    7.878398
        P_51 |  -1.084869   1.107468    -0.98   0.328    -3.260036    1.090299
        P_52 |   1.420172   1.438203     0.99   0.324     -1.40459    4.244933
        P_53 |   .2329108   1.148562     0.20   0.839    -2.022969     2.48879
        P_54 |  -2.424999   1.249114    -1.94   0.053    -4.878372    .0283737
        P_55 |  -1.670875   1.124118    -1.49   0.138    -3.878745    .5369958
        P_56 |  -.9000176   2.185454    -0.41   0.681    -5.192449    3.392414
        P_57 |   2.892432   1.077321     2.68   0.007     .7764759    5.008388
        P_58 |   .4764943   1.124056     0.42   0.672    -1.731254    2.684243
        P_59 |  -1.676688   1.549205    -1.08   0.280    -4.719468    1.366092
        P_60 |   .1821018   1.137494     0.16   0.873    -2.052039    2.416243
        P_61 |  -.6186448    1.13616    -0.54   0.586    -2.850166    1.612877
        P_62 |   .5215715   1.108272     0.47   0.638    -1.655175    2.698318
        P_63 |  -1.393216    1.32923    -1.05   0.295    -4.003945    1.217512
        P_64 |    1.55999   1.237048     1.26   0.208    -.8696856    3.989666
        P_65 |  -.3935067   1.665422    -0.24   0.813    -3.664548    2.877534
        P_66 |   .0343475    1.07584     0.03   0.975    -2.078701    2.147396
        P_67 |   .7142741   1.109333     0.64   0.520    -1.464557    2.893106
        P_68 |  -.1978303   1.149016    -0.17   0.863    -2.454603    2.058942
        P_69 |  -.4146079   1.253321    -0.33   0.741    -2.876245     2.04703
        P_70 |   8.637095   6.179703     1.40   0.163    -3.500404    20.77459
        P_71 |   2.458735   1.457522     1.69   0.092    -.4039701     5.32144
        P_72 |   1.682078   1.329885     1.26   0.206    -.9299363    4.294093
        P_73 |  -.8347476   1.095968    -0.76   0.447    -2.987329    1.317834
        P_74 |   2.960842   1.335174     2.22   0.027     .3384392    5.583245
        P_75 |  -2.324836   1.528064    -1.52   0.129    -5.326093    .6764208
        P_76 |  -1.188861   1.464662    -0.81   0.417     -4.06559    1.687868
        P_77 |   2.135308   1.474593     1.45   0.148    -.7609275    5.031543
        P_78 |   3.164376   1.464384     2.16   0.031     .2881929    6.040559
        P_79 |  -11.63993   1.012444   -11.50   0.000    -13.62846   -9.651401
        P_80 |   1.408141   1.186228     1.19   0.236    -.9217184       3.738
        P_81 |  -2.565036   1.373057    -1.87   0.062    -5.261845    .1317726
        P_82 |          0  (omitted)
       P_L_1 |   .6336538   1.316856     0.48   0.631    -1.952771    3.220079
       P_L_2 |  -1.467936   1.073499    -1.37   0.172    -3.576386    .6405137
       P_L_3 |  -.8466634   1.196409    -0.71   0.479    -3.196521    1.503194
       P_L_4 |  -.5777802   1.280833    -0.45   0.652    -3.093454    1.937893
       P_L_5 |  -1.715908   1.088978    -1.58   0.116     -3.85476    .4229435
       P_L_6 |  -.2740098   1.149817    -0.24   0.812    -2.532355    1.984336
       P_L_7 |  -1.952641     1.2694    -1.54   0.125    -4.445859    .5405774
       P_L_8 |  -.4743164    1.11906    -0.42   0.672    -2.672252     1.72362
       P_L_9 |  -1.934327   1.153805    -1.68   0.094    -4.200505    .3318503
      P_L_10 |  -1.415893   1.319206    -1.07   0.284    -4.006934    1.175148
      P_L_11 |  -1.060085   1.248278    -0.85   0.396    -3.511816    1.391647
      P_L_12 |  -.7677176   1.099393    -0.70   0.485    -2.927025     1.39159
      P_L_13 |    3.25185    1.08949     2.98   0.003     1.111993    5.391707
      P_L_14 |  -1.371426   1.253891    -1.09   0.275    -3.834181     1.09133
      P_L_15 |  -1.562193   1.130068    -1.38   0.167     -3.78175    .6573631
      P_L_16 |  -3.083863   1.188174    -2.60   0.010    -5.417545     -.75018
      P_L_17 |   .6191027   1.179491     0.52   0.600    -1.697524     2.93573
      P_L_18 |   .3519908    1.07463     0.33   0.743    -1.758681    2.462663
      P_L_19 |  -2.801194   1.345639    -2.08   0.038    -5.444151   -.1582375
      P_L_20 |  -2.108899   1.095371    -1.93   0.055    -4.260308    .0425099
      P_L_21 |  -1.010644    1.11041    -0.91   0.363    -3.191591    1.170303
      P_L_22 |  -.3069024   1.119424    -0.27   0.784    -2.505553    1.891748
      P_L_23 |  -.0669518   1.069956    -0.06   0.950    -2.168443    2.034539
      P_L_24 |   .2621062   1.128726     0.23   0.816    -1.954815    2.479028
      P_L_25 |  -1.262879   1.159811    -1.09   0.277    -3.540855    1.015096
      P_L_26 |   -1.13223   1.177007    -0.96   0.336    -3.443979     1.17952
      P_L_27 |  -2.972263   1.272081    -2.34   0.020    -5.470747   -.4737794
      P_L_28 |  -.7461316   1.109923    -0.67   0.502    -2.926121    1.433858
      P_L_29 |   .7070598   1.606488     0.44   0.660    -2.448229    3.862348
      P_L_30 |  -.2095474   1.128556    -0.19   0.853    -2.426133    2.007038
      P_L_31 |  -.4587695   1.108137    -0.41   0.679    -2.635251    1.717712
      P_L_32 |   2.556052   1.360986     1.88   0.061    -.1170477    5.229153
      P_L_33 |  -1.099548   1.129349    -0.97   0.331    -3.317692    1.118596
      P_L_34 |  -.7398059   1.096515    -0.67   0.500    -2.893461    1.413849
      P_L_35 |   3.876519     4.9269     0.79   0.432     -5.80036     13.5534
      P_L_36 |  -2.117582   1.127577    -1.88   0.061    -4.332245    .0970819
      P_L_37 |  -.8867497   1.116832    -0.79   0.428     -3.08031    1.306811
      P_L_38 |   -1.11381   1.109414    -1.00   0.316    -3.292801     1.06518
      P_L_39 |  -3.288055    2.16155    -1.52   0.129    -7.533537    .9574261
      P_L_40 |   3.632252   1.170941     3.10   0.002     1.332417    5.932087
      P_L_41 |    3.19244   1.185517     2.69   0.007     .8639758    5.520904
      P_L_42 |  -.8300221   1.101925    -0.75   0.452    -2.994303    1.334259
      P_L_43 |   1.753085   1.115531     1.57   0.117    -.4379193     3.94409
      P_L_44 |   .8539307   1.222662     0.70   0.485     -1.54749    3.255351
      P_L_45 |  -2.208844   1.082993    -2.04   0.042    -4.335941   -.0817466
      P_L_46 |  -1.120367   1.091652    -1.03   0.305     -3.26447    1.023737
      P_L_47 |  -1.562082   1.185184    -1.32   0.188    -3.889892    .7657282
      P_L_48 |   2.200815   1.621091     1.36   0.175    -.9831541    5.384785
      P_L_49 |    .042058   1.275146     0.03   0.974    -2.462445    2.546561
      P_L_50 |  -.2363007   1.301934    -0.18   0.856    -2.793417    2.320816
      P_L_51 |   2.633414   1.069217     2.46   0.014     .5333731    4.733454
      P_L_52 |  -.1470579   1.060592    -0.14   0.890    -2.230156    1.936041
      P_L_53 |  -.7408264    1.45007    -0.51   0.610    -3.588896    2.107243
      P_L_54 |   .7783427   1.374032     0.57   0.571    -1.920382    3.477067
      P_L_55 |  -.8142325   1.194859    -0.68   0.496    -3.161045     1.53258
      P_L_56 |  -.7494038    1.04462    -0.72   0.473    -2.801132    1.302325
      P_L_57 |   -.370697   1.054325    -0.35   0.725    -2.441487    1.700093
      P_L_58 |  -1.282856   1.116966    -1.15   0.251    -3.476678    .9109666
      P_L_59 |  -.0264787   1.101343    -0.02   0.981    -2.189616    2.136658
      P_L_60 |  -1.326245   1.175283    -1.13   0.260    -3.634608    .9821177
      P_L_61 |  -2.596554   1.228609    -2.11   0.035    -5.009654   -.1834541
      P_L_62 |   -.746637   1.088281    -0.69   0.493    -2.884119    1.390845
      P_L_63 |  -.0301004   1.485126    -0.02   0.984    -2.947023    2.886822
      P_L_64 |   .4640701   1.117824     0.42   0.678    -1.731437    2.659578
      P_L_65 |  -3.220173   1.123137    -2.87   0.004    -5.426116   -1.014231
      P_L_66 |  -.6529577   1.260785    -0.52   0.605    -3.129253    1.823338
      P_L_67 |  -.8721892    1.30602    -0.67   0.505    -3.437332    1.692953
      P_L_68 |   1.486483   1.165966     1.27   0.203    -.8035799    3.776546
      P_L_69 |  -2.639008   1.290974    -2.04   0.041    -5.174599   -.1034177
      P_L_70 |          0  (omitted)
      P_L_71 |  -.8246172   1.081684    -0.76   0.446    -2.949143    1.299909
      P_L_72 |   -1.05901   1.251239    -0.85   0.398    -3.516558    1.398537
      P_L_73 |          0  (omitted)
MismoParti~G |   .2842721   .1595842     1.78   0.075    -.0291659    .5977101
       _cons |   3.725742   3.904043     0.95   0.340    -3.942154    11.39364
------------------------------------------------------------------------------
r; t=27.93 15:42:18

. areg prop ln_unau Turn_* yy_* HOMI_CAP_MUN  total mis_tot CorruptPast Already
>  Auditada P_* MismoPartidoG,  absorb(clavedelae) cluster(clave_mun)
note: Turn_4 omitted because of collinearity.
note: yy_1 omitted because of collinearity.
note: yy_2 omitted because of collinearity.
note: yy_3 omitted because of collinearity.
note: yy_11 omitted because of collinearity.
note: P_82 omitted because of collinearity.
note: P_L_70 omitted because of collinearity.
note: P_L_73 omitted because of collinearity.

Linear regression, absorbing indicators            Number of obs     = 340,009
Absorbed variable: clavedelaescuela                No. of categories =  21,759
                                                   F(130, 576)       =       .
                                                   Prob > F          =       .
                                                   R-squared         =  0.2618
                                                   Adj R-squared     =  0.2109
                                                   Root MSE          = 11.0656

                            (Std. err. adjusted for 577 clusters in clave_mun)
------------------------------------------------------------------------------
             |               Robust
        prop | Coefficient  std. err.      t    P>|t|     [95% conf. interval]
-------------+----------------------------------------------------------------
     ln_unau |   .1911345   .0596478     3.20   0.001     .0739807    .3082883
      Turn_1 |   2.427927   3.661178     0.66   0.507    -4.762959    9.618813
      Turn_2 |   1.252893   3.642536     0.34   0.731    -5.901381    8.407166
      Turn_3 |   .6574201    3.92943     0.17   0.867    -7.060337    8.375178
      Turn_4 |          0  (omitted)
        yy_1 |          0  (omitted)
        yy_2 |          0  (omitted)
        yy_3 |          0  (omitted)
        yy_4 |   -2.14114   .3284721    -6.52   0.000    -2.786289   -1.495991
        yy_5 |  -1.498119   .2696089    -5.56   0.000    -2.027655   -.9685826
        yy_6 |   2.229066   .2960513     7.53   0.000     1.647594    2.810538
        yy_7 |  -.4344635   .2157663    -2.01   0.045    -.8582482   -.0106788
        yy_8 |   .2176625   .1978328     1.10   0.272    -.1708991     .606224
        yy_9 |  -.6102034   .1725435    -3.54   0.000    -.9490945   -.2713122
       yy_10 |   2.567667   .2395569    10.72   0.000     2.097156    3.038179
       yy_11 |          0  (omitted)
HOMI_CAP_MUN |  -394.4388   260.7527    -1.51   0.131    -906.5809    117.7033
       total |  -7.02e-10   2.28e-10    -3.07   0.002    -1.15e-09   -2.53e-10
     mis_tot |  -.3825423   .3090225    -1.24   0.216    -.9894907    .2244061
 CorruptPast |  -.1128971   .2007368    -0.56   0.574    -.5071625    .2813684
AlreadyAud~d |   -.118816   .1998312    -0.59   0.552    -.5113028    .2736707
    Auditada |  -.1235112   .1304462    -0.95   0.344    -.3797195     .132697
         P_1 |   1.580933   1.441376     1.10   0.273     -1.25006    4.411927
         P_2 |  -.3761518   1.104951    -0.34   0.734    -2.546376    1.794073
         P_3 |   2.672212   1.341232     1.99   0.047     .0379111    5.306513
         P_4 |   .7087014   1.253542     0.57   0.572    -1.753369    3.170771
         P_5 |   1.568784   1.165541     1.35   0.179    -.7204449    3.858013
         P_6 |   .1777392   1.187255     0.15   0.881    -2.154137    2.509615
         P_7 |   2.957654   1.740191     1.70   0.090    -.4602405    6.375548
         P_8 |  -.3788695   1.425903    -0.27   0.791    -3.179473    2.421734
         P_9 |   1.848835    1.15609     1.60   0.110    -.4218316    4.119501
        P_10 |  -2.119759   1.204438    -1.76   0.079    -4.485384    .2458667
        P_11 |   -.758651   1.552331    -0.49   0.625     -3.80757    2.290268
        P_12 |    2.33291   1.553234     1.50   0.134    -.7177822    5.383602
        P_13 |  -2.848825   1.132987    -2.51   0.012    -5.074115   -.6235359
        P_14 |   .7894457   1.456841     0.54   0.588    -2.071923    3.650814
        P_15 |  -.5173119   1.112436    -0.47   0.642    -2.702237    1.667613
        P_16 |   1.251458   1.194669     1.05   0.295    -1.094982    3.597897
        P_17 |  -1.091381    1.13766    -0.96   0.338    -3.325849    1.143087
        P_18 |   5.989243   1.116402     5.36   0.000     3.796529    8.181958
        P_19 |   .2442332   1.111193     0.22   0.826    -1.938251    2.426717
        P_20 |    3.36507   1.229188     2.74   0.006     .9508333    5.779306
        P_21 |  -.4111155   1.159724    -0.35   0.723    -2.688919    1.866688
        P_22 |   .8081717   1.140705     0.71   0.479    -1.432277     3.04862
        P_23 |  -1.191869   1.175915    -1.01   0.311    -3.501473    1.117735
        P_24 |   .3293068   1.143194     0.29   0.773     -1.91603    2.574644
        P_25 |   1.521484   1.257872     1.21   0.227     -.949091    3.992059
        P_26 |   .1294761   1.251324     0.10   0.918    -2.328238     2.58719
        P_27 |  -.2997003   1.127406    -0.27   0.790    -2.514028    1.914628
        P_28 |   1.008956   1.516698     0.67   0.506    -1.969976    3.987888
        P_29 |  -2.737654   1.262648    -2.17   0.031    -5.217609   -.2576993
        P_30 |   1.434673   1.161882     1.23   0.217    -.8473695    3.716716
        P_31 |   2.964719   1.408173     2.11   0.036     .1989395    5.730498
        P_32 |   1.753777   1.229635     1.43   0.154    -.6613385    4.168892
        P_33 |  -1.325219   1.201267    -1.10   0.270    -3.684617     1.03418
        P_34 |   .7965125   1.215324     0.66   0.512    -1.590493    3.183519
        P_35 |   .8647512   1.204723     0.72   0.473    -1.501435    3.230937
        P_36 |   .7111882   1.124342     0.63   0.527    -1.497123    2.919499
        P_37 |  -1.534897   1.450711    -1.06   0.290    -4.384226    1.314432
        P_38 |   2.491239   1.229137     2.03   0.043     .0771021    4.905376
        P_39 |   1.603067   1.156655     1.39   0.166    -.6687082    3.874843
        P_40 |   .1995351   1.281127     0.16   0.876    -2.316714    2.715784
        P_41 |    1.21211   1.167818     1.04   0.300    -1.081591    3.505811
        P_42 |   1.500918   1.110508     1.35   0.177    -.6802201    3.682056
        P_43 |   .5828758   1.916572     0.30   0.761    -3.181446    4.347197
        P_44 |  -3.856153   1.313383    -2.94   0.003    -6.435757   -1.276549
        P_45 |   .4579199   1.290862     0.35   0.723    -2.077451    2.993291
        P_46 |   3.572674   1.111045     3.22   0.001      1.39048    5.754868
        P_47 |   1.295822   1.193051     1.09   0.278    -1.047439    3.639082
        P_48 |   1.341843   1.306507     1.03   0.305    -1.224257    3.907942
        P_49 |   3.060626   1.166795     2.62   0.009     .7689353    5.352317
        P_50 |   4.142549   1.913455     2.16   0.031     .3843494    7.900748
        P_51 |  -1.078039   1.111716    -0.97   0.333     -3.26155    1.105471
        P_52 |   1.413463   1.440393     0.98   0.327    -1.415599    4.242525
        P_53 |   .2334588   1.152861     0.20   0.840    -2.030864    2.497782
        P_54 |  -2.423143   1.248223    -1.94   0.053    -4.874767    .0284812
        P_55 |   -1.68964   1.128344    -1.50   0.135    -3.905811    .5265302
        P_56 |  -.9193231   2.190335    -0.42   0.675     -5.22134    3.382694
        P_57 |   2.862952   1.081412     2.65   0.008     .7389608    4.986943
        P_58 |     .47476   1.127943     0.42   0.674    -1.740622    2.690142
        P_59 |  -1.695522   1.546871    -1.10   0.273    -4.733717    1.342674
        P_60 |   .1696408   1.141856     0.15   0.882    -2.073068    2.412349
        P_61 |  -.6250037   1.140237    -0.55   0.584    -2.864533    1.614526
        P_62 |   .5181264   1.112555     0.47   0.642    -1.667034    2.703286
        P_63 |  -1.427519   1.332352    -1.07   0.284    -4.044378    1.189341
        P_64 |   1.556752   1.242155     1.25   0.211    -.8829538    3.996457
        P_65 |  -.4095552   1.668834    -0.25   0.806    -3.687297    2.868187
        P_66 |   .0297139   1.079998     0.03   0.978      -2.0915    2.150928
        P_67 |   .7119543   1.113621     0.64   0.523    -1.475299    2.899207
        P_68 |  -.1974623   1.153121    -0.17   0.864    -2.462296    2.067372
        P_69 |  -.4111155   1.257084    -0.33   0.744    -2.880143    2.057912
        P_70 |   8.625195   6.172097     1.40   0.163    -3.497364    20.74776
        P_71 |   2.449908   1.459588     1.68   0.094    -.4168548    5.316671
        P_72 |   1.667604   1.332862     1.25   0.211    -.9502581    4.285466
        P_73 |  -.8491251   1.100285    -0.77   0.441    -3.010186    1.311936
        P_74 |   2.903754   1.335732     2.17   0.030     .2802536    5.527254
        P_75 |  -2.351184   1.531082    -1.54   0.125    -5.358367    .6559998
        P_76 |  -1.198852   1.468274    -0.82   0.415    -4.082677    1.684972
        P_77 |   2.133797   1.477727     1.44   0.149     -.768594    5.036188
        P_78 |   3.108216   1.466157     2.12   0.034      .228551    5.987882
        P_79 |  -11.75641    1.01627   -11.57   0.000    -13.75246   -9.760367
        P_80 |   1.410191    1.19013     1.18   0.237    -.9273319    3.747714
        P_81 |  -2.574517   1.377616    -1.87   0.062    -5.280279    .1312453
        P_82 |          0  (omitted)
       P_L_1 |   .6332901   1.305663     0.49   0.628     -1.93115     3.19773
       P_L_2 |  -1.480281   1.059092    -1.40   0.163    -3.560433    .5998711
       P_L_3 |  -.8529052   1.184193    -0.72   0.472    -3.178768    1.472957
       P_L_4 |  -.5633615   1.264911    -0.45   0.656    -3.047762    1.921039
       P_L_5 |  -1.684976   1.074414    -1.57   0.117    -3.795222    .4252697
       P_L_6 |   -.269485   1.136957    -0.24   0.813    -2.502571    1.963601
       P_L_7 |   -1.93418   1.257169    -1.54   0.124    -4.403374    .5350135
       P_L_8 |  -.4667913    1.10511    -0.42   0.673    -2.637328    1.703745
       P_L_9 |  -1.935331   1.140489    -1.70   0.090    -4.175355    .3046928
      P_L_10 |  -1.408997   1.307771    -1.08   0.282    -3.977578    1.159584
      P_L_11 |  -1.059542   1.235553    -0.86   0.392     -3.48628    1.367195
      P_L_12 |   -.754281   1.084172    -0.70   0.487    -2.883693    1.375131
      P_L_13 |    3.25281   1.075478     3.02   0.003     1.140474    5.365146
      P_L_14 |  -1.378932   1.242399    -1.11   0.268    -3.819117    1.061254
      P_L_15 |  -1.603549   1.116086    -1.44   0.151    -3.795643    .5885447
      P_L_16 |   -3.08516    1.17562    -2.62   0.009    -5.394185   -.7761351
      P_L_17 |    .604556   1.166539     0.52   0.604    -1.686633    2.895745
      P_L_18 |   .3463429   1.060173     0.33   0.744    -1.735933    2.428619
      P_L_19 |  -2.805078   1.333743    -2.10   0.036    -5.424671   -.1854847
      P_L_20 |  -2.113587   1.081189    -1.95   0.051    -4.237141    .0099657
      P_L_21 |  -.9982484    1.09598    -0.91   0.363    -3.150852    1.154355
      P_L_22 |  -.3001405   1.105765    -0.27   0.786    -2.471964    1.871683
      P_L_23 |  -.0700756   1.055175    -0.07   0.947    -2.142536    2.002384
      P_L_24 |   .2701219   1.115455     0.24   0.809    -1.920732    2.460976
      P_L_25 |  -1.244212   1.146062    -1.09   0.278    -3.495182    1.006759
      P_L_26 |  -1.135978    1.16254    -0.98   0.329    -3.419311    1.147356
      P_L_27 |  -2.932539   1.261038    -2.33   0.020    -5.409332   -.4557468
      P_L_28 |  -.7334331   1.095918    -0.67   0.504    -2.885916     1.41905
      P_L_29 |   .7078183   1.594526     0.44   0.657    -2.423976    3.839613
      P_L_30 |  -.2057886   1.114468    -0.18   0.854    -2.394705    1.983128
      P_L_31 |  -.4467044   1.094138    -0.41   0.683    -2.595691    1.702282
      P_L_32 |    2.58603   1.350672     1.91   0.056    -.0668115    5.238872
      P_L_33 |  -1.078274   1.115857    -0.97   0.334    -3.269919    1.113372
      P_L_34 |  -.7313902   1.082283    -0.68   0.499    -2.857092    1.394312
      P_L_35 |   3.821638   4.982038     0.77   0.443    -5.963539    13.60681
      P_L_36 |   -2.12575   1.114308    -1.91   0.057    -4.314352    .0628521
      P_L_37 |  -.8766865   1.103205    -0.79   0.427    -3.043482    1.290109
      P_L_38 |  -1.064615   1.094333    -0.97   0.331    -3.213985    1.084755
      P_L_39 |  -3.315041   2.167595    -1.53   0.127    -7.572395    .9423118
      P_L_40 |   3.531122   1.157121     3.05   0.002     1.258431    5.803812
      P_L_41 |   3.248279   1.171474     2.77   0.006     .9473971    5.549161
      P_L_42 |  -.7719691   1.086837    -0.71   0.478    -2.906616    1.362678
      P_L_43 |    1.77021   1.100945     1.61   0.108    -.3921456    3.932566
      P_L_44 |   .8387579   1.209714     0.69   0.488    -1.537231    3.214747
      P_L_45 |  -2.202544   1.068629    -2.06   0.040    -4.301429   -.1036594
      P_L_46 |  -1.117051   1.077541    -1.04   0.300     -3.23344    .9993379
      P_L_47 |  -1.566558   1.172063    -1.34   0.182    -3.868596    .7354806
      P_L_48 |   2.232975   1.616913     1.38   0.168    -.9427896    5.408739
      P_L_49 |   .0433295   1.262786     0.03   0.973    -2.436898    2.523557
      P_L_50 |  -.2357958   1.287223    -0.18   0.855     -2.76402    2.292428
      P_L_51 |   2.637073   1.054672     2.50   0.013     .5656007    4.708545
      P_L_52 |  -.1474984   1.045957    -0.14   0.888    -2.201853    1.906856
      P_L_53 |  -.7518173    1.43802    -0.52   0.601    -3.576219    2.072584
      P_L_54 |   .8099818   1.362704     0.59   0.552    -1.866492    3.486456
      P_L_55 |  -.7930488   1.180535    -0.67   0.502    -3.111726    1.525629
      P_L_56 |  -.7382056   1.029662    -0.72   0.474    -2.760555    1.284143
      P_L_57 |  -.3688448   1.039621    -0.35   0.723    -2.410755    1.673065
      P_L_58 |  -1.287844   1.101931    -1.17   0.243    -3.452136     .876448
      P_L_59 |  -.0210154   1.087065    -0.02   0.985     -2.15611    2.114079
      P_L_60 |  -1.304782   1.162409    -1.12   0.262    -3.587859    .9782953
      P_L_61 |  -2.629349   1.218903    -2.16   0.031    -5.023385   -.2353129
      P_L_62 |  -.7431509   1.074226    -0.69   0.489    -2.853028    1.366726
      P_L_63 |  -.0242361   1.475216    -0.02   0.987    -2.921695    2.873223
      P_L_64 |    .475335   1.103934     0.43   0.667    -1.692891    2.643561
      P_L_65 |  -3.199406   1.109403    -2.88   0.004    -5.378375   -1.020437
      P_L_66 |  -.6432031   1.248515    -0.52   0.607    -3.095399    1.808993
      P_L_67 |  -.8783284   1.293615    -0.68   0.497    -3.419106    1.662449
      P_L_68 |   1.486417   1.152908     1.29   0.198    -.7779982    3.750833
      P_L_69 |  -2.690514    1.27943    -2.10   0.036     -5.20343   -.1775972
      P_L_70 |          0  (omitted)
      P_L_71 |  -.8071373   1.068276    -0.76   0.450    -2.905328    1.291054
      P_L_72 |  -1.032461   1.238624    -0.83   0.405     -3.46523    1.400309
      P_L_73 |          0  (omitted)
MismoParti~G |   .2843558   .1596194     1.78   0.075    -.0291513    .5978629
       _cons |   2.483439   3.940802     0.63   0.529    -5.256656    10.22353
------------------------------------------------------------------------------
r; t=27.40 15:42:45

. *areg prop ln_unau Turn_* yy_*  Auditada P_*,  absorb(clavedelae) cluster(cla
> ve_mun)
. areg prop ln_unau Turn_* yy_*  Auditada,  absorb(clavedelae) cluster(clave_mu
> n)
note: Turn_4 omitted because of collinearity.
note: yy_1 omitted because of collinearity.
note: yy_2 omitted because of collinearity.
note: yy_3 omitted because of collinearity.
note: yy_11 omitted because of collinearity.

Linear regression, absorbing indicators            Number of obs     = 340,009
Absorbed variable: clavedelaescuela                No. of categories =  21,759
                                                   F(12, 576)        =   40.00
                                                   Prob > F          =  0.0000
                                                   R-squared         =  0.2574
                                                   Adj R-squared     =  0.2066
                                                   Root MSE          = 11.0958

                            (Std. err. adjusted for 577 clusters in clave_mun)
------------------------------------------------------------------------------
             |               Robust
        prop | Coefficient  std. err.      t    P>|t|     [95% conf. interval]
-------------+----------------------------------------------------------------
     ln_unau |    .227756   .0561471     4.06   0.000      .117478     .338034
      Turn_1 |   2.983108   3.729334     0.80   0.424    -4.341642    10.30786
      Turn_2 |   1.799157   3.708579     0.49   0.628    -5.484829    9.083144
      Turn_3 |   1.264686   3.975625     0.32   0.751    -6.543803    9.073175
      Turn_4 |          0  (omitted)
        yy_1 |          0  (omitted)
        yy_2 |          0  (omitted)
        yy_3 |          0  (omitted)
        yy_4 |   -1.11808   .2173259    -5.14   0.000    -1.544928   -.6912324
        yy_5 |  -.7163485   .1778009    -4.03   0.000    -1.065566   -.3671314
        yy_6 |   2.894795   .2482763    11.66   0.000     2.407158    3.382432
        yy_7 |   .2487834   .1241466     2.00   0.046     .0049481    .4926187
        yy_8 |    .761967   .1193534     6.38   0.000     .5275461    .9963879
        yy_9 |  -.3078346   .0884511    -3.48   0.001    -.4815606   -.1341086
       yy_10 |   2.442758   .1999789    12.22   0.000     2.049981    2.835535
       yy_11 |          0  (omitted)
    Auditada |  -.2204349   .1238818    -1.78   0.076      -.46375    .0228803
       _cons |   .6588289   3.730463     0.18   0.860     -6.66814    7.985798
------------------------------------------------------------------------------
r; t=4.43 15:42:50

. 
. 
. 
. areg prop Corrupt grade_1 grade_2 Turn_* yy_* HOMI_CAP_MUN  total mis_tot P_*
>  CorruptPast Already Auditada trend* MismoPartidoG,  absorb(clave_mun) cluste
> r(clave_mun)
note: Turn_4 omitted because of collinearity.
note: yy_1 omitted because of collinearity.
note: yy_2 omitted because of collinearity.
note: yy_3 omitted because of collinearity.
note: yy_11 omitted because of collinearity.
note: P_79 omitted because of collinearity.
note: P_82 omitted because of collinearity.
note: P_L_70 omitted because of collinearity.
note: P_L_73 omitted because of collinearity.
note: trend_345 omitted because of collinearity.
note: trend_577 omitted because of collinearity.

Linear regression, absorbing indicators            Number of obs     = 340,009
Absorbed variable: clave_mun                       No. of categories =     577
                                                   F(126, 576)       =       .
                                                   Prob > F          =       .
                                                   R-squared         =  0.0956
                                                   Adj R-squared     =  0.0920
                                                   Root MSE          = 11.8588

                            (Std. err. adjusted for 577 clusters in clave_mun)
------------------------------------------------------------------------------
             |               Robust
        prop | Coefficient  std. err.      t    P>|t|     [95% conf. interval]
-------------+----------------------------------------------------------------
     Corrupt |   .3704266    .169786     2.18   0.030     .0369515    .7039017
     grade_1 |  -2.652602   .1104691   -24.01   0.000    -2.869574   -2.435631
     grade_2 |  -.8707781   .0593871   -14.66   0.000    -.9874198   -.7541364
      Turn_1 |  -2.104479   1.841158    -1.14   0.254     -5.72068    1.511722
      Turn_2 |  -2.563347   1.827706    -1.40   0.161    -6.153128    1.026435
      Turn_3 |   -2.19896   1.916412    -1.15   0.252    -5.962967    1.565047
      Turn_4 |          0  (omitted)
        yy_1 |          0  (omitted)
        yy_2 |          0  (omitted)
        yy_3 |          0  (omitted)
        yy_4 |  -1.138473   1.175306    -0.97   0.333    -3.446881    1.169936
        yy_5 |  -.7583693   1.017088    -0.75   0.456    -2.756023    1.239285
        yy_6 |   2.658234    .891991     2.98   0.003     .9062822    4.410185
        yy_7 |   .8013386   .7117775     1.13   0.261    -.5966572    2.199334
        yy_8 |   1.186335   .5689792     2.09   0.038     .0688084    2.303862
        yy_9 |  -.0513138   .3861421    -0.13   0.894    -.8097322    .7071045
       yy_10 |   2.887867   .3348275     8.62   0.000     2.230235    3.545499
       yy_11 |          0  (omitted)
HOMI_CAP_MUN |   -124.504   209.0592    -0.60   0.552    -535.1154    286.1073
       total |  -1.91e-10   1.52e-10    -1.26   0.210    -4.90e-10    1.08e-10
     mis_tot |  -.4938997   .4388627    -1.13   0.261    -1.355866    .3680666
         P_1 |   3.583256   1.394792     2.57   0.010     .8437572    6.322755
         P_2 |   .6563124    1.00793     0.65   0.515    -1.323354    2.635979
         P_3 |    3.80572   1.232194     3.09   0.002     1.385579    6.225861
         P_4 |   2.131639   1.456432     1.46   0.144    -.7289266    4.992204
         P_5 |   2.906389   1.063389     2.73   0.006     .8177971    4.994981
         P_6 |   1.708367   1.015721     1.68   0.093    -.2866025    3.703336
         P_7 |   5.022162   1.216706     4.13   0.000      2.63244    7.411884
         P_8 |   1.233985   1.146814     1.08   0.282    -1.018462    3.486432
         P_9 |   2.950423   1.042277     2.83   0.005      .903296    4.997551
        P_10 |   2.181072   1.169844     1.86   0.063    -.1166092    4.478753
        P_11 |   .2162458   1.161761     0.19   0.852    -2.065559     2.49805
        P_12 |   1.794209   1.278148     1.40   0.161    -.7161892    4.304607
        P_13 |   2.590473   1.103873     2.35   0.019     .4223659     4.75858
        P_14 |   2.508432   1.320746     1.90   0.058    -.0856327    5.102497
        P_15 |   1.516636   1.021312     1.48   0.138    -.4893133    3.522584
        P_16 |     2.0974   1.099444     1.91   0.057    -.0620067    4.256808
        P_17 |   1.459147   1.206887     1.21   0.227    -.9112901    3.829583
        P_18 |  -10.77256   1.504047    -7.16   0.000    -13.72664    -7.81847
        P_19 |   1.654949    1.03406     1.60   0.110    -.3760388    3.685937
        P_20 |   3.817443   1.129357     3.38   0.001     1.599284    6.035603
        P_21 |   1.310173   1.020422     1.28   0.200    -.6940282    3.314374
        P_22 |   1.594488   1.026907     1.55   0.121    -.4224514    3.611428
        P_23 |   2.302585   1.106846     2.08   0.038     .1286377    4.476532
        P_24 |   3.579566   1.083848     3.30   0.001     1.450791    5.708342
        P_25 |   3.159394   1.196936     2.64   0.009     .8085024    5.510285
        P_26 |    2.21376   1.096381     2.02   0.044     .0603672    4.367153
        P_27 |   1.791779   1.023904     1.75   0.081    -.2192609    3.802819
        P_28 |   2.030086   1.143401     1.78   0.076    -.2156589     4.27583
        P_29 |   .9431317   1.107923     0.85   0.395     -1.23293    3.119194
        P_30 |   3.466353   1.134779     3.05   0.002     1.237544    5.695161
        P_31 |    4.17745   1.649676     2.53   0.012     .9373362    7.417564
        P_32 |   4.435169   1.110599     3.99   0.000     2.253851    6.616486
        P_33 |  -.4194859   1.120795    -0.37   0.708     -2.62083    1.781858
        P_34 |   2.594817   1.254419     2.07   0.039     .1310247    5.058609
        P_35 |   3.584552   1.166975     3.07   0.002     1.292508    5.876596
        P_36 |   3.149907   1.058387     2.98   0.003     1.071139    5.228675
        P_37 |   2.268637   1.169859     1.94   0.053    -.0290725    4.566347
        P_38 |   3.695621   1.112658     3.32   0.001     1.510258    5.880983
        P_39 |   3.371511   1.085305     3.11   0.002     1.239873    5.503148
        P_40 |   3.392458   1.048145     3.24   0.001     1.333806     5.45111
        P_41 |    2.42804   1.034437     2.35   0.019     .3963114    4.459768
        P_42 |  -6.353322    1.20406    -5.28   0.000    -8.718205   -3.988438
        P_43 |   1.771173   1.163815     1.52   0.129    -.5146668    4.057012
        P_44 |  -1.194991   1.101727    -1.08   0.279    -3.358882    .9689006
        P_45 |   2.301937   1.098301     2.10   0.037     .1447743    4.459099
        P_46 |  -5.828782    1.25387    -4.65   0.000    -8.291497   -3.366068
        P_47 |   2.300912   1.165382     1.97   0.049      .011996    4.589828
        P_48 |   2.929895   1.172275     2.50   0.013     .6274396    5.232349
        P_49 |  -.2743972   1.083992    -0.25   0.800    -2.403455    1.854661
        P_50 |   3.660598   1.305106     2.80   0.005      1.09725    6.223945
        P_51 |   1.107863   1.013055     1.09   0.275    -.8818698    3.097595
        P_52 |   2.941392   1.318082     2.23   0.026     .3525593    5.530225
        P_53 |   1.345241   1.138349     1.18   0.238    -.8905802    3.581061
        P_54 |   .8746554    1.11192     0.79   0.432    -1.309256    3.058567
        P_55 |  -2.786629   1.015458    -2.74   0.006     -4.78108   -.7921776
        P_56 |  -12.39907   1.351529    -9.17   0.000    -15.05359   -9.744543
        P_57 |     3.2013   1.028714     3.11   0.002     1.180812    5.221787
        P_58 |   1.889343   1.046378     1.81   0.072    -.1658385    3.944525
        P_59 |   1.510775   1.346631     1.12   0.262    -1.134131     4.15568
        P_60 |   1.845898   1.177988     1.57   0.118    -.4677764    4.159573
        P_61 |   .8790375   1.033982     0.85   0.396    -1.151798    2.909873
        P_62 |   1.993906   1.000282     1.99   0.047       .02926    3.958551
        P_63 |   .9544931   1.163889     0.82   0.413     -1.33149    3.240477
        P_64 |   1.989282    1.19564     1.66   0.097    -.3590632    4.337627
        P_65 |  -.1424771   2.377531    -0.06   0.952    -4.812164     4.52721
        P_66 |   1.192851    1.02172     1.17   0.243    -.8139006    3.199602
        P_67 |   2.259835   .9771936     2.31   0.021     .3405375    4.179132
        P_68 |   .7144884   1.087311     0.66   0.511     -1.42109    2.850067
        P_69 |   .3085212   1.052134     0.29   0.769    -1.757965    2.375007
        P_70 |   7.332074   3.110768     2.36   0.019     1.222243    13.44191
        P_71 |   3.299397   1.637173     2.02   0.044     .0838406    6.514952
        P_72 |   1.887017   1.269512     1.49   0.138    -.6064207    4.380454
        P_73 |   1.857731   .9799263     1.90   0.058     -.066933    3.782396
        P_74 |   3.544912   1.051786     3.37   0.001     1.479109    5.610715
        P_75 |   2.247354   1.287515     1.75   0.081     -.281443    4.776151
        P_76 |   1.264856   1.271963     0.99   0.320    -1.233395    3.763107
        P_77 |   4.517117    1.47359     3.07   0.002     1.622853    7.411381
        P_78 |   3.076644   1.293675     2.38   0.018     .5357479     5.61754
        P_79 |          0  (omitted)
        P_80 |   2.714956   1.082355     2.51   0.012     .5891123      4.8408
        P_81 |   4.212044   1.382378     3.05   0.002     1.496929     6.92716
        P_82 |          0  (omitted)
       P_L_1 |   1.506274   1.145592     1.31   0.189    -.7437724    3.756321
       P_L_2 |  -1.776872   .9024728    -1.97   0.049    -3.549411   -.0043338
       P_L_3 |   .3611847   .9655846     0.37   0.708    -1.535311    2.257681
       P_L_4 |   .7689302   1.221705     0.63   0.529    -1.630609     3.16847
       P_L_5 |   .2257632   1.085383     0.21   0.835    -1.906027    2.357553
       P_L_6 |   .3579307   .9671184     0.37   0.711    -1.541578    2.257439
       P_L_7 |    -.42578   1.063273    -0.40   0.689    -2.514144    1.662584
       P_L_8 |  -.2896311   .9344628    -0.31   0.757    -2.125001    1.545739
       P_L_9 |   1.628879   .9276575     1.76   0.080    -.1931245    3.450883
      P_L_10 |   .8557571   1.155691     0.74   0.459    -1.414125     3.12564
      P_L_11 |  -.1856871   1.029162    -0.18   0.857    -2.207055     1.83568
      P_L_12 |   2.013476   .9484725     2.12   0.034     .1505895    3.876362
      P_L_13 |   9.797663   .9691582    10.11   0.000     7.894148    11.70118
      P_L_14 |   -.477156   1.014073    -0.47   0.638    -2.468887    1.514575
      P_L_15 |  -.9647129   1.204543    -0.80   0.424    -3.330545     1.40112
      P_L_16 |  -2.067465   .9923982    -2.08   0.038    -4.016625   -.1183043
      P_L_17 |   1.012028   .9940663     1.02   0.309    -.9404088    2.964465
      P_L_18 |   1.745322    .963381     1.81   0.071    -.1468457     3.63749
      P_L_19 |   -32.6857   2.770816   -11.80   0.000    -38.12783   -27.24356
      P_L_20 |  -1.393875   .9287582    -1.50   0.134     -3.21804    .4302911
      P_L_21 |  -1.294754    .945064    -1.37   0.171    -3.150946    .5614375
      P_L_22 |   .4161175   .9274672     0.45   0.654    -1.405512    2.237747
      P_L_23 |    .495542   .8755938     0.57   0.572    -1.224204    2.215288
      P_L_24 |   2.367463   1.218031     1.94   0.052    -.0248615    4.759787
      P_L_25 |     .38419   .9373786     0.41   0.682    -1.456907    2.225287
      P_L_26 |   .9753398   .9570482     1.02   0.309    -.9043901     2.85507
      P_L_27 |  -3.124875   .9123662    -3.43   0.001    -4.916845   -1.332904
      P_L_28 |   .2857519   .8916676     0.32   0.749    -1.465565    2.037068
      P_L_29 |   1.513298    1.35163     1.12   0.263    -1.141426    4.168023
      P_L_30 |   .9206491   .9656558     0.95   0.341    -.9759868    2.817285
      P_L_31 |   1.542345   1.015179     1.52   0.129    -.4515592    3.536248
      P_L_32 |   2.027901    1.28365     1.58   0.115    -.4933053    4.549107
      P_L_33 |    .215948   .8858485     0.24   0.807    -1.523939    1.955835
      P_L_34 |   .6914697   .8819104     0.78   0.433    -1.040683    2.423622
      P_L_35 |  -.2455731     1.6814    -0.15   0.884    -3.547995    3.056849
      P_L_36 |  -.0283144    .957768    -0.03   0.976    -1.909458    1.852829
      P_L_37 |   .0514995   .9170675     0.06   0.955    -1.749705    1.852704
      P_L_38 |  -6.872698   1.082507    -6.35   0.000     -8.99884   -4.746557
      P_L_39 |   -2.70591   1.914147    -1.41   0.158    -6.465469    1.053649
      P_L_40 |    3.04926   1.064093     2.87   0.004     .9592849    5.139235
      P_L_41 |   2.688977   1.098953     2.45   0.015     .5305332     4.84742
      P_L_42 |  -6.017081   1.088974    -5.53   0.000    -8.155924   -3.878238
      P_L_43 |   2.281123   .9616674     2.37   0.018     .3923207    4.169926
      P_L_44 |   1.197195   1.108855     1.08   0.281    -.9806961    3.375087
      P_L_45 |  -1.598965   .9372794    -1.71   0.089    -3.439867    .2419371
      P_L_46 |  -.8612039   .9816015    -0.88   0.381    -2.789158    1.066751
      P_L_47 |  -.8290585   1.203396    -0.69   0.491    -3.192638    1.534521
      P_L_48 |   2.680511   1.009921     2.65   0.008      .696933    4.664088
      P_L_49 |   1.466705   .9263126     1.58   0.114    -.3526576    3.286067
      P_L_50 |   1.526509   1.311022     1.16   0.245    -1.048457    4.101476
      P_L_51 |   3.399263   .8706783     3.90   0.000     1.689172    5.109355
      P_L_52 |   .4840709   .8625246     0.56   0.575    -1.210006    2.178148
      P_L_53 |   .9488995   1.779938     0.53   0.594     -2.54706    4.444859
      P_L_54 |  -.9205549   2.586928    -0.36   0.722    -6.001516    4.160406
      P_L_55 |   .1935749   1.050328     0.18   0.854    -1.869366    2.256515
      P_L_56 |   .0611148   .8655895     0.07   0.944    -1.638982    1.761211
      P_L_57 |   .4532964   .8544826     0.53   0.596    -1.224985    2.131578
      P_L_58 |  -.5933589   .9919065    -0.60   0.550    -2.541554    1.354836
      P_L_59 |   4.180998   .8867364     4.72   0.000     2.439367    5.922629
      P_L_60 |  -1.451987   1.205453    -1.20   0.229    -3.819606    .9156313
      P_L_61 |  -6.563062   5.650475    -1.16   0.246    -17.66111    4.534986
      P_L_62 |   -.839165   1.068425    -0.79   0.433    -2.937649    1.259319
      P_L_63 |  -.8265498   2.080427    -0.40   0.691    -4.912699    3.259599
      P_L_64 |   3.571536   .9622756     3.71   0.000      1.68154    5.461533
      P_L_65 |   .5523061   1.063823     0.52   0.604    -1.537138    2.641751
      P_L_66 |   3.208573   1.252022     2.56   0.011     .7494871    5.667658
      P_L_67 |   2.357566   1.356623     1.74   0.083    -.3069664    5.022097
      P_L_68 |   4.061188   1.227141     3.31   0.001     1.650972    6.471404
      P_L_69 |  -4.275694   1.636223    -2.61   0.009    -7.489384   -1.062004
      P_L_70 |          0  (omitted)
      P_L_71 |   .2436515   .9170899     0.27   0.791    -1.557597      2.0449
      P_L_72 |   5.138476   1.132095     4.54   0.000     2.914937    7.362014
      P_L_73 |          0  (omitted)
 CorruptPast |  -.0458559   .2106671    -0.22   0.828    -.4596253    .3679136
AlreadyAud~d |  -.1806464   .1949452    -0.93   0.354    -.5635365    .2022438
    Auditada |  -.2138434   .1346063    -1.59   0.113    -.4782224    .0505356
     trend_1 |  -.1688481   .2455218    -0.69   0.492    -.6510752     .313379
     trend_2 |  -.0407042   .2403764    -0.17   0.866    -.5128253    .4314168
     trend_3 |  -.0329496    .226422    -0.15   0.884     -.477663    .4117637
     trend_4 |   .2610189   .2419469     1.08   0.281    -.2141868    .7362246
     trend_5 |  -.0761978   .2478152    -0.31   0.759    -.5629295    .4105338
     trend_6 |  -.2683406   .2224729    -1.21   0.228    -.7052976    .1686164
     trend_7 |  -.3774592   .2534377    -1.49   0.137    -.8752338    .1203155
     trend_8 |  -.0660537   .2210549    -0.30   0.765    -.5002256    .3681182
     trend_9 |  -.2007472   .2458293    -0.82   0.414    -.6835784     .282084
    trend_10 |  -.3122747   .2895217    -1.08   0.281    -.8809217    .2563724
    trend_11 |  -1.342037   .3096364    -4.33   0.000    -1.950191   -.7338831
    trend_12 |  -1.405392   .3050804    -4.61   0.000    -2.004597   -.8061861
    trend_13 |  -1.172395   .3025886    -3.87   0.000    -1.766706   -.5780831
    trend_14 |  -1.277704   .3203487    -3.99   0.000    -1.906898     -.64851
    trend_15 |  -1.684289   .2828533    -5.95   0.000    -2.239839    -1.12874
    trend_16 |   .1235625   .1761144     0.70   0.483    -.2223423    .4694673
    trend_17 |  -.1243552   .1685576    -0.74   0.461    -.4554176    .2067073
    trend_18 |  -.1019651   .1698338    -0.60   0.548    -.4355342     .231604
    trend_19 |    .048634   .1729019     0.28   0.779    -.2909612    .3882291
    trend_20 |   .2235693   .2251827     0.99   0.321      -.21871    .6658485
    trend_21 |   -.418712   .2969762    -1.41   0.159       -1.002    .1645763
    trend_22 |  -.0836038   .1761155    -0.47   0.635    -.4295107    .2623031
    trend_23 |   -.481754   .2938219    -1.64   0.102    -1.058847    .0953389
    trend_24 |  -.3709024   .2966823    -1.25   0.212    -.9536135    .2118087
    trend_25 |   .1504667   .1724153     0.87   0.383    -.1881725     .489106
    trend_26 |   1.440774   .1695197     8.50   0.000     1.107822    1.773726
    trend_27 |  -.6014782   .2889939    -2.08   0.038    -1.169088   -.0338679
    trend_28 |   2.123007   .1761526    12.05   0.000     1.777028    2.468987
    trend_29 |  -.0152372   .2969805    -0.05   0.959     -.598534    .5680596
    trend_30 |  -.7179381   .2970627    -2.42   0.016    -1.301396     -.13448
    trend_31 |   .5313477   .1695051     3.13   0.002     .1984241    .8642712
    trend_32 |  -.6543204   .1686857    -3.88   0.000    -.9856344   -.3230064
    trend_33 |  -.4985486   .1874732    -2.66   0.008    -.8667631   -.1303341
    trend_34 |   -.267026   .3122854    -0.86   0.393     -.880383     .346331
    trend_35 |  -.1283796   .2955237    -0.43   0.664    -.7088151    .4520559
    trend_36 |  -1.473649   .1893419    -7.78   0.000    -1.845534   -1.101764
    trend_37 |  -.0892282   .1909519    -0.47   0.640    -.4642751    .2858187
    trend_38 |  -.4643574   .1857676    -2.50   0.013    -.8292219   -.0994929
    trend_39 |   .3663577   .4395118     0.83   0.405    -.4968834    1.229599
    trend_40 |  -.3587586   .1707728    -2.10   0.036    -.6941719   -.0233454
    trend_41 |  -.3295187   .1719587    -1.92   0.056    -.6672613    .0082239
    trend_42 |    -.45015   .1756944    -2.56   0.011    -.7952298   -.1050703
    trend_43 |  -.6315329   .1724604    -3.66   0.000    -.9702609   -.2928049
    trend_44 |  -.5930779   .1753451    -3.38   0.001    -.9374717   -.2486842
    trend_45 |   .3569294   .1780284     2.00   0.045     .0072654    .7065934
    trend_46 |  -.1111117    .168791    -0.66   0.511    -.4426326    .2204092
    trend_47 |   .0531504   .1740949     0.31   0.760    -.2887877    .3950886
    trend_48 |   .1005765   .1733507     0.58   0.562    -.2399001     .441053
    trend_49 |   .0382161   .1741397     0.22   0.826    -.3038101    .3802424
    trend_50 |    .315392   .1688017     1.87   0.062    -.0161499    .6469339
    trend_51 |   .5014641   .1824352     2.75   0.006     .1431448    .8597834
    trend_52 |   .2280929   .1685077     1.35   0.176    -.1028716    .5590573
    trend_53 |   -.040741   .1694957    -0.24   0.810     -.373646    .2921639
    trend_54 |  -.4430156   .3057764    -1.45   0.148    -1.043588    .1575571
    trend_55 |   4.168565   .4726657     8.82   0.000     3.240206    5.096923
    trend_56 |   5.682405   .4353988    13.05   0.000     4.827242    6.537568
    trend_57 |    .192178   .4276705     0.45   0.653    -.6478058    1.032162
    trend_58 |   .5347149   .1760022     3.04   0.002     .1890306    .8803993
    trend_59 |   1.082148   .1760306     6.15   0.000     .7364076    1.427888
    trend_60 |   1.217751   .1679911     7.25   0.000     .8878013    1.547701
    trend_61 |   1.055611   .3497188     3.02   0.003     .3687317    1.742491
    trend_62 |   1.371058   .2810509     4.88   0.000     .8190482    1.923067
    trend_63 |   1.836587   .3525847     5.21   0.000     1.144078    2.529095
    trend_64 |   1.662088   .1990376     8.35   0.000     1.271161    2.053016
    trend_65 |   1.278215   .3051123     4.19   0.000     .6789466    1.877483
    trend_66 |   .3232791    .187769     1.72   0.086    -.0455163    .6920745
    trend_67 |   1.765076   .2910533     6.06   0.000      1.19342    2.336731
    trend_68 |   1.080238    .240703     4.49   0.000     .6074758    1.553001
    trend_69 |   .6421952   .3026733     2.12   0.034     .0477172    1.236673
    trend_70 |   .6834265   .2827011     2.42   0.016     .1281759    1.238677
    trend_71 |   1.797068   .2677167     6.71   0.000     1.271248    2.322888
    trend_72 |   1.231388    .281468     4.37   0.000     .6785594    1.784217
    trend_73 |   1.126356   .2144322     5.25   0.000     .7051921    1.547521
    trend_74 |   2.212605   .2375889     9.31   0.000     1.745959    2.679251
    trend_75 |   .5123022   .2774191     1.85   0.065    -.0325741    1.057178
    trend_76 |   .8129116   .2036465     3.99   0.000     .4129313    1.212892
    trend_77 |   1.466773   .3012262     4.87   0.000     .8751375    2.058409
    trend_78 |   1.478249   .3918854     3.77   0.000     .7085508    2.247948
    trend_79 |   .3565094   .2304641     1.55   0.122    -.0961431    .8091618
    trend_80 |    5.19465   .4091296    12.70   0.000     4.391082    5.998217
    trend_81 |   1.746086   .3429535     5.09   0.000     1.072494    2.419678
    trend_82 |   .3201524   .3012368     1.06   0.288    -.2715041    .9118089
    trend_83 |   .5541048   .2702667     2.05   0.041     .0232764    1.084933
    trend_84 |   1.119592   .2892569     3.87   0.000     .5514649    1.687719
    trend_85 |   .4630013   .3307309     1.40   0.162    -.1865843    1.112587
    trend_86 |   .9699867   .1906447     5.09   0.000     .5955431     1.34443
    trend_87 |   .7016225   .2601591     2.70   0.007     .1906463    1.212599
    trend_88 |  -.0956873   .1910716    -0.50   0.617    -.4709693    .2795947
    trend_89 |   1.905487   .1717403    11.10   0.000     1.568174    2.242801
    trend_90 |    2.74318   .2848804     9.63   0.000     2.183649    3.302711
    trend_91 |   .0726614   .2150105     0.34   0.736    -.3496389    .4949616
    trend_92 |   .0038977   .3150417     0.01   0.990    -.6148728    .6226683
    trend_93 |   .9058086   .2115327     4.28   0.000     .4903391    1.321278
    trend_94 |  -1.337404   .1997741    -6.69   0.000    -1.729778   -.9450291
    trend_95 |   .0311048   .2355444     0.13   0.895    -.4315257    .4937354
    trend_96 |  -.3863717   .2534515    -1.52   0.128    -.8841735    .1114301
    trend_97 |  -.0125782   .1961762    -0.06   0.949    -.3978862    .3727298
    trend_98 |   .5387194   .2311857     2.33   0.020     .0846496    .9927892
    trend_99 |  -.8366533   .3238489    -2.58   0.010    -1.472722   -.2005846
   trend_100 |  -.6822304    .279162    -2.44   0.015     -1.23053   -.1339308
   trend_101 |   .2464425    .248405     0.99   0.322    -.2414476    .7343326
   trend_102 |   .5878946   .1800241     3.27   0.001     .2343108    .9414783
   trend_103 |  -.5368764   .3097003    -1.73   0.084    -1.145156    .0714031
   trend_104 |   .1291456    .167695     0.77   0.442    -.2002227    .4585139
   trend_105 |   .2176581   .2191947     0.99   0.321    -.2128602    .6481765
   trend_106 |  -.3379328   .1716844    -1.97   0.050    -.6751366    -.000729
   trend_107 |   -.278548    .169664    -1.64   0.101    -.6117836    .0546876
   trend_108 |  -.1306581   .1777367    -0.74   0.463     -.479749    .2184329
   trend_109 |  -.1982483   .1700538    -1.17   0.244    -.5322495    .1357529
   trend_110 |   .7441257   .1694233     4.39   0.000      .411363    1.076888
   trend_111 |  -.2511732   .1761582    -1.43   0.154    -.5971639    .0948175
   trend_112 |  -.5515598   .1709097    -3.23   0.001     -.887242   -.2158776
   trend_113 |   .3765226    .167946     2.24   0.025     .0466614    .7063838
   trend_114 |  -.4276611   .1651809    -2.59   0.010    -.7520915   -.1032307
   trend_115 |  -.2765225   .2226277    -1.24   0.215    -.7137836    .1607385
   trend_116 |   -.148714   .1741013    -0.85   0.393    -.4906648    .1932367
   trend_117 |  -.0393254   .1690382    -0.23   0.816    -.3713318    .2926809
   trend_118 |   .4393201   .1830134     2.40   0.017     .0798652     .798775
   trend_119 |  -.2623278   .2121347    -1.24   0.217    -.6789795     .154324
   trend_120 |  -.4154378   .1740476    -2.39   0.017    -.7572831   -.0735925
   trend_121 |   .4305969   .1724537     2.50   0.013     .0918821    .7693117
   trend_122 |   -.056589   .1997323    -0.28   0.777    -.4488815    .3357035
   trend_123 |   .0168511   .1746926     0.10   0.923    -.3262612    .3599633
   trend_124 |   1.160994   .1672389     6.94   0.000     .8325213    1.489466
   trend_125 |  -.2091254   .1723541    -1.21   0.225    -.5476445    .1293938
   trend_126 |  -.3249148   .1715626    -1.89   0.059    -.6618795    .0120498
   trend_127 |   .1731866   .1790101     0.97   0.334    -.1784054    .5247787
   trend_128 |   .7416893   .1739303     4.26   0.000     .4000745    1.083304
   trend_129 |  -.2935996     .17319    -1.70   0.091    -.6337605    .0465613
   trend_130 |  -.1923464   .1672771    -1.15   0.251    -.5208938    .1362011
   trend_131 |   .6833006   .2681854     2.55   0.011       .15656    1.210041
   trend_132 |   .0694604    .175064     0.40   0.692    -.2743813     .413302
   trend_133 |   .7027957   .1784945     3.94   0.000     .3522163    1.053375
   trend_134 |  -.3614472   .1809078    -2.00   0.046    -.7167666   -.0061277
   trend_135 |   .6401562   .1763687     3.63   0.000     .2937519    .9865605
   trend_136 |   .1887606   .1759005     1.07   0.284     -.156724    .5342451
   trend_137 |    .019964   .1777876     0.11   0.911     -.329227    .3691549
   trend_138 |   .0462681   .1698688     0.27   0.785    -.2873696    .3799059
   trend_139 |   .3334017   .1941028     1.72   0.086    -.0478339    .7146373
   trend_140 |   -.391146   .2027209    -1.93   0.054    -.7893083    .0070163
   trend_141 |  -.2408043   .3442666    -0.70   0.485    -.9169753    .4353666
   trend_142 |   .1945962   .1672169     1.16   0.245     -.133833    .5230253
   trend_143 |  -.5765769   .1769915    -3.26   0.001    -.9242042   -.2289496
   trend_144 |  -.6571493    .180808    -3.63   0.000    -1.012273   -.3020258
   trend_145 |  -.1940216   .1699304    -1.14   0.254    -.5277805    .1397373
   trend_146 |   .9693125   .3239962     2.99   0.003     .3329545     1.60567
   trend_147 |   .4081656   .2097339     1.95   0.052     -.003771    .8201021
   trend_148 |   1.932963   .1863989    10.37   0.000     1.566858    2.299067
   trend_149 |   1.458797   .1785372     8.17   0.000     1.108134     1.80946
   trend_150 |   .5473052   .2164663     2.53   0.012     .1221457    .9724647
   trend_151 |   1.645115   .1655444     9.94   0.000     1.319971    1.970259
   trend_152 |   1.372419   .2180464     6.29   0.000     .9441563    1.800682
   trend_153 |   2.080033   .1924085    10.81   0.000     1.702126    2.457941
   trend_154 |     .63387   .2484294     2.55   0.011     .1459321    1.121808
   trend_155 |   1.265419   .1795608     7.05   0.000     .9127452    1.618093
   trend_156 |   .7120901   .1843787     3.86   0.000     .3499536    1.074227
   trend_157 |   1.334507   .2016182     6.62   0.000     .9385104    1.730503
   trend_158 |   .8561554   .2020801     4.24   0.000     .4592516    1.253059
   trend_159 |  -.0903197      .2055    -0.44   0.660    -.4939404     .313301
   trend_160 |   .2176994   .1714176     1.27   0.205    -.1189803    .5543791
   trend_161 |  -.1610657    .169873    -0.95   0.343    -.4947118    .1725803
   trend_162 |   .2895724   .1994561     1.45   0.147    -.1021776    .6813224
   trend_163 |   .5901444   .2906562     2.03   0.043     .0192693     1.16102
   trend_164 |  -.7453294   .1809496    -4.12   0.000    -1.100731   -.3899278
   trend_165 |   .9431306   .3776969     2.50   0.013     .2012995    1.684962
   trend_166 |   1.800652   .2548349     7.07   0.000     1.300133    2.301171
   trend_167 |    2.24347   .2156937    10.40   0.000     1.819827    2.667112
   trend_168 |  -.1640721   .1831625    -0.90   0.371      -.52382    .1956758
   trend_169 |   .6908609   .2093323     3.30   0.001     .2797131    1.102009
   trend_170 |   .6721125   .1823752     3.69   0.000      .313911    1.030314
   trend_171 |   .8066408   .1711324     4.71   0.000     .4705213     1.14276
   trend_172 |   1.095732   .1665527     6.58   0.000     .7686069    1.422856
   trend_173 |   .3959727   .2380756     1.66   0.097    -.0716294    .8635748
   trend_174 |  -.4165221   .1781131    -2.34   0.020    -.7663524   -.0666917
   trend_175 |   .3143552   .1742455     1.80   0.072    -.0278788    .6565892
   trend_176 |   1.627553   .1904332     8.55   0.000     1.253525    2.001581
   trend_177 |   .6608212   .2299931     2.87   0.004     .2090938    1.112549
   trend_178 |   3.202159   .2419568    13.23   0.000     2.726933    3.677384
   trend_179 |   1.997192   .1803385    11.07   0.000     1.642991    2.351394
   trend_180 |   .1297995   .1849692     0.70   0.483    -.2334969    .4930959
   trend_181 |   .4173112   .1714326     2.43   0.015      .080602    .7540203
   trend_182 |   .7041055   .1647511     4.27   0.000     .3805194    1.027692
   trend_183 |  -.6182003   .1960825    -3.15   0.002    -1.003324   -.2330764
   trend_184 |   .8044057   .1684014     4.78   0.000       .47365    1.135161
   trend_185 |   .8272632   .2100094     3.94   0.000     .4147855    1.239741
   trend_186 |  -.1577054   .2949692    -0.53   0.593    -.7370518     .421641
   trend_187 |   .0891717   .2072601     0.43   0.667     -.317906    .4962493
   trend_188 |   1.676384   .2056644     8.15   0.000     1.272441    2.080328
   trend_189 |   .6089767    .429645     1.42   0.157    -.2348853    1.452839
   trend_190 |   1.153013   .2015847     5.72   0.000     .7570827    1.548944
   trend_191 |  -.2542219   .1790785    -1.42   0.156    -.6059484    .0975045
   trend_192 |    6.40175   .1793803    35.69   0.000     6.049431    6.754069
   trend_193 |   1.537222   .1712497     8.98   0.000     1.200872    1.873572
   trend_194 |  -.3667094   .1859387    -1.97   0.049      -.73191   -.0015089
   trend_195 |    .074517    .182501     0.41   0.683    -.2839317    .4329657
   trend_196 |   .3999813   .1807563     2.21   0.027     .0449595    .7550032
   trend_197 |   .9149359   .1829453     5.00   0.000     .5556147    1.274257
   trend_198 |  -.3018523   .1853572    -1.63   0.104    -.6659108    .0622062
   trend_199 |   .8596287   .1787485     4.81   0.000     .5085505    1.210707
   trend_200 |   .6330502   .1850458     3.42   0.001     .2696035    .9964969
   trend_201 |   .5969002    .181682     3.29   0.001     .2400603    .9537401
   trend_202 |    .184912   .1878291     0.98   0.325    -.1840015    .5538255
   trend_203 |  -.2909248   .1792458    -1.62   0.105    -.6429797    .0611302
   trend_204 |   1.447063   .1839828     7.87   0.000     1.085704    1.808422
   trend_205 |   1.126268   .2151921     5.23   0.000     .7036112    1.548925
   trend_206 |  -.6025914    .235095    -2.56   0.011    -1.064339   -.1408435
   trend_207 |   .2386984    .190057     1.26   0.210    -.1345908    .6119877
   trend_208 |  -.1209333   .1862053    -0.65   0.516    -.4866573    .2447908
   trend_209 |   .4728019   .1915476     2.47   0.014      .096585    .8490188
   trend_210 |  -.1584155   .1789296    -0.89   0.376    -.5098495    .1930185
   trend_211 |   .1068091   .2064777     0.52   0.605     -.298732    .5123501
   trend_212 |  -.3698293   .3361861    -1.10   0.272    -1.030129    .2904708
   trend_213 |   -.523071   .1923019    -2.72   0.007    -.9007693   -.1453726
   trend_214 |   .2863882   .1958888     1.46   0.144    -.0983552    .6711315
   trend_215 |   .1938898   .2354139     0.82   0.411    -.2684845     .656264
   trend_216 |  -.3141607   .1928163    -1.63   0.104    -.6928695     .064548
   trend_217 |   1.013652    .206232     4.92   0.000     .6085937     1.41871
   trend_218 |   -.220197    .193838    -1.14   0.256    -.6009126    .1605185
   trend_219 |   -.059437   .1748594    -0.34   0.734    -.4028767    .2840027
   trend_220 |  -.0192682   .1993783    -0.10   0.923    -.4108654     .372329
   trend_221 |   -.112458   .1933263    -0.58   0.561    -.4921685    .2672525
   trend_222 |   .2192343   .1767477     1.24   0.215    -.1279142    .5663828
   trend_223 |   .5287303   .1913302     2.76   0.006     .1529403    .9045202
   trend_224 |    .177144    .216057     0.82   0.413    -.2472117    .6014996
   trend_225 |  -.1730367   .2001667    -0.86   0.388    -.5661823     .220109
   trend_226 |   .3954389     .19652     2.01   0.045     .0094559     .781422
   trend_227 |   .0826552   .2139507     0.39   0.699    -.3375635    .5028739
   trend_228 |  -.4429029   .1888321    -2.35   0.019    -.8137863   -.0720195
   trend_229 |   -.055288   .2230831    -0.25   0.804    -.4934435    .3828675
   trend_230 |   .3373195   .1924631     1.75   0.080    -.0406955    .7153346
   trend_231 |   .0316786   .2136174     0.15   0.882    -.3878853    .4512426
   trend_232 |  -.2200938   .2146832    -1.03   0.306    -.6417512    .2015635
   trend_233 |   .2593318   .2332267     1.11   0.267    -.1987466    .7174102
   trend_234 |   .1192983    .211047     0.57   0.572    -.2952173    .5338138
   trend_235 |  -.0864874   .2092959    -0.41   0.680    -.4975636    .3245887
   trend_236 |   .1756101   .2126866     0.83   0.409    -.2421258    .5933459
   trend_237 |   .1190251    .181129     0.66   0.511    -.2367288     .474779
   trend_238 |    .084005   .1984735     0.42   0.672    -.3058149     .473825
   trend_239 |   .1752306   .2193211     0.80   0.425     -.255536    .6059971
   trend_240 |  -.2109363   .2123171    -0.99   0.321    -.6279464    .2060738
   trend_241 |   .3558385   .2168584     1.64   0.101    -.0700912    .7817682
   trend_242 |   1.534094   .1858376     8.26   0.000     1.169092    1.899096
   trend_243 |   .5293714   .1898743     2.79   0.005     .1564411    .9023018
   trend_244 |   1.303966   .2133165     6.11   0.000     .8849935    1.722939
   trend_245 |  -.0062064   .2088341    -0.03   0.976    -.4163757    .4039628
   trend_246 |   .1099288   .2091353     0.53   0.599     -.300832    .5206897
   trend_247 |   .5583651   .1674588     3.33   0.001     .2294608    .8872695
   trend_248 |   .1580985   .2106526     0.75   0.453    -.2556425    .5718394
   trend_249 |  -.1337542    .188929    -0.71   0.479     -.504828    .2373196
   trend_250 |    .313678   .1907872     1.64   0.101    -.0610454    .6884014
   trend_251 |   .1139927   .2139735     0.53   0.594    -.3062707    .5342561
   trend_252 |   .0714713   .1842132     0.39   0.698    -.2903401    .4332827
   trend_253 |   .1037644   .2075265     0.50   0.617    -.3038365    .5113652
   trend_254 |   .3831735   .1797892     2.13   0.033     .0300512    .7362957
   trend_255 |    1.73412    .186966     9.28   0.000     1.366901    2.101338
   trend_256 |   .1696918   .2236397     0.76   0.448     -.269557    .6089406
   trend_257 |   .8329819   .2390225     3.48   0.001       .36352    1.302444
   trend_258 |   .1981346    .187338     1.06   0.291    -.1698144    .5660836
   trend_259 |   .1865396   .2320625     0.80   0.422    -.2692523    .6423315
   trend_260 |   6.665202   .2527772    26.37   0.000     6.168725     7.16168
   trend_261 |  -.4553037   .2193526    -2.08   0.038    -.8861322   -.0244751
   trend_262 |   1.153851   .2159568     5.34   0.000     .7296923     1.57801
   trend_263 |   1.446553   .2081535     6.95   0.000     1.037721    1.855386
   trend_264 |  -.3366899   .2134491    -1.58   0.115    -.7559233    .0825435
   trend_265 |  -3.058513   .2308182   -13.25   0.000    -3.511861   -2.605164
   trend_266 |   -2.24923   .1725879   -13.03   0.000    -2.588208   -1.910252
   trend_267 |   9.077451   .2121691    42.78   0.000     8.660732     9.49417
   trend_268 |  -.5097246   .2105447    -2.42   0.016    -.9232535   -.0961957
   trend_269 |   -.144586    .195584    -0.74   0.460    -.5287307    .2395586
   trend_270 |  -1.007938   .1821377    -5.53   0.000    -1.365673   -.6502029
   trend_271 |  -.2689828   .1996001    -1.35   0.178    -.6610155    .1230499
   trend_272 |  -.5394701   .1851605    -2.91   0.004    -.9031423   -.1757979
   trend_273 |   .0972341   .2169619     0.45   0.654    -.3288988     .523367
   trend_274 |   1.233045   .1753903     7.03   0.000     .8885629    1.577528
   trend_275 |  -5.482848   .4101042   -13.37   0.000     -6.28833   -4.677366
   trend_276 |   1.051912   .2068347     5.09   0.000     .6456696    1.458154
   trend_277 |   -1.41457   .2040093    -6.93   0.000    -1.815263   -1.013877
   trend_278 |   1.209473   .2466489     4.90   0.000     .7250318    1.693914
   trend_279 |   .8989489   .2319295     3.88   0.000     .4434183     1.35448
   trend_280 |   1.249232     .22143     5.64   0.000     .8143237    1.684141
   trend_281 |   2.484642   .2731152     9.10   0.000     1.948219    3.021066
   trend_282 |   .9918336   .2132198     4.65   0.000     .5730506    1.410617
   trend_283 |  -.1208664   .1796045    -0.67   0.501    -.4736261    .2318932
   trend_284 |   -2.65111   .2110603   -12.56   0.000    -3.065651   -2.236568
   trend_285 |  -2.146233   .2085458   -10.29   0.000    -2.555836    -1.73663
   trend_286 |  -.0330769   .1722527    -0.19   0.848    -.3713969     .305243
   trend_287 |   .2411299   .1949617     1.24   0.217    -.1417927    .6240524
   trend_288 |  -.5668134   .4095904    -1.38   0.167    -1.371286    .2376595
   trend_289 |   .3879814   .1616348     2.40   0.017     .0705159    .7054469
   trend_290 |   -.302099   .1642657    -1.84   0.066    -.6247317    .0205337
   trend_291 |  -.0393468   .1744043    -0.23   0.822    -.3818927    .3031991
   trend_292 |   .7592877    .209821     3.62   0.000     .3471801    1.171395
   trend_293 |   .1309903   .2343902     0.56   0.576    -.3293733     .591354
   trend_294 |    1.19047   .3896006     3.06   0.002     .4252591    1.955681
   trend_295 |  -.3387893   .2046931    -1.66   0.098    -.7408252    .0632466
   trend_296 |   .5616148    .188842     2.97   0.003     .1907118    .9325177
   trend_297 |   .4345965   .2040883     2.13   0.034     .0337485    .8354446
   trend_298 |   .1315922   .2184963     0.60   0.547    -.2975545    .5607389
   trend_299 |   4.701374   .2040149    23.04   0.000      4.30067    5.102078
   trend_300 |   .8775835   .2000874     4.39   0.000     .4845937    1.270573
   trend_301 |   .4765675   .2011314     2.37   0.018     .0815271    .8716078
   trend_302 |   .3031536   .1775759     1.71   0.088    -.0456216    .6519288
   trend_303 |  -.0286601   .1942665    -0.15   0.883    -.4102173     .352897
   trend_304 |   .3417633   .2588535     1.32   0.187    -.1666486    .8501751
   trend_305 |   .2327998   .1846368     1.26   0.208    -.1298437    .5954433
   trend_306 |   .5125347     .27178     1.89   0.060    -.0212659    1.046335
   trend_307 |   -.010079   .1869996    -0.05   0.957    -.3773633    .3572053
   trend_308 |   .3843482   .1860196     2.07   0.039     .0189888    .7497077
   trend_309 |   .6829399   .2545943     2.68   0.008     .1828936    1.182986
   trend_310 |   .1261954   .2052789     0.61   0.539    -.2769911    .5293818
   trend_311 |   .3943543    .208155     1.89   0.059     -.014481    .8031896
   trend_312 |   .4020605   .2589004     1.55   0.121    -.1064435    .9105646
   trend_313 |   .1952218   .2178528     0.90   0.371    -.2326608    .6231045
   trend_314 |  -.1475388   .1833279    -0.80   0.421    -.5076115    .2125338
   trend_315 |  -.0339259   .1736589    -0.20   0.845    -.3750077    .3071559
   trend_316 |    .084506   .2981744     0.28   0.777    -.5011357    .6701478
   trend_317 |   .2947601   .2893622     1.02   0.309    -.2735736    .8630939
   trend_318 |  -.0823843   .3123339    -0.26   0.792    -.6958365    .5310678
   trend_319 |  -.0283313   .2189542    -0.13   0.897    -.4583773    .4017148
   trend_320 |  -.5219994   .2896952    -1.80   0.072    -1.090987    .0469885
   trend_321 |   .0118167   .1716577     0.07   0.945    -.3253347    .3489681
   trend_322 |  -.1878425   .2880412    -0.65   0.515    -.7535816    .3778965
   trend_323 |   .2635267    .251798     1.05   0.296    -.2310276    .7580809
   trend_324 |   .0341187   .2897891     0.12   0.906    -.5350535    .6032909
   trend_325 |   .1465996   .2513214     0.58   0.560    -.3470185    .6402178
   trend_326 |   .1702045   .2670004     0.64   0.524    -.3542085    .6946176
   trend_327 |  -.1054643   .1887928    -0.56   0.577    -.4762707     .265342
   trend_328 |   .0622162   .1701785     0.37   0.715    -.2720298    .3964622
   trend_329 |   -.073543   .1851189    -0.40   0.691    -.4371334    .2900475
   trend_330 |  -.0756459   .2000231    -0.38   0.705    -.4685095    .3172176
   trend_331 |   1.189605   .1852777     6.42   0.000     .8257028    1.553507
   trend_332 |   .0282315   .1935803     0.15   0.884    -.3519778    .4084408
   trend_333 |   6.705743   .7163522     9.36   0.000     5.298762    8.112724
   trend_334 |  -.5466625   .2397249    -2.28   0.023    -1.017504    -.075821
   trend_335 |    46.6354   .3188786   146.25   0.000     46.00909    47.26171
   trend_336 |  -.7069901   .1746682    -4.05   0.000    -1.050054   -.3639259
   trend_337 |  -.6315682   .1702684    -3.71   0.000    -.9659909   -.2971455
   trend_338 |  -1.180568    .187085    -6.31   0.000     -1.54802   -.8131163
   trend_339 |  -.9092835   .1770912    -5.13   0.000    -1.257107   -.5614602
   trend_340 |   .3141018    .181921     1.73   0.085    -.0432075    .6714112
   trend_341 |   -4.93921   .1885025   -26.20   0.000    -5.309446   -4.568974
   trend_342 |   .3901687   .1785006     2.19   0.029     .0395772    .7407602
   trend_343 |  -.3938315   .1722313    -2.29   0.023    -.7321094   -.0555535
   trend_344 |  -.2231327   .1703839    -1.31   0.191    -.5577822    .1115167
   trend_345 |          0  (omitted)
   trend_346 |  -1.494386   .1715799    -8.71   0.000    -1.831385   -1.157388
   trend_347 |  -1.169777   .1790057    -6.53   0.000    -1.521361    -.818194
   trend_348 |   2.820771   .3362099     8.39   0.000     2.160424    3.481118
   trend_349 |   .0255253   .1695933     0.15   0.880    -.3075713     .358622
   trend_350 |   -3.41612   .2591364   -13.18   0.000    -3.925087   -2.907152
   trend_351 |  -.1373014   .2149752    -0.64   0.523    -.5595323    .2849296
   trend_352 |  -.8138696   .1794411    -4.54   0.000    -1.166308    -.461431
   trend_353 |  -1.405358   .1878028    -7.48   0.000     -1.77422   -1.036497
   trend_354 |   .2707721   .2596767     1.04   0.298    -.2392566    .7808009
   trend_355 |  -1.913899   .2727572    -7.02   0.000    -2.449619   -1.378179
   trend_356 |   .2527015   .2928668     0.86   0.389    -.3225155    .8279185
   trend_357 |  -.5429347   .2280594    -2.38   0.018    -.9908641   -.0950052
   trend_358 |  -.4344502   .2552576    -1.70   0.089    -.9357993     .066899
   trend_359 |  -.1423164   .2241391    -0.63   0.526    -.5825459    .2979131
   trend_360 |  -.3126348   .3699325    -0.85   0.398    -1.039216    .4139462
   trend_361 |   .0491387   .2364447     0.21   0.835    -.4152602    .5135375
   trend_362 |   .4109853   .2289038     1.80   0.073    -.0386027    .8605732
   trend_363 |   .7292833   .3239557     2.25   0.025     .0930047    1.365562
   trend_364 |   .1445157   .2890156     0.50   0.617    -.4231372    .7121686
   trend_365 |   .7337929   .2245343     3.27   0.001      .292787    1.174799
   trend_366 |  -.2770098   .2283781    -1.21   0.226    -.7255652    .1715456
   trend_367 |  -.0369553   .2878288    -0.13   0.898    -.6022773    .5283667
   trend_368 |     .31457   .2804289     1.12   0.262    -.2362178    .8653578
   trend_369 |   .1747345   .3200241     0.55   0.585     -.453822    .8032911
   trend_370 |   .5453122   .2556723     2.13   0.033     .0431486    1.047476
   trend_371 |  -.4301805   .2300711    -1.87   0.062    -.8820611    .0217001
   trend_372 |  -.2277152   .2708871    -0.84   0.401    -.7597621    .3043317
   trend_373 |  -.5854454   .2257375    -2.59   0.010    -1.028814   -.1420763
   trend_374 |   .1014021   .3312352     0.31   0.760     -.549174    .7519781
   trend_375 |  -.2746799   .2290135    -1.20   0.231    -.7244833    .1751234
   trend_376 |   .0337874   .2591876     0.13   0.896    -.4752807    .5428555
   trend_377 |  -.5394709   .2253753    -2.39   0.017    -.9821285   -.0968133
   trend_378 |  -.2501676     .28991    -0.86   0.389    -.8195771     .319242
   trend_379 |  -.2933778   .3400245    -0.86   0.389    -.9612169    .3744613
   trend_380 |  -.0505835   .2542195    -0.20   0.842    -.5498937    .4487267
   trend_381 |   .6051852   .3187364     1.90   0.058    -.0208421    1.231213
   trend_382 |  -.3070367   .2447921    -1.25   0.210    -.7878306    .1737572
   trend_383 |   .1034071   .2502649     0.41   0.680    -.3881358    .5949501
   trend_384 |     .73993   .3127465     2.37   0.018     .1256674    1.354193
   trend_385 |   .2068567    .225992     0.92   0.360    -.2370123    .6507256
   trend_386 |   .6273427   .2888271     2.17   0.030       .06006    1.194625
   trend_387 |  -.2905836   .2255174    -1.29   0.198    -.7335203    .1523531
   trend_388 |  -.3189479   .1874514    -1.70   0.089    -.6871196    .0492238
   trend_389 |  -.1930193   .1808675    -1.07   0.286    -.5482595     .162221
   trend_390 |  -.2321832   .1767347    -1.31   0.189    -.5793062    .1149398
   trend_391 |    .086698    .180788     0.48   0.632     -.268386     .441782
   trend_392 |  -.1436817   .1726155    -0.83   0.406    -.4827142    .1953508
   trend_393 |  -.5541765   .1825197    -3.04   0.003    -.9126618   -.1956912
   trend_394 |   .0455496   .1780291     0.26   0.798    -.3041158     .395215
   trend_395 |   .1047849   .1783756     0.59   0.557    -.2455611    .4551309
   trend_396 |  -.5831297   .1824651    -3.20   0.001    -.9415077   -.2247517
   trend_397 |  -.3296061   .2498924    -1.32   0.188    -.8204176    .1612054
   trend_398 |   -.468629   .1725556    -2.72   0.007     -.807544    -.129714
   trend_399 |  -.6460408   .1937388    -3.33   0.001    -1.026561   -.2655202
   trend_400 |  -.0433689   .2032039    -0.21   0.831    -.4424799    .3557421
   trend_401 |   -.022017     .18203    -0.12   0.904    -.3795405    .3355064
   trend_402 |  -.2407284   .1759837    -1.37   0.172    -.5863765    .1049197
   trend_403 |   .8373845   .2595878     3.23   0.001     .3275304    1.347239
   trend_404 |  -.9550752   .1813467    -5.27   0.000    -1.311257   -.5988938
   trend_405 |   .6642695   .1790953     3.71   0.000       .31251    1.016029
   trend_406 |  -.4352409   .3106246    -1.40   0.162    -1.045336    .1748541
   trend_407 |   1.317598   .2277862     5.78   0.000     .8702056    1.764991
   trend_408 |   .5542831   .2596974     2.13   0.033     .0442139    1.064352
   trend_409 |  -.6297517   .1705618    -3.69   0.000    -.9647506   -.2947528
   trend_410 |   .4253923   .2731019     1.56   0.120    -.1110046    .9617892
   trend_411 |   .7126075   .2196959     3.24   0.001     .2811047     1.14411
   trend_412 |   1.211651   .1956581     6.19   0.000      .827361    1.595942
   trend_413 |   .4478186   .2001527     2.24   0.026     .0547005    .8409368
   trend_414 |   1.713385   .2111024     8.12   0.000      1.29876    2.128009
   trend_415 |    .079186   .1845315     0.43   0.668    -.2832507    .4416227
   trend_416 |   .1050175   .2214849     0.47   0.636     -.329999     .540034
   trend_417 |   .3499066   .2159443     1.62   0.106    -.0742277    .7740409
   trend_418 |   .6335312   .2258011     2.81   0.005     .1900374    1.077025
   trend_419 |   .2085618   .1969204     1.06   0.290    -.1782078    .5953313
   trend_420 |   .0370564   .1799761     0.21   0.837    -.3164329    .3905458
   trend_421 |   .3833901   .2013553     1.90   0.057    -.0120901    .7788703
   trend_422 |   .1332395    .179917     0.74   0.459    -.2201338    .4866128
   trend_423 |   .7406679   .2140953     3.46   0.001     .3201651    1.161171
   trend_424 |   .5774627   .2321953     2.49   0.013     .1214101    1.033515
   trend_425 |    .074233   .2000374     0.37   0.711    -.3186587    .4671248
   trend_426 |   .0145554   .2238731     0.07   0.948    -.4251519    .4542626
   trend_427 |  -.0158234   .1698214    -0.09   0.926    -.3493681    .3177213
   trend_428 |   .3279524    .182172     1.80   0.072      -.02985    .6857548
   trend_429 |   .6462735   .1680602     3.85   0.000     .3161881     .976359
   trend_430 |     .23317   .2330632     1.00   0.318    -.2245873    .6909273
   trend_431 |   .2299843   .1951851     1.18   0.239     -.153377    .6133456
   trend_432 |   .4258538   .1932562     2.20   0.028      .046281    .8054266
   trend_433 |  -.2056188   .1822499    -1.13   0.260    -.5635742    .1523366
   trend_434 |   .0462953   .2475288     0.19   0.852    -.4398738    .5324644
   trend_435 |   .2565184   .1969142     1.30   0.193    -.1302389    .6432758
   trend_436 |    .157401   .2364185     0.67   0.506    -.3069465    .6217485
   trend_437 |  -.0294576    .242106    -0.12   0.903    -.5049758    .4460605
   trend_438 |   .1088494   .1950626     0.56   0.577    -.2742713      .49197
   trend_439 |  -.4326389   .2285404    -1.89   0.059     -.881513    .0162352
   trend_440 |   .0062657   .1956879     0.03   0.974     -.378083    .3906145
   trend_441 |   .0422753   .2294939     0.18   0.854    -.4084716    .4930222
   trend_442 |  -.0277205    .235009    -0.12   0.906    -.4892995    .4338585
   trend_443 |   .3964655   .2297805     1.73   0.085    -.0548443    .8477752
   trend_444 |  -.2828981    .196452    -1.44   0.150    -.6687477    .1029514
   trend_445 |   .7617315   .8605049     0.89   0.376    -.9283785    2.451841
   trend_446 |   .5862961   .2097188     2.80   0.005     .1743893    .9982029
   trend_447 |   .2391814   .1717217     1.39   0.164    -.0980955    .5764584
   trend_448 |  -.1453903   .2026199    -0.72   0.473    -.5433541    .2525736
   trend_449 |  -1.616916   .1955442    -8.27   0.000    -2.000982   -1.232849
   trend_450 |  -.2946068   .1984474    -1.48   0.138    -.6843755    .0951619
   trend_451 |  -.7801815   .1997295    -3.91   0.000    -1.172468   -.3878947
   trend_452 |   .2483006   .2051578     1.21   0.227     -.154648    .6512491
   trend_453 |   -.462148    .210648    -2.19   0.029      -.87588   -.0484161
   trend_454 |  -.6746798   .2011752    -3.35   0.001    -1.069806   -.2795534
   trend_455 |  -.2717176   .1941487    -1.40   0.162    -.6530433     .109608
   trend_456 |  -.6339909   .1804646    -3.51   0.000    -.9884398   -.2795419
   trend_457 |  -3.920961   .2018585   -19.42   0.000    -4.317429   -3.524492
   trend_458 |   1.099555   .1881298     5.84   0.000     .7300506    1.469059
   trend_459 |    .154483   .1975809     0.78   0.435    -.2335838    .5425499
   trend_460 |   1.255599   .1690584     7.43   0.000     .9235534    1.587646
   trend_461 |   .7542859   .1692625     4.46   0.000      .421839    1.086733
   trend_462 |   2.033632   .1713686    11.87   0.000     1.697049    2.370216
   trend_463 |    .420028    .189437     2.22   0.027     .0479566    .7920994
   trend_464 |   1.535633    .181718     8.45   0.000     1.178722    1.892543
   trend_465 |   1.632092   .2031525     8.03   0.000     1.233082    2.031102
   trend_466 |   .8294056   .1714549     4.84   0.000     .4926527    1.166159
   trend_467 |   1.634462   .1699602     9.62   0.000     1.300644    1.968279
   trend_468 |   2.332271    .177577    13.13   0.000     1.983494    2.681049
   trend_469 |   .7120169   .1717971     4.14   0.000     .3745919    1.049442
   trend_470 |   1.069657   .1730094     6.18   0.000     .7298508    1.409463
   trend_471 |   1.028552   .1806734     5.69   0.000     .6736927    1.383411
   trend_472 |   2.871165   .1887342    15.21   0.000     2.500474    3.241856
   trend_473 |    1.86832   .1632575    11.44   0.000     1.547667    2.188973
   trend_474 |    .253024   .2006746     1.26   0.208    -.1411191    .6471672
   trend_475 |   .1485119   .1693728     0.88   0.381    -.1841516    .4811755
   trend_476 |   .1154232   .1799598     0.64   0.522    -.2380342    .4688805
   trend_477 |   .2224185   .1689152     1.32   0.188    -.1093463    .5541833
   trend_478 |  -.0784082   .1693003    -0.46   0.643    -.4109294    .2541129
   trend_479 |  -.0458287   .1851009    -0.25   0.805    -.4093837    .3177263
   trend_480 |     .58626   .1829766     3.20   0.001     .2268774    .9456427
   trend_481 |   -.355494   .1705443    -2.08   0.038    -.6904586   -.0205295
   trend_482 |  -.0111375    .182647    -0.06   0.951    -.3698729    .3475979
   trend_483 |   .1654204   .1695239     0.98   0.330      -.16754    .4983808
   trend_484 |  -.1365131   .1883186    -0.72   0.469    -.5063879    .2333618
   trend_485 |  -.1398447   .1829048    -0.76   0.445    -.4990865     .219397
   trend_486 |   .1195213   .1843315     0.65   0.517    -.2425226    .4815652
   trend_487 |  -.0961477   .1883429    -0.51   0.610    -.4660702    .2737748
   trend_488 |  -.0117116   .1777243    -0.07   0.947    -.3607783    .3373551
   trend_489 |   .5258147   .1852391     2.84   0.005     .1619883    .8896412
   trend_490 |  -.1481871   .1823178    -0.81   0.417    -.5062758    .2099017
   trend_491 |   .6841918   .2713277     2.52   0.012     .1512795    1.217104
   trend_492 |  -.4538208   .2694223    -1.68   0.093    -.9829908    .0753492
   trend_493 |  -.3296373    .409615    -0.80   0.421    -1.134158    .4748838
   trend_494 |  -.3698027   .1702718    -2.17   0.030    -.7042321   -.0353734
   trend_495 |  -.4373932   .2738494    -1.60   0.111    -.9752583    .1004719
   trend_496 |  -1.283173   .2763835    -4.64   0.000    -1.826016   -.7403312
   trend_497 |  -.5642678   .2787531    -2.02   0.043    -1.111764   -.0167713
   trend_498 |  -1.053192   .2891444    -3.64   0.000    -1.621098   -.4852856
   trend_499 |  -1.074388   .1802457    -5.96   0.000    -1.428407   -.7203689
   trend_500 |  -.9119937   .2022452    -4.51   0.000    -1.309222   -.5147656
   trend_501 |  -.3752136   .1775551    -2.11   0.035    -.7239479   -.0264792
   trend_502 |  -.9262395   .2809909    -3.30   0.001    -1.478131   -.3743478
   trend_503 |    .149803   .3041055     0.49   0.622    -.4474879    .7470939
   trend_504 |  -1.200228   .1846388    -6.50   0.000    -1.562875   -.8375804
   trend_505 |   .0045594   .2643449     0.02   0.986    -.5146381    .5237568
   trend_506 |   2.429099   .1779181    13.65   0.000     2.079652    2.778547
   trend_507 |   .2207901   .1745565     1.26   0.206    -.1220548    .5636349
   trend_508 |   .5868096   .1673301     3.51   0.000     .2581581    .9154611
   trend_509 |   -.084706   .1706991    -0.50   0.620    -.4199746    .2505626
   trend_510 |  -.0377659   .1671638    -0.23   0.821    -.3660908     .290559
   trend_511 |   .3110748    .180806     1.72   0.086    -.0440446    .6661942
   trend_512 |   .9042446   .1896922     4.77   0.000     .5316718    1.276817
   trend_513 |   .2141201   .1745156     1.23   0.220    -.1286444    .5568846
   trend_514 |  -.2561725    .167195    -1.53   0.126    -.5845588    .0722138
   trend_515 |   .8099737   .1751855     4.62   0.000     .4658934    1.154054
   trend_516 |  -.6220298   .1879626    -3.31   0.001    -.9912055   -.2528542
   trend_517 |   .1734797   .1745784     0.99   0.321    -.1694081    .5163675
   trend_518 |    .541127   .1678154     3.22   0.001     .2115222    .8707318
   trend_519 |   .2732637   .1683348     1.62   0.105    -.0573612    .6038885
   trend_520 |  -.0557171   .1688657    -0.33   0.742    -.3873847    .2759506
   trend_521 |   .8328697   .1784007     4.67   0.000     .4824745    1.183265
   trend_522 |   .3158731   .1777045     1.78   0.076    -.0331547    .6649009
   trend_523 |   .3538493   .1691008     2.09   0.037     .0217198    .6859787
   trend_524 |   .7575847   .1683686     4.50   0.000     .4268935    1.088276
   trend_525 |  -.0096888   .1684672    -0.06   0.954    -.3405738    .3211962
   trend_526 |    .262515   .1782413     1.47   0.141    -.0875672    .6125972
   trend_527 |   .9874445   .1707444     5.78   0.000      .652087    1.322802
   trend_528 |  -.2930174   .1869435    -1.57   0.118    -.6601915    .0741566
   trend_529 |   .5465112   .1905738     2.87   0.004     .1722069    .9208156
   trend_530 |   .7584783   .1844308     4.11   0.000     .3962394    1.120717
   trend_531 |   1.010021   .1906307     5.30   0.000     .6356044    1.384437
   trend_532 |   .1740567   .1756808     0.99   0.322    -.1709964    .5191099
   trend_533 |   .1834364   .1745417     1.05   0.294    -.1593794    .5262522
   trend_534 |   .1732808   .1787547     0.97   0.333    -.1778097    .5243713
   trend_535 |  -.1092836   .1749179    -0.62   0.532    -.4528383    .2342712
   trend_536 |   .4078477    .179254     2.28   0.023     .0557765    .7599189
   trend_537 |    .175718   .1780056     0.99   0.324    -.1739011    .5253371
   trend_538 |  -.0891676   .1675105    -0.53   0.595    -.4181734    .2398383
   trend_539 |  -.0304506   .1681403    -0.18   0.856    -.3606934    .2997922
   trend_540 |  -.0831635    .178744    -0.47   0.642     -.434233    .2679059
   trend_541 |  -.1071555   .1693327    -0.63   0.527    -.4397403    .2254294
   trend_542 |  -.2098542   .1666599    -1.26   0.208    -.5371894     .117481
   trend_543 |   .6433724   .1771404     3.63   0.000     .2954525    .9912924
   trend_544 |  -.1708287   .1891185    -0.90   0.367    -.5422747    .2006173
   trend_545 |  -.2248596   .1756684    -1.28   0.201    -.5698884    .1201692
   trend_546 |  -.2124346   .1770251    -1.20   0.231     -.560128    .1352588
   trend_547 |  -1.190563    .185482    -6.42   0.000    -1.554867   -.8262599
   trend_548 |  -.0697629   .1686895    -0.41   0.679    -.4010845    .2615587
   trend_549 |   .0005735   .1745582     0.00   0.997    -.3422748    .3434217
   trend_550 |  -.2077546   .1779012    -1.17   0.243    -.5571687    .1416595
   trend_551 |  -.6653259   .1760737    -3.78   0.000    -1.011151   -.3195012
   trend_552 |  -.0711535     .17941    -0.40   0.692     -.423531     .281224
   trend_553 |   .0179092   .1930239     0.09   0.926    -.3612074    .3970258
   trend_554 |   -.939332   .1669742    -5.63   0.000    -1.267285   -.6113795
   trend_555 |  -.3597383   .1688261    -2.13   0.034    -.6913281   -.0281484
   trend_556 |   -.123008   .1723179    -0.71   0.476     -.461456    .2154399
   trend_557 |   .0149606   .1719132     0.09   0.931    -.3226926    .3526137
   trend_558 |  -.7205633   .1647168    -4.37   0.000    -1.044082   -.3970445
   trend_559 |   .0142774   .1727888     0.08   0.934    -.3250955    .3536502
   trend_560 |    .457197   .1817782     2.52   0.012      .100168     .814226
   trend_561 |    .427174   .2681404     1.59   0.112    -.0994782    .9538262
   trend_562 |   .1004857   .0441078     2.28   0.023     .0138539    .1871174
   trend_563 |   .5658117   .2560323     2.21   0.028      .062941    1.068682
   trend_564 |   .5829102   .2029931     2.87   0.004     .1842134    .9816071
   trend_565 |   .5817008   .0650493     8.94   0.000     .4539382    .7094635
   trend_566 |   .8402404   .0713773    11.77   0.000     .7000489     .980432
   trend_567 |   .0977658   .3633082     0.27   0.788    -.6158046    .8113362
   trend_568 |   .1225374   .0531947     2.30   0.022     .0180583    .2270166
   trend_569 |     .16392    .174602     0.94   0.348    -.1790143    .5068543
   trend_570 |   1.075876   .0964436    11.16   0.000     .8864521      1.2653
   trend_571 |   .4145829   .1994721     2.08   0.038     .0228016    .8063642
   trend_572 |   .8398624   .0768302    10.93   0.000     .6889609    .9907638
   trend_573 |   .0521601   .0509284     1.02   0.306    -.0478679    .1521881
   trend_574 |   .4888441   .0882771     5.54   0.000     .3154599    .6622283
   trend_575 |  -.0337644   .2725829    -0.12   0.901    -.5691421    .5016132
   trend_576 |   1.299037   .2061895     6.30   0.000     .8940624    1.704012
   trend_577 |          0  (omitted)
MismoParti~G |   .0619251   .2071109     0.30   0.765    -.3448596    .4687098
       _cons |   3.491083   2.312536     1.51   0.132    -1.050948    8.033115
------------------------------------------------------------------------------
r; t=34.02 15:43:24

. areg prop Corrupt_15 grade_1 grade_2 Turn_* yy_* HOMI_CAP_MUN  total mis_tot 
> P_* CorruptPast_15 Already Auditada trend* MismoPartidoG,  absorb(clave_mun) 
> cluster(clave_mun)
note: Turn_4 omitted because of collinearity.
note: yy_1 omitted because of collinearity.
note: yy_2 omitted because of collinearity.
note: yy_3 omitted because of collinearity.
note: yy_11 omitted because of collinearity.
note: P_79 omitted because of collinearity.
note: P_82 omitted because of collinearity.
note: P_L_70 omitted because of collinearity.
note: P_L_73 omitted because of collinearity.
note: trend_345 omitted because of collinearity.
note: trend_577 omitted because of collinearity.

Linear regression, absorbing indicators            Number of obs     = 340,009
Absorbed variable: clave_mun                       No. of categories =     577
                                                   F(126, 576)       =       .
                                                   Prob > F          =       .
                                                   R-squared         =  0.0956
                                                   Adj R-squared     =  0.0920
                                                   Root MSE          = 11.8588

                            (Std. err. adjusted for 577 clusters in clave_mun)
------------------------------------------------------------------------------
             |               Robust
        prop | Coefficient  std. err.      t    P>|t|     [95% conf. interval]
-------------+----------------------------------------------------------------
  Corrupt_15 |   .4184589   .1721045     2.43   0.015     .0804301    .7564878
     grade_1 |   -2.65255   .1104726   -24.01   0.000    -2.869529   -2.435572
     grade_2 |  -.8706857   .0593885   -14.66   0.000      -.98733   -.7540413
      Turn_1 |  -2.099036   1.844688    -1.14   0.256    -5.722172      1.5241
      Turn_2 |  -2.557961   1.831289    -1.40   0.163    -6.154779    1.038857
      Turn_3 |   -2.19319   1.919786    -1.14   0.254    -5.963825    1.577445
      Turn_4 |          0  (omitted)
        yy_1 |          0  (omitted)
        yy_2 |          0  (omitted)
        yy_3 |          0  (omitted)
        yy_4 |  -1.292832   1.121755    -1.15   0.250    -3.496061    .9103973
        yy_5 |  -.8903609   .9714379    -0.92   0.360    -2.798353    1.017632
        yy_6 |    2.53467    .853448     2.97   0.003     .8584203    4.210919
        yy_7 |   .6939346   .6820675     1.02   0.309     -.645708    2.033577
        yy_8 |   1.110266   .5486904     2.02   0.043     .0325881    2.187944
        yy_9 |   -.097737   .3727971    -0.26   0.793    -.8299445    .6344704
       yy_10 |   2.874751   .3312051     8.68   0.000     2.224234    3.525268
       yy_11 |          0  (omitted)
HOMI_CAP_MUN |  -136.0872   209.3471    -0.65   0.516    -547.2639    275.0895
       total |  -1.68e-10   1.60e-10    -1.05   0.294    -4.83e-10    1.47e-10
     mis_tot |   -.480429    .439441    -1.09   0.275    -1.343531    .3826732
         P_1 |   3.557604   1.411114     2.52   0.012     .7860474     6.32916
         P_2 |   .6552521   1.033598     0.63   0.526    -1.374827    2.685332
         P_3 |   3.794562   1.252617     3.03   0.003     1.334308    6.254817
         P_4 |    2.11481   1.475582     1.43   0.152    -.7833676    5.012987
         P_5 |   3.178475   1.096485     2.90   0.004     1.024879     5.33207
         P_6 |   1.705887   1.042727     1.64   0.102    -.3421231    3.753898
         P_7 |   5.044072   1.233421     4.09   0.000     2.621522    7.466623
         P_8 |   1.204201   1.167379     1.03   0.303    -1.088638     3.49704
         P_9 |   2.945148   1.069715     2.75   0.006     .8441301    5.046166
        P_10 |   2.402946   1.239953     1.94   0.053     -.032434    4.838326
        P_11 |    .214394   1.178913     0.18   0.856    -2.101098    2.529886
        P_12 |   1.781232   1.291052     1.38   0.168    -.7545114    4.316975
        P_13 |    2.78776    1.14608     2.43   0.015     .5367547    5.038764
        P_14 |   2.506426   1.340621     1.87   0.062    -.1266755    5.139527
        P_15 |   1.527431   1.047551     1.46   0.145    -.5300535    3.584916
        P_16 |   2.086813   1.123939     1.86   0.064    -.1207052    4.294331
        P_17 |   1.399591   1.217148     1.15   0.251    -.9909977    3.790179
        P_18 |  -10.57342   1.631417    -6.48   0.000    -13.77768   -7.369173
        P_19 |   1.615015   1.059815     1.52   0.128    -.4665587    3.696589
        P_20 |   3.776154    1.15108     3.28   0.001     1.515328    6.036981
        P_21 |   1.310986   1.046685     1.25   0.211     -.744798    3.366769
        P_22 |   1.578375   1.053169     1.50   0.135    -.4901444    3.646894
        P_23 |   2.305699    1.13048     2.04   0.042      .085333    4.526064
        P_24 |   3.606741   1.111504     3.24   0.001     1.423647    5.789836
        P_25 |   3.216663   1.217468     2.64   0.008     .8254454    5.607881
        P_26 |    2.25114   1.118743     2.01   0.045     .0538259    4.448453
        P_27 |   1.764973   1.049663     1.68   0.093    -.2966601    3.826606
        P_28 |   2.038108   1.171992     1.74   0.083    -.2637905    4.340007
        P_29 |    .954932   1.134241     0.84   0.400     -1.27282    3.182684
        P_30 |   3.409224   1.157871     2.94   0.003     1.135061    5.683387
        P_31 |   4.157654   1.670654     2.49   0.013     .8763385     7.43897
        P_32 |   4.460888   1.140495     3.91   0.000     2.220852    6.700924
        P_33 |  -.4608081   1.143446    -0.40   0.687    -2.706641    1.785024
        P_34 |   2.577719   1.272557     2.03   0.043     .0783008    5.077137
        P_35 |   3.588023   1.194115     3.00   0.003     1.242672    5.933373
        P_36 |   3.117605   1.078418     2.89   0.004     .9994936    5.235717
        P_37 |   2.228364   1.192151     1.87   0.062    -.1131296    4.569857
        P_38 |   3.762555   1.129791     3.33   0.001     1.543543    5.981567
        P_39 |   3.380414   1.111572     3.04   0.002     1.197185    5.563642
        P_40 |    3.38095   1.073738     3.15   0.002     1.272032    5.489869
        P_41 |    2.42383   1.060566     2.29   0.023     .3407814    4.506879
        P_42 |  -6.224352    1.27758    -4.87   0.000    -8.733635    -3.71507
        P_43 |   1.761473    1.18535     1.49   0.138     -.566663    4.089608
        P_44 |  -1.198132   1.126378    -1.06   0.288    -3.410441    1.014177
        P_45 |   2.299694   1.122917     2.05   0.041     .0941832    4.505204
        P_46 |   -5.69901   1.328636    -4.29   0.000    -8.308573   -3.089448
        P_47 |     2.3102   1.188719     1.94   0.052    -.0245535    4.644953
        P_48 |   2.909758   1.191124     2.44   0.015     .5702821    5.249233
        P_49 |  -.2927707   1.109407    -0.26   0.792    -2.471746    1.886205
        P_50 |    3.66563   1.319464     2.78   0.006     1.074084    6.257177
        P_51 |   1.079036   1.052368     1.03   0.306    -.9879102    3.145982
        P_52 |   2.815887   1.336081     2.11   0.035     .1917037    5.440071
        P_53 |   1.330927   1.161582     1.15   0.252    -.9505256    3.612379
        P_54 |   .8206467   1.136069     0.72   0.470    -1.410697     3.05199
        P_55 |   -2.79456   1.042499    -2.68   0.008    -4.842123   -.7469959
        P_56 |  -12.35633   1.359189    -9.09   0.000     -15.0259   -9.686762
        P_57 |   3.181812   1.055376     3.01   0.003     1.108958    5.254666
        P_58 |   1.879276   1.072336     1.75   0.080    -.2268901    3.985441
        P_59 |   1.502156   1.364709     1.10   0.271    -1.178257    4.182569
        P_60 |   1.588531   1.182526     1.34   0.180    -.7340587     3.91112
        P_61 |    .869818   1.059688     0.82   0.412    -1.211506    2.951142
        P_62 |   1.987878   1.026687     1.94   0.053    -.0286292    4.004386
        P_63 |   .9450416   1.181814     0.80   0.424    -1.376148    3.266231
        P_64 |   1.980358   1.217321     1.63   0.104     -.410572    4.371288
        P_65 |  -.1689277   2.387113    -0.07   0.944    -4.857434    4.519579
        P_66 |   1.169809   1.047984     1.12   0.265    -.8885267    3.228144
        P_67 |   2.248424   1.004623     2.24   0.026     .2752533    4.221594
        P_68 |   .6016238   1.097996     0.55   0.584     -1.55494    2.758188
        P_69 |   .3189419   1.077064     0.30   0.767     -1.79651    2.434394
        P_70 |   7.309062       3.12     2.34   0.019     1.181099    13.43703
        P_71 |   3.331688   1.687432     1.97   0.049      .017418    6.645957
        P_72 |   1.874145   1.291928     1.45   0.147    -.6633185    4.411608
        P_73 |   1.840144   1.007515     1.83   0.068    -.1387081    3.818995
        P_74 |   3.520497   1.076194     3.27   0.001     1.406754    5.634241
        P_75 |   2.189916   1.295417     1.69   0.091     -.354401    4.734232
        P_76 |   1.260142   1.301672     0.97   0.333     -1.29646    3.816744
        P_77 |   4.459069   1.496579     2.98   0.003     1.519651    7.398487
        P_78 |   3.055447   1.314367     2.32   0.020       .47391    5.636985
        P_79 |          0  (omitted)
        P_80 |   2.703696   1.112481     2.43   0.015     .5186809    4.888711
        P_81 |   4.523668   1.505823     3.00   0.003     1.566094    7.481242
        P_82 |          0  (omitted)
       P_L_1 |   1.600881   1.198066     1.34   0.182    -.7522304    3.953992
       P_L_2 |  -1.705804   .9689248    -1.76   0.079    -3.608861    .1972524
       P_L_3 |   .4224615   1.028293     0.41   0.681    -1.597199    2.442122
       P_L_4 |   .8492265   1.269856     0.67   0.504    -1.644886    3.343339
       P_L_5 |   .3395301   1.130338     0.30   0.764    -1.880557    2.559618
       P_L_6 |    .433577   1.028645     0.42   0.674    -1.586775    2.453929
       P_L_7 |  -.3100311   1.123924    -0.28   0.783    -2.517519    1.897457
       P_L_8 |  -.2113122   .9979982    -0.21   0.832    -2.171472    1.748847
       P_L_9 |   1.772204   .9839529     1.80   0.072    -.1603688    3.704777
      P_L_10 |   .9463118   1.215822     0.78   0.437    -1.441674    3.334297
      P_L_11 |  -.0932351   1.085597    -0.09   0.932    -2.225446    2.038976
      P_L_12 |    2.18162    .999171     2.18   0.029     .2191572    4.144083
      P_L_13 |   9.777149   1.037895     9.42   0.000     7.738628    11.81567
      P_L_14 |  -.3861253   1.072262    -0.36   0.719    -2.492145    1.719895
      P_L_15 |  -.8943083   1.262309    -0.71   0.479    -3.373599    1.584982
      P_L_16 |   -2.01232   1.057658    -1.90   0.058    -4.089657    .0650166
      P_L_17 |   1.094434   1.052324     1.04   0.299    -.9724262    3.161295
      P_L_18 |     1.8245   1.031637     1.77   0.077    -.2017289    3.850729
      P_L_19 |  -32.29212   2.992581   -10.79   0.000    -38.16982   -26.41442
      P_L_20 |  -1.356681   .9984198    -1.36   0.175    -3.317668    .6043068
      P_L_21 |  -1.227963   1.005554    -1.22   0.223    -3.202963    .7470361
      P_L_22 |   .5159869   .9896027     0.52   0.602    -1.427683    2.459657
      P_L_23 |   .5646689    .944308     0.60   0.550    -1.290038    2.419376
      P_L_24 |   2.451123   1.264351     1.94   0.053    -.0321771    4.934422
      P_L_25 |   .4919332   .9984616     0.49   0.622    -1.469136    2.453003
      P_L_26 |   1.090874   1.019655     1.07   0.285    -.9118221     3.09357
      P_L_27 |  -3.046447   .9785403    -3.11   0.002    -4.968389   -1.124504
      P_L_28 |   .3898811   .9551602     0.41   0.683     -1.48614    2.265903
      P_L_29 |   1.646504   1.392727     1.18   0.238    -1.088937    4.381946
      P_L_30 |    .962442    1.03254     0.93   0.352    -1.065561    2.990445
      P_L_31 |   1.613242   1.074987     1.50   0.134    -.4981307    3.724615
      P_L_32 |   2.126556   1.319273     1.61   0.108    -.4646171    4.717729
      P_L_33 |   .3113158   .9532075     0.33   0.744    -1.560871    2.183502
      P_L_34 |   .7583795   .9513302     0.80   0.426     -1.11012    2.626879
      P_L_35 |  -.1402931    1.72422    -0.08   0.935    -3.526818    3.246232
      P_L_36 |   .0776791   1.017985     0.08   0.939    -1.921736    2.077094
      P_L_37 |   .1499796   .9818173     0.15   0.879    -1.778399    2.078358
      P_L_38 |  -6.791064   1.157012    -5.87   0.000    -9.063542   -4.518587
      P_L_39 |  -2.632933   1.941748    -1.36   0.176    -6.446704    1.180838
      P_L_40 |   3.126548   1.118169     2.80   0.005      .930363    5.322733
      P_L_41 |    2.76247   1.150221     2.40   0.017     .5033318    5.021608
      P_L_42 |  -5.902002   1.160606    -5.09   0.000    -8.181538   -3.622466
      P_L_43 |   2.358637   1.024783     2.30   0.022     .3458699    4.371403
      P_L_44 |    1.32216   1.165721     1.13   0.257    -.9674224    3.611743
      P_L_45 |  -1.499934   1.000871    -1.50   0.135    -3.465736    .4658684
      P_L_46 |  -.7993772   1.044784    -0.77   0.445    -2.851428    1.252673
      P_L_47 |  -.7468645   1.249787    -0.60   0.550     -3.20156     1.70783
      P_L_48 |    2.79536   1.055738     2.65   0.008      .721794    4.868926
      P_L_49 |   1.533416   .9920246     1.55   0.123    -.4150105    3.481843
      P_L_50 |      1.616   1.355766     1.19   0.234    -1.046847    4.278848
      P_L_51 |   3.497859   .9392557     3.72   0.000     1.653076    5.342643
      P_L_52 |   .5721447   .9309726     0.61   0.539     -1.25637     2.40066
      P_L_53 |   .9788528   1.823703     0.54   0.592    -2.603066    4.560771
      P_L_54 |  -.8031701   2.614496    -0.31   0.759    -5.938279    4.331939
      P_L_55 |   .2757955   1.108223     0.25   0.804    -1.900856    2.452447
      P_L_56 |   .1412171   .9346653     0.15   0.880    -1.694551    1.976985
      P_L_57 |    .534828   .9250306     0.58   0.563    -1.282016    2.351672
      P_L_58 |  -.5526683   1.042308    -0.53   0.596    -2.599855    1.494519
      P_L_59 |   4.261858   .9532833     4.47   0.000     2.389523    6.134193
      P_L_60 |   -1.36377   1.258573    -1.08   0.279    -3.835721    1.108182
      P_L_61 |  -6.518211   5.644726    -1.15   0.249    -17.60497    4.568545
      P_L_62 |  -.7405818   1.125456    -0.66   0.511    -2.951081    1.469917
      P_L_63 |   -.736366   2.113351    -0.35   0.728    -4.887179    3.414447
      P_L_64 |   3.685783     1.0277     3.59   0.000     1.667286    5.704281
      P_L_65 |   .6536554   1.121397     0.58   0.560    -1.548871    2.856182
      P_L_66 |   3.320456   1.307599     2.54   0.011     .7522135    5.888699
      P_L_67 |   2.384947   1.425034     1.67   0.095    -.4139495    5.183843
      P_L_68 |   4.118144   1.283328     3.21   0.001     1.597572    6.638716
      P_L_69 |  -4.210296   1.670387    -2.52   0.012    -7.491088   -.9295035
      P_L_70 |          0  (omitted)
      P_L_71 |   .4351921   .9738307     0.45   0.655      -1.4775    2.347884
      P_L_72 |   5.375302   1.163826     4.62   0.000     3.089442    7.661161
      P_L_73 |          0  (omitted)
CorruptPa~15 |  -.0495686   .2204943    -0.22   0.822    -.4826394    .3835022
AlreadyAud~d |  -.1889342   .1969221    -0.96   0.338    -.5757072    .1978388
    Auditada |  -.2114083   .1256204    -1.68   0.093    -.4581381    .0353215
     trend_1 |  -.1840386   .2397284    -0.77   0.443     -.654887    .2868098
     trend_2 |  -.0473352   .2340747    -0.20   0.840    -.5070792    .4124087
     trend_3 |  -.0431986   .2211057    -0.20   0.845    -.4774703    .3910731
     trend_4 |   .2500863   .2346704     1.07   0.287    -.2108278    .7110003
     trend_5 |  -.0845407   .2432819    -0.35   0.728    -.5623684    .3932871
     trend_6 |  -.2831868   .2168836    -1.31   0.192    -.7091659    .1427923
     trend_7 |  -.3895048   .2467888    -1.58   0.115    -.8742205    .0952108
     trend_8 |  -.0803915   .2153137    -0.37   0.709    -.5032872    .3425043
     trend_9 |  -.2105403   .2416097    -0.87   0.384    -.6850837    .2640031
    trend_10 |  -.3247645   .2839992    -1.14   0.253    -.8825649    .2330358
    trend_11 |  -1.426748   .3156653    -4.52   0.000    -2.046743   -.8067524
    trend_12 |  -1.493563   .3132174    -4.77   0.000     -2.10875   -.8783753
    trend_13 |  -1.260888   .3098814    -4.07   0.000    -1.869523   -.6522529
    trend_14 |  -1.368755   .3363531    -4.07   0.000    -2.029383    -.708127
    trend_15 |  -1.769582      .2844    -6.22   0.000    -2.328169   -1.210994
    trend_16 |   .0890254   .1722307     0.52   0.605    -.2492515    .4273022
    trend_17 |  -.1470833   .1613936    -0.91   0.363     -.464075    .1699085
    trend_18 |   -.139172   .1688133    -0.82   0.410    -.4707367    .1923927
    trend_19 |   .0309643   .1686794     0.18   0.854    -.3003374     .362266
    trend_20 |   .2107792   .2204684     0.96   0.339    -.2222408    .6437991
    trend_21 |  -.4301163   .2961318    -1.45   0.147    -1.011746    .1515135
    trend_22 |  -.1085379   .1686927    -0.64   0.520    -.4398658    .2227901
    trend_23 |   -.494623   .2926523    -1.69   0.092    -1.069419    .0801727
    trend_24 |  -.3805636   .2955805    -1.29   0.198    -.9611106    .1999833
    trend_25 |   .1200547   .1656742     0.72   0.469    -.2053445     .445454
    trend_26 |   1.411516   .1639368     8.61   0.000      1.08953    1.733503
    trend_27 |  -.6190823   .2869396    -2.16   0.031    -1.182658   -.0555068
    trend_28 |   2.096572   .1684789    12.44   0.000     1.765664     2.42748
    trend_29 |  -.0280179   .2955652    -0.09   0.925    -.6085348    .5524991
    trend_30 |  -.6865587   .2955422    -2.32   0.021    -1.267031   -.1060869
    trend_31 |   .4989436   .1671499     2.99   0.003     .1706461    .8272411
    trend_32 |  -.6777874   .1606555    -4.22   0.000    -.9933294   -.3622454
    trend_33 |  -.5291998   .1802232    -2.94   0.003    -.8831745   -.1752251
    trend_34 |  -.2895068    .306941    -0.94   0.346    -.8923669    .3133533
    trend_35 |  -.1529371   .2905246    -0.53   0.599    -.7235538    .4176796
    trend_36 |  -1.494636    .182712    -8.18   0.000    -1.853499   -1.135773
    trend_37 |  -.1090887   .1842367    -0.59   0.554    -.4709464     .252769
    trend_38 |  -.4858324   .1797064    -2.70   0.007    -.8387922   -.1328726
    trend_39 |   .3370365   .4383568     0.77   0.442    -.5239361    1.198009
    trend_40 |  -.3764181    .162894    -2.31   0.021    -.6963567   -.0564795
    trend_41 |  -.3512014    .164462    -2.14   0.033    -.6742198   -.0281831
    trend_42 |  -.4778439   .1700625    -2.81   0.005    -.8118621   -.1438256
    trend_43 |  -.6518224   .1657676    -3.93   0.000     -.977405   -.3262397
    trend_44 |   -.620619   .1678022    -3.70   0.000    -.9501978   -.2910402
    trend_45 |   .3339902    .169917     1.97   0.050     .0002577    .6677228
    trend_46 |  -.1307738   .1625645    -0.80   0.421    -.4500653    .1885178
    trend_47 |   .0302634   .1689654     0.18   0.858    -.3015999    .3621268
    trend_48 |   .0754347   .1678197     0.45   0.653    -.2541784    .4050478
    trend_49 |   .0164207   .1653203     0.10   0.921    -.3082834    .3411248
    trend_50 |   .2863733   .1616422     1.77   0.077    -.0311066    .6038532
    trend_51 |   .4853455   .1763726     2.75   0.006     .1389338    .8317573
    trend_52 |   .2050516   .1600376     1.28   0.201    -.1092768    .5193799
    trend_53 |  -.0626808   .1638224    -0.38   0.702     -.384443    .2590813
    trend_54 |   -.466319   .3012713    -1.55   0.122    -1.058043    .1254052
    trend_55 |   4.150873   .4675472     8.88   0.000     3.232567    5.069178
    trend_56 |   5.594797   .4613996    12.13   0.000     4.688566    6.501027
    trend_57 |   .1689892   .4242742     0.40   0.691     -.664324    1.002302
    trend_58 |   .4894943   .1657055     2.95   0.003     .1640336     .814955
    trend_59 |   1.057889   .1676303     6.31   0.000     .7286482     1.38713
    trend_60 |   1.237063   .1615346     7.66   0.000     .9197944    1.554332
    trend_61 |   1.028452   .3443641     2.99   0.003     .3520892    1.704814
    trend_62 |   1.351076   .2749232     4.91   0.000     .8111014     1.89105
    trend_63 |    1.80945   .3500943     5.17   0.000     1.121833    2.497067
    trend_64 |   1.640629   .1945914     8.43   0.000     1.258434    2.022824
    trend_65 |   1.255499   .2992894     4.19   0.000     .6676676    1.843331
    trend_66 |   .3000379   .1792479     1.67   0.095    -.0520212     .652097
    trend_67 |   1.742762   .2854278     6.11   0.000     1.182155    2.303368
    trend_68 |   1.058661   .2379034     4.45   0.000     .5913973    1.525925
    trend_69 |    .623022   .2970725     2.10   0.036     .0395445      1.2065
    trend_70 |   .6633473   .2766308     2.40   0.017     .1200192    1.206675
    trend_71 |   1.777574   .2618361     6.79   0.000     1.263304    2.291844
    trend_72 |   1.208071   .2762907     4.37   0.000     .6654111    1.750731
    trend_73 |   1.100227   .2087227     5.27   0.000     .6902766    1.510177
    trend_74 |   2.188251   .2315534     9.45   0.000     1.733459    2.643043
    trend_75 |   .4875856   .2719111     1.79   0.073    -.0464726    1.021644
    trend_76 |   .7900427   .1958742     4.03   0.000     .4053279    1.174758
    trend_77 |    1.44339   .2953612     4.89   0.000     .8632738    2.023506
    trend_78 |   1.455476   .3901684     3.73   0.000     .6891501    2.221803
    trend_79 |   .3320096   .2251048     1.47   0.141    -.1101168     .774136
    trend_80 |    5.12653   .4351278    11.78   0.000       4.2719    5.981161
    trend_81 |   1.721894   .3382867     5.09   0.000     1.057468     2.38632
    trend_82 |   .3007749   .2954666     1.02   0.309    -.2795483    .8810981
    trend_83 |   .5303217   .2644262     2.01   0.045     .0109645    1.049679
    trend_84 |   1.099595   .2835006     3.88   0.000     .5427742    1.656416
    trend_85 |    .440689   .3252183     1.36   0.176    -.1980693    1.079447
    trend_86 |   .9471088   .1836798     5.16   0.000     .5863448    1.307873
    trend_87 |   .6778088   .2555361     2.65   0.008     .1759126    1.179705
    trend_88 |  -.1219897   .1835941    -0.66   0.507    -.4825853    .2386058
    trend_89 |   1.878995   .1640488    11.45   0.000     1.556788    2.201202
    trend_90 |   2.722328   .2788543     9.76   0.000     2.174633    3.270023
    trend_91 |    .050825   .2087274     0.24   0.808    -.3591346    .4607846
    trend_92 |   -.014886   .3113326    -0.05   0.962    -.6263717    .5965996
    trend_93 |   .8882094   .2059044     4.31   0.000     .4837945    1.292624
    trend_94 |  -1.359223   .1930216    -7.04   0.000    -1.738335   -.9801113
    trend_95 |   .0079141   .2292319     0.03   0.972    -.4423183    .4581464
    trend_96 |  -.4093173   .2485328    -1.65   0.100    -.8974584    .0788238
    trend_97 |  -.0359226   .1891359    -0.19   0.849    -.4074026    .3355575
    trend_98 |   .5141765   .2267708     2.27   0.024     .0687781    .9595749
    trend_99 |  -.8545803   .3203216    -2.67   0.008    -1.483721   -.2254395
   trend_100 |     -.7041    .273062    -2.58   0.010    -1.240419   -.1677814
   trend_101 |   .2216223   .2421735     0.92   0.361    -.2540286    .6972731
   trend_102 |    .562991   .1722741     3.27   0.001      .224629    .9013531
   trend_103 |   -.560275   .3060705    -1.83   0.068    -1.161425    .0408754
   trend_104 |   .1457063   .1612084     0.90   0.366    -.1709218    .4623343
   trend_105 |   .1972461   .2143098     0.92   0.358    -.2236779      .61817
   trend_106 |  -.3342914   .1659078    -2.01   0.044    -.6601495   -.0084333
   trend_107 |   -.288651   .1626344    -1.77   0.076    -.6080798    .0307778
   trend_108 |  -.1547791   .1702625    -0.91   0.364    -.4891901    .1796318
   trend_109 |  -.2230871   .1623702    -1.37   0.170    -.5419969    .0958227
   trend_110 |   .7271793   .1622831     4.48   0.000     .4084405    1.045918
   trend_111 |  -.2733814    .171315    -1.60   0.111    -.6098598    .0630969
   trend_112 |  -.5528834   .1643625    -3.36   0.001    -.8757063   -.2300605
   trend_113 |    .355131    .160935     2.21   0.028       .03904    .6712221
   trend_114 |  -.4216127   .1592155    -2.65   0.008    -.7343264    -.108899
   trend_115 |  -.2710845   .2185374    -1.24   0.215    -.7003119    .1581429
   trend_116 |  -.1705327   .1661184    -1.03   0.305    -.4968043    .1557389
   trend_117 |  -.0449151   .1616097    -0.28   0.781    -.3623313     .272501
   trend_118 |   .4134454    .175469     2.36   0.019     .0688083    .7580824
   trend_119 |  -.2972965    .207402    -1.43   0.152    -.7046529      .11006
   trend_120 |  -.4347095   .1689432    -2.57   0.010    -.7665294   -.1028896
   trend_121 |    .406641   .1649011     2.47   0.014     .0827602    .7305218
   trend_122 |   -.074182   .1943592    -0.38   0.703    -.4559212    .3075573
   trend_123 |  -.0024249   .1687079    -0.01   0.989    -.3337825    .3289327
   trend_124 |   1.138704   .1598857     7.12   0.000     .8246741    1.452734
   trend_125 |  -.2401741   .1647673    -1.46   0.145     -.563792    .0834438
   trend_126 |  -.3449869   .1647896    -2.09   0.037    -.6686486   -.0213252
   trend_127 |   .1500198   .1714335     0.88   0.382    -.1866911    .4867307
   trend_128 |    .721366   .1666775     4.33   0.000     .3939962    1.048736
   trend_129 |  -.3152891   .1675221    -1.88   0.060    -.6443178    .0137397
   trend_130 |  -.2164317   .1597568    -1.35   0.176    -.5302085    .0973452
   trend_131 |   .6561594   .2650721     2.48   0.014     .1355337    1.176785
   trend_132 |    .048442   .1694362     0.29   0.775    -.2843462    .3812302
   trend_133 |   .6796199    .170864     3.98   0.000     .3440275    1.015212
   trend_134 |  -.3852869   .1747599    -2.20   0.028    -.7285313   -.0420425
   trend_135 |   .6183273   .1709009     3.62   0.000     .2826623    .9539923
   trend_136 |   .1653907    .168186     0.98   0.326    -.1649419    .4957233
   trend_137 |   .0006798    .172654     0.00   0.997    -.3384284    .3397879
   trend_138 |   .0219308   .1636994     0.13   0.893    -.2995898    .3434514
   trend_139 |    .313657   .1904883     1.65   0.100    -.0604794    .6877934
   trend_140 |  -.4068964   .1987491    -2.05   0.041    -.7972577    -.016535
   trend_141 |  -.2644008   .3407091    -0.78   0.438    -.9335845    .4047829
   trend_142 |   .1691158   .1596638     1.06   0.290    -.1444783      .48271
   trend_143 |  -.5970002   .1717336    -3.48   0.001    -.9343007   -.2596998
   trend_144 |   -.684789   .1732664    -3.95   0.000      -1.0251    -.344478
   trend_145 |  -.2249409   .1622876    -1.39   0.166    -.5436885    .0938066
   trend_146 |   .9482739   .3210398     2.95   0.003     .3177226    1.578825
   trend_147 |   .3748316   .2041132     1.84   0.067    -.0260653    .7757285
   trend_148 |   1.907822   .1798917    10.61   0.000     1.554498    2.261146
   trend_149 |   1.437071   .1715112     8.38   0.000     1.100208    1.773935
   trend_150 |   .5261674   .2114771     2.49   0.013     .1108071    .9415278
   trend_151 |   1.603112   .1585791    10.11   0.000     1.291648    1.914576
   trend_152 |   1.348859   .2134889     6.32   0.000     .9295475    1.768171
   trend_153 |   2.058037   .1859874    11.07   0.000      1.69274    2.423333
   trend_154 |   .6153998   .2446821     2.52   0.012     .1348219    1.095978
   trend_155 |   1.244819   .1743902     7.14   0.000     .9023009    1.587338
   trend_156 |   .6825863   .1775026     3.85   0.000     .3339551    1.031218
   trend_157 |   1.315751   .1966228     6.69   0.000     .9295657    1.701936
   trend_158 |   .8349349   .1964926     4.25   0.000     .4490056    1.220864
   trend_159 |  -.1181174   .1982429    -0.60   0.552    -.5074845    .2712496
   trend_160 |   .1915119   .1627229     1.18   0.240    -.1280907    .5111146
   trend_161 |  -.1863055   .1623286    -1.15   0.252    -.5051336    .1325227
   trend_162 |   .2661863   .1938629     1.37   0.170     -.114578    .6469506
   trend_163 |   .5708185   .2874899     1.99   0.048     .0061623    1.135475
   trend_164 |  -.7727437   .1729885    -4.47   0.000    -1.112509   -.4329785
   trend_165 |   .9144199    .373496     2.45   0.015     .1808397       1.648
   trend_166 |   1.777642   .2519049     7.06   0.000     1.282878    2.272406
   trend_167 |   2.211441    .209525    10.55   0.000     1.799915    2.622967
   trend_168 |  -.1927775   .1796146    -1.07   0.284     -.545557    .1600019
   trend_169 |   .6611789   .2030437     3.26   0.001     .2623825    1.059975
   trend_170 |   .6460615   .1749592     3.69   0.000     .3024257    .9896973
   trend_171 |   .7808705   .1634471     4.78   0.000     .4598455    1.101895
   trend_172 |   1.063711   .1582706     6.72   0.000     .7528528    1.374569
   trend_173 |   .3658176   .2348596     1.56   0.120     -.095468    .8271032
   trend_174 |  -.4439709   .1701229    -2.61   0.009    -.7781077   -.1098341
   trend_175 |   .2910141    .166394     1.75   0.081    -.0357989    .6178271
   trend_176 |   1.605282    .183798     8.73   0.000     1.244286    1.966278
   trend_177 |   .6352984   .2255818     2.82   0.005     .1922353    1.078362
   trend_178 |   3.176868   .2374155    13.38   0.000     2.710562    3.643174
   trend_179 |   1.971955   .1732921    11.38   0.000     1.631594    2.312317
   trend_180 |   .1049215    .177606     0.59   0.555    -.2439128    .4537558
   trend_181 |   .3930319   .1628185     2.41   0.016     .0732415    .7128223
   trend_182 |   .6795689   .1562932     4.35   0.000     .3725949     .986543
   trend_183 |  -.6376748   .1888195    -3.38   0.001    -1.008534   -.2668161
   trend_184 |   .7783697   .1618215     4.81   0.000     .4605376    1.096202
   trend_185 |   .8046446   .2037354     3.95   0.000     .4044897    1.204799
   trend_186 |  -.1911627   .2929359    -0.65   0.514    -.7665154    .3841901
   trend_187 |   .0667642   .2006959     0.33   0.740    -.3274209    .4609493
   trend_188 |   1.649875   .2016159     8.18   0.000     1.253883    2.045867
   trend_189 |   .5840434   .4276039     1.37   0.173    -.2558095    1.423896
   trend_190 |   1.150967   .1980027     5.81   0.000     .7620717    1.539862
   trend_191 |  -.2744843   .1735888    -1.58   0.114    -.6154284    .0664599
   trend_192 |   6.374433   .1726073    36.93   0.000     6.035417     6.71345
   trend_193 |    1.51358   .1659763     9.12   0.000     1.187588    1.839573
   trend_194 |  -.3844188   .1795818    -2.14   0.033    -.7371339   -.0317038
   trend_195 |   .0494725    .175168     0.28   0.778    -.2945733    .3935184
   trend_196 |   .3787787   .1752104     2.16   0.031     .0346495    .7229078
   trend_197 |    .890363   .1749071     5.09   0.000     .5468296    1.233897
   trend_198 |  -.3232291   .1787014    -1.81   0.071    -.6742149    .0277566
   trend_199 |   .8346281   .1684739     4.95   0.000     .5037301    1.165526
   trend_200 |   .6131751   .1783288     3.44   0.001     .2629211    .9634291
   trend_201 |   .5702669   .1740981     3.28   0.001     .2283225    .9122114
   trend_202 |   .1686584   .1831113     0.92   0.357    -.1909888    .5283056
   trend_203 |  -.3107873   .1739434    -1.79   0.075     -.652428    .0308534
   trend_204 |   1.423799   .1779993     8.00   0.000     1.074192    1.773405
   trend_205 |   1.155363   .2117652     5.46   0.000      .739437    1.571289
   trend_206 |  -.6391546   .2308883    -2.77   0.006     -1.09264   -.1856689
   trend_207 |   .2086873   .1834085     1.14   0.256    -.1515436    .5689182
   trend_208 |  -.1367541   .1811745    -0.75   0.451    -.4925973     .219089
   trend_209 |   .4497567   .1865768     2.41   0.016     .0833028    .8162106
   trend_210 |  -.1878464   .1713899    -1.10   0.274    -.5244718     .148779
   trend_211 |      .0831   .1997138     0.42   0.677     -.309156     .475356
   trend_212 |  -.3978398   .3323845    -1.20   0.232    -1.050673    .2549936
   trend_213 |  -.5504393   .1878664    -2.93   0.004    -.9194261   -.1814526
   trend_214 |   .2686471   .1895783     1.42   0.157    -.1037019     .640996
   trend_215 |   .1573585   .2318736     0.68   0.498    -.2980624    .6127794
   trend_216 |  -.3310357   .1875154    -1.77   0.078     -.699333    .0372615
   trend_217 |   .9942537   .1995356     4.98   0.000     .6023475     1.38616
   trend_218 |  -.2434927   .1869119    -1.30   0.193    -.6106046    .1236192
   trend_219 |  -.0481073   .1684339    -0.29   0.775    -.3789268    .2827121
   trend_220 |  -.0528353   .1930882    -0.27   0.784    -.4320781    .3264075
   trend_221 |  -.1323108   .1861584    -0.71   0.478    -.4979427    .2333212
   trend_222 |   .1886426   .1710852     1.10   0.271    -.1473843    .5246696
   trend_223 |   .5083249   .1837969     2.77   0.006     .1473311    .8693187
   trend_224 |   .1717984   .2136803     0.80   0.422    -.2478891    .5914859
   trend_225 |  -.1820708   .1942883    -0.94   0.349    -.5636706    .1995291
   trend_226 |   .3781142   .1918903     1.97   0.049     .0012241    .7550042
   trend_227 |   .0741711   .2090964     0.35   0.723    -.3365132    .4848555
   trend_228 |  -.4651226   .1838915    -2.53   0.012    -.8263022    -.103943
   trend_229 |  -.0573963   .2195576    -0.26   0.794    -.4886273    .3738348
   trend_230 |   .3239442    .186744     1.73   0.083     -.042838    .6907264
   trend_231 |   .0231323   .2087558     0.11   0.912    -.3868831    .4331476
   trend_232 |  -.2318517   .2092906    -1.11   0.268    -.6429174    .1792141
   trend_233 |   .2598297   .2316137     1.12   0.262    -.1950808    .7147401
   trend_234 |   .1102845   .2059271     0.54   0.592     -.294175     .514744
   trend_235 |  -.0968204   .2042174    -0.47   0.636     -.497922    .3042813
   trend_236 |   .1619845   .2086867     0.78   0.438    -.2478953    .5718642
   trend_237 |   .1044954   .1751048     0.60   0.551    -.2394265    .4484172
   trend_238 |   .0774661   .1932501     0.40   0.689    -.3020946    .4570268
   trend_239 |   .1675745   .2146751     0.78   0.435    -.2540669    .5892159
   trend_240 |   -.222046   .2068684    -1.07   0.284    -.6283544    .1842625
   trend_241 |   .3502234   .2142757     1.63   0.103    -.0706335    .7710804
   trend_242 |   1.508739   .1790698     8.43   0.000     1.157029    1.860448
   trend_243 |    .520329   .1832225     2.84   0.005     .1604633    .8801947
   trend_244 |    1.29663   .2083573     6.22   0.000     .8873973    1.705863
   trend_245 |  -.0164703   .2037276    -0.08   0.936    -.4166099    .3836693
   trend_246 |   .1040223   .2050227     0.51   0.612    -.2986609    .5067056
   trend_247 |   .5327544   .1596176     3.34   0.001      .219251    .8462578
   trend_248 |   .1503805   .2066261     0.73   0.467     -.255452    .5562129
   trend_249 |  -.1419593   .1833258    -0.77   0.439    -.5020278    .2181092
   trend_250 |   .3011308   .1850408     1.63   0.104    -.0623061    .6645677
   trend_251 |   .1056933   .2091049     0.51   0.613    -.3050077    .5163944
   trend_252 |   .0385137   .1770103     0.22   0.828    -.3091507    .3861781
   trend_253 |   .0967702   .2026061     0.48   0.633    -.3011666    .4947071
   trend_254 |   .3681178   .1723964     2.14   0.033     .0295155      .70672
   trend_255 |   1.711821   .1802897     9.49   0.000     1.357715    2.065926
   trend_256 |   .1627561   .2209223     0.74   0.462    -.2711555    .5966678
   trend_257 |    .798638   .2331296     3.43   0.001     .3407504    1.256526
   trend_258 |   .1731796   .1799731     0.96   0.336    -.1803041    .5266632
   trend_259 |   .1712524   .2265309     0.76   0.450    -.2736749    .6161796
   trend_260 |   6.622906   .2456542    26.96   0.000     6.140419    7.105393
   trend_261 |  -.4776752   .2140889    -2.23   0.026    -.8981654   -.0571851
   trend_262 |    1.23805   .2137029     5.79   0.000     .8183177    1.657782
   trend_263 |   1.425951    .201353     7.08   0.000     1.030476    1.821427
   trend_264 |    -.35808   .2068024    -1.73   0.084    -.7642588    .0480988
   trend_265 |  -3.072115    .225151   -13.64   0.000    -3.514332   -2.629898
   trend_266 |   -2.27901   .1652161   -13.79   0.000    -2.603509    -1.95451
   trend_267 |   9.114086   .2076367    43.89   0.000     8.706269    9.521904
   trend_268 |  -.5287798   .2039509    -2.59   0.010     -.929358   -.1282017
   trend_269 |  -.1644064   .1882852    -0.87   0.383    -.5342157    .2054029
   trend_270 |  -1.019822   .1752858    -5.82   0.000      -1.3641   -.6755451
   trend_271 |   -.207776   .2002508    -1.04   0.300    -.6010868    .1855349
   trend_272 |  -.5549395   .1785831    -3.11   0.002     -.905693    -.204186
   trend_273 |   .0778335   .2106111     0.37   0.712    -.3358259    .4914929
   trend_274 |   1.209079   .1687628     7.16   0.000     .8776131    1.540544
   trend_275 |  -5.529796   .4151293   -13.32   0.000    -6.345147   -4.714444
   trend_276 |   1.015776    .201271     5.05   0.000     .6204611     1.41109
   trend_277 |  -1.426974   .1980005    -7.21   0.000    -1.815865   -1.038083
   trend_278 |   1.187561   .2425012     4.90   0.000     .7112668    1.663856
   trend_279 |   .8853017   .2256934     3.92   0.000     .4420193    1.328584
   trend_280 |    1.22834   .2170238     5.66   0.000     .8020851    1.654594
   trend_281 |   2.445753   .2691883     9.09   0.000     1.917043    2.974463
   trend_282 |   .9737233   .2053673     4.74   0.000     .5703633    1.377083
   trend_283 |  -.1353817   .1737463    -0.78   0.436    -.4766353    .2058718
   trend_284 |   -2.68123   .2053216   -13.06   0.000      -3.0845   -2.277959
   trend_285 |  -2.160418   .2028136   -10.65   0.000    -2.558762   -1.762073
   trend_286 |  -.0586314   .1633568    -0.36   0.720     -.379479    .2622162
   trend_287 |   .2187433   .1880041     1.16   0.245    -.1505138    .5880005
   trend_288 |  -.5849425    .407687    -1.43   0.152    -1.385677     .215792
   trend_289 |   .3665338   .1542625     2.38   0.018     .0635481    .6695195
   trend_290 |  -.3356407    .161541    -2.08   0.038    -.6529219   -.0183595
   trend_291 |  -.0600095   .1672505    -0.36   0.720    -.3885047    .2684858
   trend_292 |   .7432586   .2054793     3.62   0.000     .3396787    1.146839
   trend_293 |   .1159764   .2310992     0.50   0.616    -.3379235    .5698763
   trend_294 |   1.162767   .3906896     2.98   0.003     .3954173    1.930117
   trend_295 |  -.3564006   .1983582    -1.80   0.073    -.7459942     .033193
   trend_296 |   .5406479    .183249     2.95   0.003     .1807303    .9005656
   trend_297 |   .4150113   .1989132     2.09   0.037     .0243277    .8056948
   trend_298 |   .1079723   .2115868     0.51   0.610    -.3076034    .5235481
   trend_299 |   4.679779   .1970527    23.75   0.000      4.29275    5.066808
   trend_300 |   .8575825   .1950404     4.40   0.000     .4745054     1.24066
   trend_301 |   .4525374   .1939043     2.33   0.020     .0716917    .8333831
   trend_302 |    .279457   .1684448     1.66   0.098     -.051384    .6102979
   trend_303 |  -.0475222   .1851485    -0.26   0.798    -.4111707    .3161263
   trend_304 |   .3587183   .2516917     1.43   0.155    -.1356272    .8530638
   trend_305 |   .1791538   .1795572     1.00   0.319    -.1735129    .5318204
   trend_306 |   .5274467   .2640966     2.00   0.046     .0087369    1.046157
   trend_307 |  -.0580593   .1781483    -0.33   0.745    -.4079589    .2918402
   trend_308 |   .3623508   .1789776     2.02   0.043     .0108225    .7138792
   trend_309 |   .7026783   .2472822     2.84   0.005     .2169935    1.188363
   trend_310 |   .1473896   .1963855     0.75   0.453    -.2383293    .5331085
   trend_311 |   .3296189   .2011247     1.64   0.102    -.0654084    .7246461
   trend_312 |   .4145766   .2524895     1.64   0.101    -.0813358     .910489
   trend_313 |    .202803   .2129656     0.95   0.341    -.2154808    .6210868
   trend_314 |  -.1926705   .1760429    -1.09   0.274    -.5384348    .1530939
   trend_315 |  -.0822591   .1642519    -0.50   0.617    -.4048647    .2403465
   trend_316 |   .0602177   .2936556     0.21   0.838    -.5165486    .6369841
   trend_317 |   .2608516   .2844582     0.92   0.360    -.2978502    .8195535
   trend_318 |  -.1071378   .3074639    -0.35   0.728    -.7110249    .4967492
   trend_319 |  -.0612315   .2152782    -0.28   0.776    -.4840576    .3615945
   trend_320 |  -.5475694   .2855434    -1.92   0.056    -1.108403    .0132638
   trend_321 |     -.0146   .1640106    -0.09   0.929    -.3367318    .3075319
   trend_322 |  -.2227246   .2830347    -0.79   0.432    -.7786306    .3331814
   trend_323 |   .2276467   .2465726     0.92   0.356    -.2566445    .7119378
   trend_324 |   .0076399   .2848436     0.03   0.979    -.5518187    .5670986
   trend_325 |   .1192777   .2465232     0.48   0.629    -.3649163    .6034717
   trend_326 |   .1493652   .2623381     0.57   0.569    -.3658906    .6646211
   trend_327 |  -.1352648   .1822592    -0.74   0.458    -.4932384    .2227089
   trend_328 |    .039841   .1632437     0.24   0.807    -.2807845    .3604665
   trend_329 |  -.1032145   .1784316    -0.58   0.563    -.4536703    .2472413
   trend_330 |  -.0974657   .1921835    -0.51   0.612    -.4749315    .2800001
   trend_331 |   1.180304   .1796324     6.57   0.000     .8274897    1.533118
   trend_332 |   .0083255   .1857987     0.04   0.964    -.3566001    .3732512
   trend_333 |   6.638556   .7349096     9.03   0.000     5.195127    8.081985
   trend_334 |   -.573462   .2357964    -2.43   0.015    -1.036588   -.1103364
   trend_335 |   46.62665   .3153561   147.85   0.000     46.00726    47.24604
   trend_336 |  -.7279847   .1667094    -4.37   0.000    -1.055417   -.4005522
   trend_337 |  -.6531233   .1628554    -4.01   0.000    -.9729861   -.3332606
   trend_338 |  -1.217167   .1790841    -6.80   0.000    -1.568905   -.8654298
   trend_339 |  -.9320092    .171051    -5.45   0.000    -1.267969   -.5960495
   trend_340 |   .2835464   .1742617     1.63   0.104    -.0587195    .6258123
   trend_341 |   -4.96582   .1820636   -27.28   0.000    -5.323409    -4.60823
   trend_342 |    .368435   .1699705     2.17   0.031     .0345974    .7022726
   trend_343 |  -.4185705   .1634805    -2.56   0.011    -.7396611   -.0974799
   trend_344 |  -.2472134   .1626449    -1.52   0.129    -.5666629     .072236
   trend_345 |          0  (omitted)
   trend_346 |  -1.529278   .1609066    -9.50   0.000    -1.845313   -1.213242
   trend_347 |  -1.202012   .1679117    -7.16   0.000    -1.531806   -.8722179
   trend_348 |   2.808236   .3322036     8.45   0.000     2.155758    3.460714
   trend_349 |   .0016765   .1618166     0.01   0.992     -.316146    .3194989
   trend_350 |  -3.424605   .2556982   -13.39   0.000     -3.92682   -2.922391
   trend_351 |  -.1626175   .2097016    -0.78   0.438    -.5744906    .2492556
   trend_352 |  -.8373739   .1722533    -4.86   0.000    -1.175695   -.4990526
   trend_353 |  -1.425787   .1804343    -7.90   0.000    -1.780176   -1.071397
   trend_354 |   .2411004    .254195     0.95   0.343    -.2581616    .7403624
   trend_355 |  -1.917195   .2673463    -7.17   0.000    -2.442288   -1.392103
   trend_356 |   .2352992   .2895457     0.81   0.417    -.3333949    .8039934
   trend_357 |  -.5642191   .2232529    -2.53   0.012    -1.002708     -.12573
   trend_358 |  -.4617176   .2506339    -1.84   0.066    -.9539853    .0305502
   trend_359 |  -.1614939   .2215227    -0.73   0.466    -.5965848    .2735969
   trend_360 |  -.3468287   .3715151    -0.93   0.351    -1.076518    .3828608
   trend_361 |   .0245013   .2314735     0.11   0.916    -.4301338    .4791364
   trend_362 |   .3896106   .2262693     1.72   0.086     -.054803    .8340242
   trend_363 |   .7060003   .3187581     2.21   0.027     .0799303     1.33207
   trend_364 |   .1236639   .2839263     0.44   0.663    -.4339931     .681321
   trend_365 |   .7146211   .2214341     3.23   0.001     .2797043    1.149538
   trend_366 |  -.2996859   .2233145    -1.34   0.180    -.7382959    .1389241
   trend_367 |  -.0573845   .2816572    -0.20   0.839    -.6105849    .4958158
   trend_368 |   .2922807   .2744548     1.06   0.287    -.2467736     .831335
   trend_369 |   .1514325   .3150221     0.48   0.631    -.4672996    .7701646
   trend_370 |    .517881   .2511491     2.06   0.040     .0246014    1.011161
   trend_371 |  -.4570571   .2243633    -2.04   0.042    -.8977271   -.0163871
   trend_372 |  -.2504308   .2680904    -0.93   0.351    -.7769846    .2761231
   trend_373 |   -.607568   .2206015    -2.75   0.006    -1.040849   -.1742867
   trend_374 |    .080128   .3264149     0.25   0.806    -.5609806    .7212366
   trend_375 |  -.2977718   .2236268    -1.33   0.184    -.7369952    .1414515
   trend_376 |   .0279078   .2543608     0.11   0.913    -.4716798    .5274955
   trend_377 |  -.5616423   .2201322    -2.55   0.011     -.994002   -.1292826
   trend_378 |  -.2701462   .2848264    -0.95   0.343    -.8295713    .2892788
   trend_379 |  -.3116512   .3365922    -0.93   0.355    -.9727489    .3494466
   trend_380 |  -.0780967   .2496151    -0.31   0.754    -.5683635    .4121701
   trend_381 |   .5831157   .3136453     1.86   0.064    -.0329123    1.199144
   trend_382 |  -.3324185   .2400876    -1.38   0.167    -.8039723    .1391354
   trend_383 |   .0772296   .2442713     0.32   0.752    -.4025415    .5570007
   trend_384 |   .7146669    .307587     2.32   0.021     .1105381    1.318796
   trend_385 |   .1847083   .2208253     0.84   0.403    -.2490127    .6184292
   trend_386 |   .6080479   .2854568     2.13   0.034     .0473847    1.168711
   trend_387 |  -.3212275   .2205782    -1.46   0.146    -.7544632    .1120083
   trend_388 |  -.3406457   .1799354    -1.89   0.059    -.6940553    .0127639
   trend_389 |  -.2287998   .1779962    -1.29   0.199    -.5784006     .120801
   trend_390 |  -.2595226   .1724727    -1.50   0.133    -.5982746    .0792295
   trend_391 |   .0529875   .1775297     0.30   0.765    -.2956969    .4016719
   trend_392 |   -.166708   .1652665    -1.01   0.314    -.4913064    .1578904
   trend_393 |  -.5841758   .1773197    -3.29   0.001    -.9324478   -.2359037
   trend_394 |   .0201558   .1708608     0.12   0.906    -.3154304     .355742
   trend_395 |   .0859845   .1731632     0.50   0.620    -.2541239    .4260928
   trend_396 |  -.6066347   .1756619    -3.45   0.001    -.9516507   -.2616186
   trend_397 |  -.3637152   .2424388    -1.50   0.134     -.839887    .1124566
   trend_398 |  -.4971218   .1684125    -2.95   0.003    -.8278993   -.1663443
   trend_399 |  -.6749213   .1869825    -3.61   0.000    -1.042172   -.3076706
   trend_400 |  -.0991997   .2001966    -0.50   0.620    -.4924041    .2940047
   trend_401 |  -.0497602   .1725564    -0.29   0.773    -.3886768    .2891563
   trend_402 |  -.2594381    .170341    -1.52   0.128    -.5940034    .0751272
   trend_403 |   .8183837   .2537691     3.22   0.001      .319958    1.316809
   trend_404 |  -.9781458    .174678    -5.60   0.000    -1.321229   -.6350623
   trend_405 |   .6314378   .1711961     3.69   0.000      .295193    .9676826
   trend_406 |  -.4572548   .3060496    -1.49   0.136    -1.058364    .1438546
   trend_407 |   1.300932   .2229155     5.84   0.000     .8631053    1.738758
   trend_408 |    .534071   .2544079     2.10   0.036     .0343907    1.033751
   trend_409 |  -.6523656   .1629848    -4.00   0.000    -.9724826   -.3322486
   trend_410 |   .3948985   .2721089     1.45   0.147    -.1395482    .9293452
   trend_411 |   .7028319   .2168749     3.24   0.001     .2768698    1.128794
   trend_412 |   1.187504   .1892543     6.27   0.000      .815791    1.559217
   trend_413 |   .4810644   .1950604     2.47   0.014      .097948    .8641808
   trend_414 |    1.70388   .2063755     8.26   0.000      1.29854    2.109221
   trend_415 |   .0525394   .1767556     0.30   0.766    -.2946248    .3997035
   trend_416 |   .0901242   .2171775     0.41   0.678    -.3364321    .5166805
   trend_417 |   .3833381   .2119107     1.81   0.071    -.0328738      .79955
   trend_418 |   .6265163   .2236012     2.80   0.005     .1873432    1.065689
   trend_419 |     .19431   .1929163     1.01   0.314    -.1845951    .5732152
   trend_420 |   .0136717   .1738999     0.08   0.937    -.3278835    .3552268
   trend_421 |   .3425301   .1938199     1.77   0.078    -.0381498      .72321
   trend_422 |   .1120266   .1732676     0.65   0.518    -.2282868      .45234
   trend_423 |   .7303787   .2094624     3.49   0.001     .3189755    1.141782
   trend_424 |   .5494144   .2288179     2.40   0.017     .0999953    .9988335
   trend_425 |   .0551366    .193985     0.28   0.776    -.3258677    .4361409
   trend_426 |  -.0008957   .2191671    -0.00   0.997    -.4313599    .4295685
   trend_427 |   -.035491   .1613381    -0.22   0.826    -.3523736    .2813917
   trend_428 |   .3108499   .1771276     1.75   0.080    -.0370448    .6587445
   trend_429 |   .6211119   .1602613     3.88   0.000     .3063442    .9358796
   trend_430 |   .2006765   .2255467     0.89   0.374    -.2423177    .6436708
   trend_431 |   .1502929   .1947183     0.77   0.441    -.2321516    .5327373
   trend_432 |   .3478513   .1859976     1.87   0.062    -.0174649    .7131675
   trend_433 |   -.223835   .1762556    -1.27   0.205    -.5700169     .122347
   trend_434 |   .0089347   .2425346     0.04   0.971    -.4674253    .4852946
   trend_435 |   .1788276   .1937961     0.92   0.357    -.2018055    .5594606
   trend_436 |   .1245283   .2287271     0.54   0.586    -.3247125    .5737692
   trend_437 |   -.067306   .2350311    -0.29   0.775    -.5289284    .3943165
   trend_438 |   .0306844   .1894059     0.16   0.871    -.3413261    .4026949
   trend_439 |  -.4619922   .2240051    -2.06   0.040    -.9019586   -.0220257
   trend_440 |   -.069962   .1919443    -0.36   0.716    -.4469581    .3070342
   trend_441 |   .0101564   .2218695     0.05   0.964    -.4256155    .4459282
   trend_442 |  -.0552404   .2291254    -0.24   0.810    -.5052636    .3947828
   trend_443 |   .3677639   .2243102     1.64   0.102    -.0728017    .8083295
   trend_444 |  -.3576867   .1901377    -1.88   0.060    -.7311345    .0157612
   trend_445 |   .7468101   .8553497     0.87   0.383    -.9331747    2.426795
   trend_446 |   .5622946   .2049961     2.74   0.006     .1596636    .9649256
   trend_447 |   .2196691   .1653116     1.33   0.184    -.1050181    .5443562
   trend_448 |  -.1687647   .1965399    -0.86   0.391    -.5547869    .2172576
   trend_449 |  -1.633876     .19017    -8.59   0.000    -2.007387   -1.260365
   trend_450 |  -.3206634   .1911337    -1.68   0.094    -.6960674    .0547407
   trend_451 |  -.7941315    .195067    -4.07   0.000    -1.177261   -.4110022
   trend_452 |   .2175296   .1987787     1.09   0.274    -.1728898    .6079489
   trend_453 |  -.4724224   .2051748    -2.30   0.022    -.8754044   -.0694405
   trend_454 |  -.6902071   .1964488    -3.51   0.000     -1.07605   -.3043637
   trend_455 |  -.2894674   .1883508    -1.54   0.125    -.6594055    .0804707
   trend_456 |  -.6513311   .1733267    -3.76   0.000    -.9917604   -.3109018
   trend_457 |  -3.942857   .1963386   -20.08   0.000    -4.328483    -3.55723
   trend_458 |   1.076033   .1816411     5.92   0.000     .7192732    1.432792
   trend_459 |   .1404266    .192701     0.73   0.466    -.2380558     .518909
   trend_460 |   1.230038   .1594378     7.71   0.000     .9168874    1.543188
   trend_461 |   .7359637   .1622707     4.54   0.000     .4172492    1.054678
   trend_462 |   2.009849   .1625933    12.36   0.000     1.690501    2.329197
   trend_463 |   .3725033   .1823273     2.04   0.042     .0143959    .7306108
   trend_464 |   1.514451   .1751139     8.65   0.000     1.170511    1.858391
   trend_465 |   1.611863   .1983734     8.13   0.000     1.222239    2.001486
   trend_466 |   .8060484   .1630067     4.94   0.000     .4858884    1.126208
   trend_467 |   1.594148   .1623569     9.82   0.000     1.275264    1.913031
   trend_468 |   2.308639   .1702331    13.56   0.000     1.974286    2.642993
   trend_469 |    .691257   .1647546     4.20   0.000      .367664     1.01485
   trend_470 |   1.048507   .1645763     6.37   0.000     .7252644     1.37175
   trend_471 |   1.003878   .1733162     5.79   0.000     .6634695    1.344287
   trend_472 |   2.848484   .1830529    15.56   0.000     2.488952    3.208017
   trend_473 |   1.842693   .1545151    11.93   0.000     1.539211    2.146175
   trend_474 |   .2307599   .1949244     1.18   0.237    -.1520893    .6136091
   trend_475 |   .1453725   .1628294     0.89   0.372    -.1744392    .4651843
   trend_476 |   .0977404   .1746674     0.56   0.576    -.2453224    .4408031
   trend_477 |   .1980704   .1601776     1.24   0.217     -.116533    .5126737
   trend_478 |  -.1000754   .1605702    -0.62   0.533      -.41545    .2152991
   trend_479 |  -.0827396   .1779884    -0.46   0.642    -.4323251    .2668459
   trend_480 |   .5495324   .1757686     3.13   0.002     .2043069    .8947579
   trend_481 |  -.3765933   .1623036    -2.32   0.021    -.6953723   -.0578143
   trend_482 |  -.0353357   .1774318    -0.20   0.842    -.3838279    .3131565
   trend_483 |    .141808   .1607003     0.88   0.378     -.173822     .457438
   trend_484 |  -.1540457   .1808744    -0.85   0.395    -.5092996    .2012082
   trend_485 |  -.1610147     .17578    -0.92   0.360    -.5062625    .1842332
   trend_486 |   .0958884   .1762159     0.54   0.587    -.2502157    .4419925
   trend_487 |  -.1270789   .1840464    -0.69   0.490    -.4885627    .2344049
   trend_488 |  -.0362882   .1699701    -0.21   0.831     -.370125    .2975485
   trend_489 |   .5045041   .1795629     2.81   0.005     .1518262     .857182
   trend_490 |  -.1727919   .1778455    -0.97   0.332    -.5220967    .1765129
   trend_491 |   .6561774   .2763638     2.37   0.018     .1133738    1.198981
   trend_492 |  -.4698132   .2670034    -1.76   0.079    -.9942322    .0546059
   trend_493 |  -.3452278   .4066987    -0.85   0.396    -1.144021    .4535655
   trend_494 |  -.3987834   .1630112    -2.45   0.015    -.7189522   -.0786146
   trend_495 |  -.4532353   .2780321    -1.63   0.104    -.9993156     .092845
   trend_496 |  -1.300966     .28049    -4.64   0.000    -1.851874   -.7500585
   trend_497 |  -.5557717   .2832753    -1.96   0.050     -1.11215    .0006068
   trend_498 |  -1.072861   .2837217    -3.78   0.000    -1.630116   -.5156057
   trend_499 |  -1.101399   .1747238    -6.30   0.000    -1.444573   -.7582259
   trend_500 |  -.9341509   .1941521    -4.81   0.000    -1.315483   -.5528185
   trend_501 |  -.3971406   .1703266    -2.33   0.020    -.7316775   -.0626037
   trend_502 |  -.9445599   .2860975    -3.30   0.001    -1.506482   -.3826383
   trend_503 |     .13491   .3075587     0.44   0.661    -.4691632    .7389832
   trend_504 |  -1.226278   .1768592    -6.93   0.000    -1.573646   -.8789108
   trend_505 |  -.0156934   .2670203    -0.06   0.953    -.5401456    .5087587
   trend_506 |   2.407166   .1707399    14.10   0.000     2.071817    2.742515
   trend_507 |   .1952452    .166428     1.17   0.241    -.1316346    .5221249
   trend_508 |    .567837   .1596825     3.56   0.000      .254206     .881468
   trend_509 |  -.1077197   .1635534    -0.66   0.510    -.4289534     .213514
   trend_510 |  -.0572089   .1594529    -0.36   0.720    -.3703888    .2559711
   trend_511 |   .2909737   .1733473     1.68   0.094    -.0494962    .6314435
   trend_512 |   .8871103   .1821933     4.87   0.000      .529266    1.244954
   trend_513 |   .1915607   .1673911     1.14   0.253    -.1372105     .520332
   trend_514 |  -.2757166   .1596424    -1.73   0.085    -.5892687    .0378355
   trend_515 |   .7876548   .1681499     4.68   0.000     .4573931    1.117917
   trend_516 |  -.6465103   .1801257    -3.59   0.000    -1.000294   -.2927271
   trend_517 |   .1547482   .1679918     0.92   0.357    -.1752031    .4846994
   trend_518 |   .5070806   .1598301     3.17   0.002     .1931597    .8210015
   trend_519 |   .2484416   .1595822     1.56   0.120    -.0649925    .5618756
   trend_520 |  -.0768724   .1611086    -0.48   0.633    -.3933044    .2395596
   trend_521 |   .8101159   .1714957     4.72   0.000     .4732828    1.146949
   trend_522 |   .2957504    .171152     1.73   0.085    -.0404076    .6319084
   trend_523 |   .3319569   .1615786     2.05   0.040     .0146017    .6493121
   trend_524 |   .7364874   .1607115     4.58   0.000     .4208354     1.05214
   trend_525 |  -.0311667   .1608313    -0.19   0.846    -.3470541    .2847207
   trend_526 |   .2401854   .1702918     1.41   0.159    -.0942832    .5746541
   trend_527 |   .9635093   .1632292     5.90   0.000     .6429123    1.284106
   trend_528 |  -.3165213   .1803711    -1.75   0.080    -.6707865     .037744
   trend_529 |   .5179303   .1839865     2.82   0.005     .1565641    .8792965
   trend_530 |   .7355313   .1771105     4.15   0.000     .3876701    1.083393
   trend_531 |   .9885747   .1833502     5.39   0.000     .6284582    1.348691
   trend_532 |   .1530138    .168191     0.91   0.363    -.1773285    .4833562
   trend_533 |   .1613845   .1673593     0.96   0.335    -.1673245    .4900935
   trend_534 |   .1565257   .1716482     0.91   0.362     -.180607    .4936584
   trend_535 |  -.1314312     .16783    -0.78   0.434    -.4610645    .1982021
   trend_536 |   .3859758   .1721908     2.24   0.025     .0477773    .7241742
   trend_537 |   .1566844   .1704947     0.92   0.358    -.1781828    .4915516
   trend_538 |  -.1118898   .1601214    -0.70   0.485    -.4263829    .2026033
   trend_539 |  -.0604199   .1607133    -0.38   0.707    -.3760756    .2552357
   trend_540 |  -.1318207   .1757122    -0.75   0.453    -.4769354    .2132941
   trend_541 |  -.1288794   .1608739    -0.80   0.423    -.4448505    .1870916
   trend_542 |  -.2118075   .1589094    -1.33   0.183      -.52392    .1003051
   trend_543 |   .6189975   .1709588     3.62   0.000      .283219    .9547761
   trend_544 |  -.1907899   .1822971    -1.05   0.296    -.5488379    .1672581
   trend_545 |  -.2481632   .1680591    -1.48   0.140    -.5782465    .0819201
   trend_546 |   -.229619   .1703337    -1.35   0.178    -.5641698    .1049319
   trend_547 |   -1.21609   .1811825    -6.71   0.000    -1.571949   -.8602311
   trend_548 |  -.0926809   .1612446    -0.57   0.566    -.4093799    .2240182
   trend_549 |  -.0252564   .1700995    -0.15   0.882    -.3593473    .3088346
   trend_550 |  -.2336945   .1728721    -1.35   0.177    -.5732311    .1058421
   trend_551 |  -.6905367    .169012    -4.09   0.000    -1.022492   -.3585818
   trend_552 |  -.0965116   .1739357    -0.55   0.579    -.4381373     .245114
   trend_553 |  -.0053703   .1862837    -0.03   0.977    -.3712484    .3605079
   trend_554 |  -.9637475    .160886    -5.99   0.000    -1.279742   -.6477528
   trend_555 |  -.3837579   .1602652    -2.39   0.017    -.6985333   -.0689826
   trend_556 |  -.1278075   .1687949    -0.76   0.449    -.4593359     .203721
   trend_557 |  -.0245006   .1613255    -0.15   0.879    -.3413586    .2923574
   trend_558 |  -.7492238   .1591135    -4.71   0.000    -1.061737   -.4367103
   trend_559 |    .037491   .1664535     0.23   0.822    -.2894388    .3644209
   trend_560 |    .432408   .1735245     2.49   0.013     .0915902    .7732259
   trend_561 |   .4248255   .2654069     1.60   0.110    -.0964579    .9461089
   trend_562 |   .1006091   .0452717     2.22   0.027     .0116913    .1895269
   trend_563 |    .551091   .2527623     2.18   0.030     .0546428    1.047539
   trend_564 |   .5918622   .1983391     2.98   0.003     .2023061    .9814183
   trend_565 |   .5864514    .064004     9.16   0.000     .4607418    .7121611
   trend_566 |   .8431911   .0731031    11.53   0.000       .69961    .9867722
   trend_567 |   .0626424   .3672269     0.17   0.865    -.6586247    .7839095
   trend_568 |   .1170625   .0503211     2.33   0.020     .0182273    .2158978
   trend_569 |   .1333412   .1680746     0.79   0.428    -.1967725     .463455
   trend_570 |   1.078411   .0938719    11.49   0.000     .8940379    1.262784
   trend_571 |   .3955011   .1954068     2.02   0.043     .0117042    .7792979
   trend_572 |   .8408656   .0773422    10.87   0.000     .6889585    .9927727
   trend_573 |   .0342952   .0524218     0.65   0.513     -.068666    .1372563
   trend_574 |   .5182041   .0832466     6.22   0.000     .3547002     .681708
   trend_575 |  -.0652678   .2690939    -0.24   0.808    -.5937927    .4632572
   trend_576 |   1.281271   .2017116     6.35   0.000     .8850913    1.677451
   trend_577 |          0  (omitted)
MismoParti~G |   .0628042   .2063733     0.30   0.761    -.3425318    .4681402
       _cons |   3.571437   2.286067     1.56   0.119    -.9186065     8.06148
------------------------------------------------------------------------------
r; t=33.83 15:43:58

. areg prop Corrupt_25 grade_1 grade_2 Turn_* yy_* HOMI_CAP_MUN  total mis_tot 
> P_* CorruptPast_25 Already Auditada trend* MismoPartidoG,  absorb(clave_mun) 
> cluster(clave_mun)
note: Turn_4 omitted because of collinearity.
note: yy_1 omitted because of collinearity.
note: yy_2 omitted because of collinearity.
note: yy_3 omitted because of collinearity.
note: yy_11 omitted because of collinearity.
note: P_79 omitted because of collinearity.
note: P_82 omitted because of collinearity.
note: P_L_70 omitted because of collinearity.
note: P_L_73 omitted because of collinearity.
note: trend_345 omitted because of collinearity.
note: trend_577 omitted because of collinearity.

Linear regression, absorbing indicators            Number of obs     = 340,009
Absorbed variable: clave_mun                       No. of categories =     577
                                                   F(126, 576)       =       .
                                                   Prob > F          =       .
                                                   R-squared         =  0.0956
                                                   Adj R-squared     =  0.0920
                                                   Root MSE          = 11.8588

                            (Std. err. adjusted for 577 clusters in clave_mun)
------------------------------------------------------------------------------
             |               Robust
        prop | Coefficient  std. err.      t    P>|t|     [95% conf. interval]
-------------+----------------------------------------------------------------
  Corrupt_25 |   .4501126   .1748877     2.57   0.010     .1066172    .7936079
     grade_1 |  -2.652549   .1104698   -24.01   0.000    -2.869522   -2.435576
     grade_2 |  -.8707295   .0593888   -14.66   0.000    -.9873745   -.7540846
      Turn_1 |  -2.099966   1.830214    -1.15   0.252    -5.694673     1.49474
      Turn_2 |  -2.558997   1.816829    -1.41   0.160    -6.127415    1.009421
      Turn_3 |  -2.194215   1.906042    -1.15   0.250    -5.937855    1.549424
      Turn_4 |          0  (omitted)
        yy_1 |          0  (omitted)
        yy_2 |          0  (omitted)
        yy_3 |          0  (omitted)
        yy_4 |  -1.178426   1.138215    -1.04   0.301    -3.413983    1.057132
        yy_5 |  -.7947698    .984472    -0.81   0.420    -2.728363    1.138823
        yy_6 |   2.619396   .8637853     3.03   0.003     .9228433    4.315949
        yy_7 |   .7546661   .6909381     1.09   0.275    -.6023992    2.111731
        yy_8 |   1.154288   .5560425     2.08   0.038     .0621702    2.246406
        yy_9 |  -.0826099   .3760909    -0.22   0.826    -.8212867    .6560669
       yy_10 |   2.876804   .3323992     8.65   0.000     2.223942    3.529666
       yy_11 |          0  (omitted)
HOMI_CAP_MUN |  -120.9625   207.0845    -0.58   0.559    -527.6953    285.7702
       total |  -1.72e-10   1.60e-10    -1.08   0.281    -4.86e-10    1.41e-10
     mis_tot |  -.4996054   .4413363    -1.13   0.258     -1.36643    .3672193
         P_1 |   3.593763   1.436556     2.50   0.013     .7722362     6.41529
         P_2 |   .6888622   1.060849     0.65   0.516    -1.394741    2.772465
         P_3 |   3.821101   1.276706     2.99   0.003     1.313534    6.328669
         P_4 |   2.123923   1.499501     1.42   0.157    -.8212333    5.069079
         P_5 |   3.190239   1.116159     2.86   0.004     .9980005    5.382477
         P_6 |   1.729737   1.068751     1.62   0.106    -.3693878    3.828861
         P_7 |   5.020484   1.264933     3.97   0.000      2.53604    7.504927
         P_8 |   1.213532   1.209603     1.00   0.316    -1.162238    3.589302
         P_9 |   2.948973   1.094926     2.69   0.007       .79844    5.099507
        P_10 |   2.241562    1.25772     1.78   0.075     -.228714    4.711839
        P_11 |   .2435975   1.228672     0.20   0.843    -2.169627    2.656822
        P_12 |   1.978122   1.342522     1.47   0.141    -.6587134    4.614958
        P_13 |   2.596471   1.164034     2.23   0.026     .3102014     4.88274
        P_14 |   2.516086   1.368963     1.84   0.067    -.1726825    5.204855
        P_15 |   1.504757   1.074698     1.40   0.162    -.6060474    3.615561
        P_16 |   2.071484   1.148472     1.80   0.072    -.1842194    4.327187
        P_17 |   1.476316   1.237663     1.19   0.233    -.9545679    3.907199
        P_18 |  -10.53834   1.643846    -6.41   0.000      -13.767   -7.309675
        P_19 |   1.678489   1.086986     1.54   0.123    -.4564503    3.813428
        P_20 |   3.774219   1.183922     3.19   0.002     1.448888    6.099551
        P_21 |    1.32349   1.073426     1.23   0.218     -.784816    3.431796
        P_22 |   1.583686   1.083151     1.46   0.144    -.5437209    3.711093
        P_23 |   2.344545    1.15888     2.02   0.044     .0683987    4.620692
        P_24 |   3.685469   1.136695     3.24   0.001     1.452896    5.918041
        P_25 |   3.294391   1.250237     2.64   0.009     .8388127     5.74997
        P_26 |   2.267342   1.147224     1.98   0.049     .0140888    4.520595
        P_27 |   1.803204   1.077339     1.67   0.095    -.3127891    3.919196
        P_28 |   2.055174   1.189878     1.73   0.085    -.2818543    4.392202
        P_29 |   .9962693   1.157256     0.86   0.390    -1.276687    3.269225
        P_30 |   3.474306   1.184914     2.93   0.004     1.147027    5.801586
        P_31 |   4.237999    1.68525     2.51   0.012     .9280144    7.547983
        P_32 |   4.466262   1.164301     3.84   0.000     2.179468    6.753056
        P_33 |  -.4659358   1.167414    -0.40   0.690    -2.758844    1.826972
        P_34 |   2.591971   1.302336     1.99   0.047     .0340643    5.149877
        P_35 |   3.626938   1.217622     2.98   0.003     1.235418    6.018458
        P_36 |   3.095189   1.102543     2.81   0.005     .9296941    5.260684
        P_37 |   2.162803   1.227546     1.76   0.079    -.2482094    4.573815
        P_38 |   3.806433   1.164098     3.27   0.001     1.520039    6.092828
        P_39 |   3.425498   1.136565     3.01   0.003     1.193181    5.657816
        P_40 |   3.390728   1.099125     3.08   0.002     1.231946    5.549509
        P_41 |   2.492291   1.087055     2.29   0.022      .357216    4.627367
        P_42 |  -6.185479   1.296873    -4.77   0.000    -8.732655   -3.638304
        P_43 |   1.777381   1.208312     1.47   0.142    -.5958531    4.150616
        P_44 |   -1.19287   1.151791    -1.04   0.301    -3.455093    1.069352
        P_45 |   2.317275    1.14817     2.02   0.044     .0621654    4.572385
        P_46 |  -5.671795   1.347722    -4.21   0.000    -8.318843   -3.024748
        P_47 |   2.309866   1.214785     1.90   0.058    -.0760816    4.695814
        P_48 |   2.905271   1.218733     2.38   0.017      .511568    5.298974
        P_49 |  -.2782789   1.135404    -0.25   0.806    -2.508316    1.951758
        P_50 |   3.577096   1.344095     2.66   0.008     .9371717    6.217021
        P_51 |   1.193293   1.065249     1.12   0.263    -.8989525    3.285538
        P_52 |   2.904083   1.351271     2.15   0.032     .2500628    5.558103
        P_53 |   1.345974   1.194484     1.13   0.260    -1.000101    3.692048
        P_54 |   .8037557   1.160768     0.69   0.489    -1.476099    3.083611
        P_55 |  -2.784044   1.069872    -2.60   0.010    -4.885369   -.6827185
        P_56 |   -12.4186   1.400991    -8.86   0.000    -15.17027   -9.666928
        P_57 |   3.187085   1.082298     2.94   0.003     1.061352    5.312818
        P_58 |   1.897908     1.0993     1.73   0.085     -.261216    4.057033
        P_59 |   1.549996    1.39467     1.11   0.267    -1.189263    4.289255
        P_60 |   1.733408   1.216617     1.42   0.155    -.6561384    4.122954
        P_61 |   .7853062   1.086164     0.72   0.470    -1.348018     2.91863
        P_62 |   2.003398   1.054024     1.90   0.058    -.0668003    4.073597
        P_63 |   1.164028   1.234398     0.94   0.346    -1.260442    3.588499
        P_64 |   1.984955   1.237989     1.60   0.109    -.4465675    4.416477
        P_65 |  -.0982508   2.395754    -0.04   0.967     -4.80373    4.607228
        P_66 |   1.194666   1.074655     1.11   0.267    -.9160536    3.305386
        P_67 |   2.279339   1.032515     2.21   0.028     .2513859    4.307293
        P_68 |   .5948746   1.127532     0.53   0.598    -1.619701     2.80945
        P_69 |   .2946031   1.104083     0.27   0.790    -1.873916    2.463122
        P_70 |   7.346597    3.12631     2.35   0.019      1.20624    13.48695
        P_71 |   3.331865   1.714893     1.94   0.053    -.0363416    6.700072
        P_72 |   1.920042   1.314129     1.46   0.145    -.6610269    4.501111
        P_73 |    1.87232   1.034617     1.81   0.071    -.1597613    3.904402
        P_74 |   3.592918   1.099997     3.27   0.001     1.432423    5.753412
        P_75 |   2.251723   1.352324     1.67   0.096    -.4043645     4.90781
        P_76 |   1.315436   1.347236     0.98   0.329    -1.330659     3.96153
        P_77 |   4.438458   1.528277     2.90   0.004     1.436782    7.440133
        P_78 |   3.074424   1.335181     2.30   0.022     .4520065    5.696842
        P_79 |          0  (omitted)
        P_80 |   2.788854   1.136425     2.45   0.014     .5568124    5.020896
        P_81 |    4.36207   1.536518     2.84   0.005     1.344209    7.379931
        P_82 |          0  (omitted)
       P_L_1 |   1.701798   1.165848     1.46   0.145    -.5880325    3.991629
       P_L_2 |  -1.592865   .9238076    -1.72   0.085    -3.407307    .2215776
       P_L_3 |   .4678056   .9883152     0.47   0.636    -1.473335    2.408947
       P_L_4 |    .873192   1.234527     0.71   0.480    -1.551531    3.297915
       P_L_5 |   .5204599    1.12088     0.46   0.643    -1.681051    2.721971
       P_L_6 |   .5420588   .9851112     0.55   0.582    -1.392789    2.476907
       P_L_7 |  -.2876418   1.072405    -0.27   0.789    -2.393943    1.818659
       P_L_8 |  -.1255615   .9589416    -0.13   0.896     -2.00901    1.757887
       P_L_9 |   1.868716   .9374856     1.99   0.047     .0274084    3.710023
      P_L_10 |   1.071294   1.168666     0.92   0.360    -1.224072    3.366661
      P_L_11 |  -.0242722   1.047741    -0.02   0.982     -2.08213    2.033586
      P_L_12 |   2.271679   .9563534     2.38   0.018     .3933135    4.150044
      P_L_13 |   9.856409   .9947771     9.91   0.000     7.902576    11.81024
      P_L_14 |  -.3458141   1.032338    -0.33   0.738    -2.373419    1.681791
      P_L_15 |   -.805308   1.226475    -0.66   0.512    -3.214217    1.603601
      P_L_16 |  -1.961456   1.018429    -1.93   0.055    -3.961742    .0388303
      P_L_17 |   1.188811   1.006971     1.18   0.238    -.7889717    3.166594
      P_L_18 |   1.951958    .996899     1.96   0.051    -.0060425    3.909958
      P_L_19 |   -32.2464   2.973535   -10.84   0.000     -38.0867   -26.40611
      P_L_20 |  -1.242021   .9514015    -1.31   0.192     -3.11066    .6266181
      P_L_21 |  -1.152592    .965381    -1.19   0.233    -3.048688    .7435043
      P_L_22 |   .5890317   .9477432     0.62   0.535    -1.272422    2.450486
      P_L_23 |   .6372656   .8996313     0.71   0.479    -1.129692    2.404223
      P_L_24 |   2.549821    1.22445     2.08   0.038     .1448895    4.954753
      P_L_25 |   .7091297   .9508575     0.75   0.456    -1.158441      2.5767
      P_L_26 |   1.155019   .9746186     1.19   0.236    -.7592202    3.069259
      P_L_27 |   -2.99715   .9357103    -3.20   0.001     -4.83497    -1.15933
      P_L_28 |    .458383   .9117651     0.50   0.615    -1.332407    2.249173
      P_L_29 |   1.706654   1.376819     1.24   0.216    -.9975443    4.410852
      P_L_30 |   1.056147   .9907576     1.07   0.287    -.8897912    3.002085
      P_L_31 |    1.69535   1.038715     1.63   0.103    -.3447803     3.73548
      P_L_32 |   2.158592   1.282488     1.68   0.093    -.3603323    4.677516
      P_L_33 |   .4773625   .9019148     0.53   0.597     -1.29408    2.248805
      P_L_34 |   .8268724   .9060784     0.91   0.362    -.9527481    2.606493
      P_L_35 |  -.0973844   1.685568    -0.06   0.954    -3.407994    3.213225
      P_L_36 |   .1470911   .9749053     0.15   0.880    -1.767712    2.061894
      P_L_37 |   .1951411   .9408736     0.21   0.836     -1.65282    2.043102
      P_L_38 |  -6.719916   1.119642    -6.00   0.000    -8.918995   -4.520837
      P_L_39 |  -2.531169   1.912825    -1.32   0.186    -6.288132    1.225794
      P_L_40 |   3.172581    1.07761     2.94   0.003     1.056057    5.289105
      P_L_41 |   2.830501    1.11187     2.55   0.011      .646687    5.014314
      P_L_42 |  -5.828016   1.123519    -5.19   0.000     -8.03471   -3.621322
      P_L_43 |   2.419209   .9816578     2.46   0.014     .4911437    4.347274
      P_L_44 |   1.385076   1.128843     1.23   0.220    -.8320736    3.602226
      P_L_45 |  -1.071486   .9365596    -1.14   0.253    -2.910974    .7680027
      P_L_46 |  -.6831871   .9957679    -0.69   0.493    -2.638966    1.272592
      P_L_47 |  -.6421522   1.210376    -0.53   0.596    -3.019442    1.735137
      P_L_48 |   2.820704   1.007138     2.80   0.005     .8425928    4.798816
      P_L_49 |   1.624751   .9493156     1.71   0.088    -.2397914    3.489293
      P_L_50 |   1.658408   1.333283     1.24   0.214     -.960281    4.277097
      P_L_51 |   3.403718   .8929455     3.81   0.000     1.649892    5.157544
      P_L_52 |   .6293874   .8847275     0.71   0.477    -1.108298    2.367073
      P_L_53 |   1.025332    1.80052     0.57   0.569    -2.511053    4.561716
      P_L_54 |  -.7939091   2.604317    -0.30   0.761    -5.909025    4.321207
      P_L_55 |   .3275179   1.068409     0.31   0.759    -1.770935    2.425971
      P_L_56 |   .2238346   .8883168     0.25   0.801    -1.520901     1.96857
      P_L_57 |   .6067017   .8777602     0.69   0.490    -1.117299    2.330703
      P_L_58 |  -.4461186     .99754    -0.45   0.655    -2.405378    1.513141
      P_L_59 |   4.291793   .9058159     4.74   0.000     2.512688    6.070898
      P_L_60 |  -1.334669   1.227452    -1.09   0.277    -3.745496    1.076158
      P_L_61 |  -6.460604   5.625583    -1.15   0.251    -17.50976    4.588552
      P_L_62 |  -.6752284   1.075607    -0.63   0.530    -2.787819    1.437362
      P_L_63 |  -.6920939   2.099184    -0.33   0.742    -4.815082    3.430894
      P_L_64 |   3.740357   .9891922     3.78   0.000     1.797493     5.68322
      P_L_65 |   .7678291   1.087678     0.71   0.481     -1.36847    2.904128
      P_L_66 |   3.261911   1.256118     2.60   0.010     .7947818     5.72904
      P_L_67 |   2.425716   1.362324     1.78   0.076    -.2500132    5.101444
      P_L_68 |   4.187733   1.259856     3.32   0.001      1.71326    6.662206
      P_L_69 |  -4.193836   1.647336    -2.55   0.011    -7.429354   -.9583167
      P_L_70 |          0  (omitted)
      P_L_71 |    .572234   .9323289     0.61   0.540    -1.258945    2.403413
      P_L_72 |   5.480638   1.125312     4.87   0.000     3.270423    7.690853
      P_L_73 |          0  (omitted)
CorruptPa~25 |   .1624554   .2201507     0.74   0.461    -.2699407    .5948515
AlreadyAud~d |  -.2229146    .194084    -1.15   0.251    -.6041133    .1582841
    Auditada |  -.1661504   .1236592    -1.34   0.180    -.4090284    .0767277
     trend_1 |  -.2049366   .2429226    -0.84   0.399    -.6820587    .2721854
     trend_2 |  -.0663033   .2363546    -0.28   0.779    -.5305252    .3979187
     trend_3 |  -.0522973   .2245133    -0.23   0.816    -.4932619    .3886673
     trend_4 |    .253912   .2374501     1.07   0.285    -.2124617    .7202856
     trend_5 |  -.1250028   .2453562    -0.51   0.611    -.6069047    .3568991
     trend_6 |  -.2888746   .2204105    -1.31   0.191    -.7217808    .1440316
     trend_7 |  -.3803928   .2493392    -1.53   0.128    -.8701177    .1093321
     trend_8 |  -.0829049   .2188914    -0.38   0.705    -.5128276    .3470177
     trend_9 |  -.2544577   .2437663    -1.04   0.297    -.7332369    .2243216
    trend_10 |  -.3181102   .2862128    -1.11   0.267    -.8802582    .2440378
    trend_11 |   -1.42054   .3251678    -4.37   0.000    -2.059199   -.7818803
    trend_12 |  -1.483007   .3223689    -4.60   0.000    -2.116169   -.8498447
    trend_13 |  -1.247851   .3183353    -3.92   0.000     -1.87309   -.6226114
    trend_14 |   -1.38696   .3438217    -4.03   0.000    -2.062257    -.711663
    trend_15 |  -1.766235   .2906831    -6.08   0.000    -2.337163   -1.195307
    trend_16 |   .0642161   .1741969     0.37   0.713    -.2779225    .4063546
    trend_17 |   -.144776   .1636941    -0.88   0.377    -.4662861     .176734
    trend_18 |  -.1703425    .171319    -0.99   0.320    -.5068287    .1661437
    trend_19 |  -.0073399     .16941    -0.04   0.965    -.3400766    .3253967
    trend_20 |   .2265532   .2225583     1.02   0.309    -.2105717     .663678
    trend_21 |   -.438539   .3000754    -1.46   0.144    -1.027914    .1508364
    trend_22 |  -.0976696   .1706264    -0.57   0.567    -.4327954    .2374561
    trend_23 |  -.5224465    .296027    -1.76   0.078     -1.10387    .0589775
    trend_24 |  -.3760789   .2998247    -1.25   0.210     -.964962    .2128042
    trend_25 |    .104592    .168011     0.62   0.534     -.225397    .4345809
    trend_26 |    1.42554    .167508     8.51   0.000     1.096539    1.754541
    trend_27 |  -.5969721   .2905035    -2.05   0.040    -1.167547   -.0263967
    trend_28 |   2.117244   .1704912    12.42   0.000     1.782384    2.452104
    trend_29 |  -.0313444   .2994601    -0.10   0.917    -.6195114    .5568225
    trend_30 |   -.689775   .2993195    -2.30   0.022    -1.277666   -.1018843
    trend_31 |   .4692009   .1687498     2.78   0.006      .137761    .8006407
    trend_32 |  -.6553459   .1632399    -4.01   0.000    -.9759639    -.334728
    trend_33 |  -.4657987   .1842935    -2.53   0.012     -.827768   -.1038294
    trend_34 |  -.2759185   .3097106    -0.89   0.373    -.8842182    .3323813
    trend_35 |  -.1424055   .2926919    -0.49   0.627     -.717279    .4324681
    trend_36 |   -1.49845   .1850214    -8.10   0.000    -1.861849   -1.135051
    trend_37 |  -.1088673   .1864656    -0.58   0.560    -.4751027    .2573681
    trend_38 |  -.4947139   .1821858    -2.72   0.007    -.8525434   -.1368845
    trend_39 |   .3177475    .440069     0.72   0.471    -.5465881    1.182083
    trend_40 |  -.3741881   .1647691    -2.27   0.024    -.6978095   -.0505666
    trend_41 |  -.3499667   .1664737    -2.10   0.036    -.6769362   -.0229973
    trend_42 |  -.4940473   .1726436    -2.86   0.004     -.833135   -.1549595
    trend_43 |  -.6195574   .1682076    -3.68   0.000    -.9499325   -.2891824
    trend_44 |   -.609577   .1703818    -3.58   0.000    -.9442224   -.2749315
    trend_45 |   .3494915   .1717379     2.04   0.042     .0121828    .6868003
    trend_46 |  -.1498258   .1646563    -0.91   0.363    -.4732258    .1735742
    trend_47 |   .0119864   .1708343     0.07   0.944    -.3235478    .3475205
    trend_48 |   .0948479    .165758     0.57   0.567     -.230716    .4204118
    trend_49 |   .0416825   .1676632     0.25   0.804    -.2876234    .3709883
    trend_50 |   .3462984   .1643224     2.11   0.036     .0235543    .6690425
    trend_51 |   .4839996   .1783623     2.71   0.007     .1336798    .8343193
    trend_52 |   .2188618   .1621208     1.35   0.178    -.0995583    .5372818
    trend_53 |  -.0869144   .1658449    -0.52   0.600    -.4126488    .2388201
    trend_54 |  -.4536931   .3033005    -1.50   0.135    -1.049403    .1420167
    trend_55 |   4.173189   .4674753     8.93   0.000     3.255025    5.091353
    trend_56 |    5.62116   .4610044    12.19   0.000     4.715706    6.526615
    trend_57 |   .1806929   .4261836     0.42   0.672    -.6563705    1.017756
    trend_58 |   .5121515   .1680866     3.05   0.002     .1820141    .8422888
    trend_59 |   1.078479     .16963     6.36   0.000     .7453104    1.411648
    trend_60 |   1.251744   .1635034     7.66   0.000     .9306087     1.57288
    trend_61 |   1.046919   .3459756     3.03   0.003     .3673911    1.726446
    trend_62 |   1.373141   .2766265     4.96   0.000     .8298212     1.91646
    trend_63 |   1.788125   .3522498     5.08   0.000     1.096274    2.479976
    trend_64 |   1.612774   .1944961     8.29   0.000     1.230766    1.994782
    trend_65 |   1.282081   .3006869     4.26   0.000     .6915043    1.872657
    trend_66 |   .3189343   .1812906     1.76   0.079     -.037137    .6750056
    trend_67 |   1.767693   .2870445     6.16   0.000     1.203912    2.331475
    trend_68 |   1.054508   .2356303     4.48   0.000     .5917086    1.517307
    trend_69 |   .6460498   .2985553     2.16   0.031     .0596601     1.23244
    trend_70 |   .6882535   .2781912     2.47   0.014     .1418606    1.234646
    trend_71 |   1.807541   .2632345     6.87   0.000     1.290525    2.324558
    trend_72 |   1.237605   .2784087     4.45   0.000     .6907846    1.784425
    trend_73 |   1.121851   .2096656     5.35   0.000     .7100489    1.533653
    trend_74 |   2.200702   .2324981     9.47   0.000     1.744055     2.65735
    trend_75 |   .5091862   .2738215     1.86   0.063    -.0286241    1.046997
    trend_76 |   .8018416     .19781     4.05   0.000     .4133247    1.190359
    trend_77 |   1.463722     .29702     4.93   0.000     .8803476    2.047096
    trend_78 |    1.43266   .3920043     3.65   0.000     .6627276    2.202592
    trend_79 |   .3556222   .2274086     1.56   0.118    -.0910289    .8022733
    trend_80 |   5.144514   .4348632    11.83   0.000     4.290403    5.998625
    trend_81 |   1.737426   .3404001     5.10   0.000     1.068849    2.406003
    trend_82 |   .3201303   .2962631     1.08   0.280    -.2617574     .902018
    trend_83 |   .5524065   .2662201     2.07   0.038      .029526    1.075287
    trend_84 |   1.123093   .2853518     3.94   0.000     .5626356    1.683549
    trend_85 |   .4648672   .3268155     1.42   0.155    -.1770282    1.106763
    trend_86 |   .9628974   .1856106     5.19   0.000     .5983413    1.327453
    trend_87 |   .6913793   .2569517     2.69   0.007     .1867029    1.196056
    trend_88 |  -.1092603   .1858299    -0.59   0.557    -.4742472    .2557266
    trend_89 |   1.893764    .165916    11.41   0.000      1.56789    2.219638
    trend_90 |   2.744351   .2805806     9.78   0.000     2.193265    3.295437
    trend_91 |   .0759731   .2115533     0.36   0.720    -.3395369    .4914831
    trend_92 |   -.055633   .3146144    -0.18   0.860    -.6735643    .5622984
    trend_93 |   .8866795   .2085112     4.25   0.000     .4771446    1.296214
    trend_94 |   -1.34221   .1955956    -6.86   0.000    -1.726378   -.9580429
    trend_95 |   .0342574   .2308295     0.15   0.882    -.4191128    .4876276
    trend_96 |   -.432904   .2511262    -1.72   0.085    -.9261386    .0603307
    trend_97 |  -.0104557   .1918388    -0.05   0.957    -.3872446    .3663333
    trend_98 |   .5115894   .2291819     2.23   0.026     .0614554    .9617235
    trend_99 |  -.8693353   .3226805    -2.69   0.007    -1.503109   -.2355615
   trend_100 |  -.6860223   .2756155    -2.49   0.013    -1.227356   -.1446885
   trend_101 |   .2335455   .2437861     0.96   0.338    -.2452725    .7123636
   trend_102 |   .5850459   .1744618     3.35   0.001     .2423872    .9277047
   trend_103 |  -.5991871   .3092268    -1.94   0.053    -1.206537    .0081624
   trend_104 |    .161802   .1631963     0.99   0.322    -.1587304    .4823344
   trend_105 |   .2119307   .2166068     0.98   0.328    -.2135047    .6373661
   trend_106 |  -.3558727   .1680243    -2.12   0.035    -.6858878   -.0258577
   trend_107 |  -.2881184   .1645575    -1.75   0.081    -.6113243    .0350875
   trend_108 |  -.1365559    .172612    -0.79   0.429    -.4755815    .2024698
   trend_109 |   -.206004   .1646271    -1.25   0.211    -.5293467    .1173386
   trend_110 |   .6895689   .1670337     4.13   0.000     .3614996    1.017638
   trend_111 |  -.3024182   .1728569    -1.75   0.081    -.6419248    .0370885
   trend_112 |  -.5327098   .1658124    -3.21   0.001    -.8583804   -.2070392
   trend_113 |   .3204398   .1659238     1.93   0.054    -.0054496    .6463293
   trend_114 |  -.4319781   .1610612    -2.68   0.008     -.748317   -.1156393
   trend_115 |  -.2977317   .2200972    -1.35   0.177    -.7300226    .1345592
   trend_116 |  -.1548921   .1683814    -0.92   0.358    -.4856085    .1758243
   trend_117 |  -.0300902   .1637736    -0.18   0.854    -.3517564     .291576
   trend_118 |   .4353193    .177656     2.45   0.015     .0863868    .7842517
   trend_119 |  -.3056079   .2099831    -1.46   0.146    -.7180338     .106818
   trend_120 |  -.4317731   .1660583    -2.60   0.010    -.7579267   -.1056195
   trend_121 |   .4231389   .1672271     2.53   0.012     .0946896    .7515881
   trend_122 |  -.0608732   .1964535    -0.31   0.757    -.4467257    .3249793
   trend_123 |  -.0212256   .1702201    -0.12   0.901    -.3555533    .3131022
   trend_124 |   1.153781   .1622741     7.11   0.000     .8350596    1.472502
   trend_125 |  -.2251402   .1672089    -1.35   0.179    -.5535537    .1032733
   trend_126 |  -.3462043    .167003    -2.07   0.039    -.6742135   -.0181951
   trend_127 |   .1667975   .1736634     0.96   0.337    -.1742931    .5078882
   trend_128 |   .7333486   .1690533     4.34   0.000     .4013126    1.065385
   trend_129 |  -.3346676   .1697398    -1.97   0.049     -.668052   -.0012833
   trend_130 |  -.2016707   .1619686    -1.25   0.214    -.5197917    .1164503
   trend_131 |   .6732543   .2648723     2.54   0.011      .153021    1.193488
   trend_132 |    .027061   .1717746     0.16   0.875    -.3103199    .3644419
   trend_133 |   .6970988   .1731482     4.03   0.000       .35702    1.037178
   trend_134 |  -.4055811   .1779617    -2.28   0.023    -.7551142   -.0560481
   trend_135 |   .5969848    .173142     3.45   0.001      .256918    .9370515
   trend_136 |   .1832631   .1705085     1.07   0.283    -.1516312    .5181573
   trend_137 |  -.0218403    .174293    -0.13   0.900    -.3641677    .3204871
   trend_138 |   .0130173   .1658464     0.08   0.937    -.3127201    .3387548
   trend_139 |   .2625164   .1917567     1.37   0.172    -.1141112     .639144
   trend_140 |  -.4342501   .2005046    -2.17   0.031    -.8280594   -.0404407
   trend_141 |  -.2485291    .343022    -0.72   0.469    -.9222556    .4251974
   trend_142 |   .1847347   .1617608     1.14   0.254    -.1329783    .5024477
   trend_143 |  -.6198459   .1736481    -3.57   0.000    -.9609066   -.2787852
   trend_144 |   -.618184   .1767375    -3.50   0.001    -.9653125   -.2710554
   trend_145 |  -.1555431   .1656175    -0.94   0.348    -.4808309    .1697448
   trend_146 |   .9322461   .3225148     2.89   0.004     .2987976    1.565695
   trend_147 |   .3768263   .2054009     1.83   0.067    -.0265998    .7802524
   trend_148 |   1.924609   .1817556    10.59   0.000     1.567624    2.281593
   trend_149 |   1.448818   .1736348     8.34   0.000     1.107784    1.789853
   trend_150 |   .5264071   .2106266     2.50   0.013     .1127172     .940097
   trend_151 |   1.592971   .1612306     9.88   0.000     1.276299    1.909643
   trend_152 |   1.340879   .2153402     6.23   0.000     .9179308    1.763826
   trend_153 |   2.077637   .1883582    11.03   0.000     1.707684     2.44759
   trend_154 |   .6085764   .2454687     2.48   0.013     .1264535    1.090699
   trend_155 |   1.223136     .17612     6.94   0.000     .8772203    1.569052
   trend_156 |   .7652306   .1799267     4.25   0.000     .4118383    1.118623
   trend_157 |   1.304576   .1982096     6.58   0.000     .9152743    1.693878
   trend_158 |   .8504742   .1984432     4.29   0.000     .4607136    1.240235
   trend_159 |  -.1097519   .1998254    -0.55   0.583    -.5022273    .2827234
   trend_160 |   .2086622   .1642293     1.27   0.204    -.1138991    .5312235
   trend_161 |  -.1674607   .1646078    -1.02   0.309    -.4907653    .1558439
   trend_162 |    .281977   .1958483     1.44   0.150    -.1026869    .6666408
   trend_163 |   .5754719   .2886235     1.99   0.047     .0085891    1.142355
   trend_164 |   -.752956   .1745194    -4.31   0.000    -1.095728    -.410184
   trend_165 |   .9394327   .3735969     2.51   0.012     .2056544    1.673211
   trend_166 |   1.752335   .2529533     6.93   0.000     1.255511    2.249158
   trend_167 |   2.237731   .2115856    10.58   0.000     1.822157    2.653304
   trend_168 |  -.2245452   .1810706    -1.24   0.215    -.5801843    .1310939
   trend_169 |   .6716724   .2043341     3.29   0.001     .2703416    1.073003
   trend_170 |   .6692042   .1771655     3.78   0.000      .321235    1.017173
   trend_171 |   .8003565   .1656781     4.83   0.000     .4749496    1.125763
   trend_172 |   1.083057   .1603517     6.75   0.000     .7681121    1.398003
   trend_173 |    .388901   .2363955     1.65   0.100    -.0754012    .8532032
   trend_174 |  -.4206856   .1722237    -2.44   0.015    -.7589487   -.0824225
   trend_175 |   .3107688   .1685678     1.84   0.066    -.0203138    .6418513
   trend_176 |    1.62354   .1857705     8.74   0.000      1.25867     1.98841
   trend_177 |   .6437719   .2273144     2.83   0.005     .1973057    1.090238
   trend_178 |    3.19801   .2395828    13.35   0.000     2.727447    3.668572
   trend_179 |   1.990325   .1753955    11.35   0.000     1.645832    2.334818
   trend_180 |   .1292033   .1798638     0.72   0.473    -.2240655    .4824722
   trend_181 |   .4110851   .1650279     2.49   0.013     .0869552    .7352149
   trend_182 |   .6975484   .1585429     4.40   0.000     .3861557    1.008941
   trend_183 |  -.6261072   .1894357    -3.31   0.001    -.9981762   -.2540383
   trend_184 |   .8218028   .1632555     5.03   0.000     .5011541    1.142451
   trend_185 |   .8223904   .2049768     4.01   0.000     .4197974    1.224983
   trend_186 |  -.1747579   .2928937    -0.60   0.551    -.7500279    .4005121
   trend_187 |    .090992   .2019397     0.45   0.652    -.3056358    .4876199
   trend_188 |   1.665557   .2028917     8.21   0.000     1.267059    2.064055
   trend_189 |   .5973661   .4303818     1.39   0.166     -.247943    1.442675
   trend_190 |   1.109315   .1972189     5.62   0.000     .7219594    1.496671
   trend_191 |  -.2966529   .1755744    -1.69   0.092    -.6414971    .0481913
   trend_192 |   6.390591   .1743958    36.64   0.000     6.048062     6.73312
   trend_193 |   1.493695   .1681125     8.89   0.000     1.163507    1.823883
   trend_194 |  -.3778583   .1812161    -2.09   0.037    -.7337832   -.0219333
   trend_195 |   .0684057   .1773948     0.39   0.700    -.2800139    .4168253
   trend_196 |   .3477676   .1769242     1.97   0.050     .0002723    .6952628
   trend_197 |   .9066998   .1764882     5.14   0.000     .5600608    1.253339
   trend_198 |  -.3108795   .1803326    -1.72   0.085    -.6650691    .0433101
   trend_199 |   .8540517   .1705321     5.01   0.000     .5191112    1.188992
   trend_200 |   .6284414   .1801088     3.49   0.001     .2746915    .9821914
   trend_201 |   .5927204   .1761516     3.36   0.001     .2467427    .9386981
   trend_202 |   .1469247   .1849384     0.79   0.427    -.2163112    .5101606
   trend_203 |  -.3312294    .175846    -1.88   0.060    -.6766071    .0141482
   trend_204 |   1.435262    .180061     7.97   0.000     1.081606    1.788919
   trend_205 |   1.122614   .2129934     5.27   0.000     .7042758    1.540953
   trend_206 |   -.621019   .2318793    -2.68   0.008    -1.076451   -.1655869
   trend_207 |   .2227068   .1849243     1.20   0.229    -.1405014     .585915
   trend_208 |  -.1568112   .1834475    -0.85   0.393    -.5171189    .2034964
   trend_209 |   .4380365   .1879994     2.33   0.020     .0687885    .8072845
   trend_210 |  -.1636094   .1734692    -0.94   0.346    -.5043186    .1770999
   trend_211 |   .1188979   .2031071     0.59   0.559    -.2800229    .5178187
   trend_212 |  -.3742328   .3349907    -1.12   0.264    -1.032185    .2837196
   trend_213 |  -.5648526   .1901188    -2.97   0.003    -.9382632    -.191442
   trend_214 |   .2971355   .1917252     1.55   0.122    -.0794302    .6737011
   trend_215 |   .1912983   .2322061     0.82   0.410    -.2647757    .6473722
   trend_216 |  -.3434645   .1896958    -1.81   0.071    -.7160444    .0291154
   trend_217 |   1.029815   .2014869     5.11   0.000     .6340764    1.425554
   trend_218 |  -.2149864   .1881263    -1.14   0.254    -.5844837    .1545108
   trend_219 |  -.0261039   .1705512    -0.15   0.878    -.3610819    .3088741
   trend_220 |  -.0281364   .1948891    -0.14   0.885    -.4109165    .3546436
   trend_221 |  -.1225326   .1878432    -0.65   0.514    -.4914737    .2464085
   trend_222 |   .1870365   .1736122     1.08   0.282    -.1539537    .5280267
   trend_223 |   .5262263   .1854432     2.84   0.005      .161999    .8904536
   trend_224 |   .1328986    .213332     0.62   0.534    -.2861048    .5519021
   trend_225 |  -.1828295   .1943948    -0.94   0.347    -.5646387    .1989797
   trend_226 |   .4081647   .1900822     2.15   0.032     .0348259    .7815035
   trend_227 |   .0777666    .208832     0.37   0.710    -.3323984    .4879317
   trend_228 |  -.4726489   .1861335    -2.54   0.011     -.838232   -.1070658
   trend_229 |  -.0803423   .2189874    -0.37   0.714    -.5104536     .349769
   trend_230 |   .3324035   .1871912     1.78   0.076    -.0352571    .7000641
   trend_231 |   .0267709   .2085201     0.13   0.898    -.3827815    .4363233
   trend_232 |  -.2250558   .2086831    -1.08   0.281    -.6349285    .1848169
   trend_233 |   .2638049    .226796     1.16   0.245    -.1816431     .709253
   trend_234 |   .1126681   .2058619     0.55   0.584    -.2916633    .5169995
   trend_235 |  -.0975455   .2043352    -0.48   0.633    -.4988785    .3037874
   trend_236 |   .1339277   .2089673     0.64   0.522     -.276503    .5443584
   trend_237 |   .0933897   .1755205     0.53   0.595    -.2513485    .4381279
   trend_238 |    .083183   .1932627     0.43   0.667    -.2964026    .4627686
   trend_239 |   .1676501   .2140922     0.78   0.434    -.2528464    .5881466
   trend_240 |  -.2199692   .2064615    -1.07   0.287    -.6254784    .1855401
   trend_241 |   .3426099   .2106789     1.63   0.104    -.0711827    .7564025
   trend_242 |   1.521559    .181421     8.39   0.000     1.165232    1.877887
   trend_243 |   .5246496   .1832624     2.86   0.004     .1647055    .8845937
   trend_244 |   1.299337   .2082193     6.24   0.000     .8903751    1.708299
   trend_245 |  -.0176388   .2039026    -0.09   0.931    -.4181221    .3828445
   trend_246 |    .087301   .2049977     0.43   0.670    -.3153332    .4899351
   trend_247 |   .5533125   .1619864     3.42   0.001     .2351564    .8714686
   trend_248 |   .1390966   .2059385     0.68   0.500    -.2653854    .5435786
   trend_249 |  -.1564321   .1841853    -0.85   0.396    -.5181887    .2053245
   trend_250 |   .3081316   .1854325     1.66   0.097    -.0560747    .6723379
   trend_251 |   .1092687   .2088699     0.52   0.601    -.3009708    .5195081
   trend_252 |   .0540966   .1793816     0.30   0.763    -.2982252    .4064184
   trend_253 |   .1019777   .2024573     0.50   0.615    -.2956669    .4996223
   trend_254 |   .3807811   .1726177     2.21   0.028     .0417443     .719818
   trend_255 |   1.731482    .182633     9.48   0.000     1.372774     2.09019
   trend_256 |   .1276969   .2205311     0.58   0.563    -.3054462      .56084
   trend_257 |   .8181339   .2344223     3.49   0.001     .3577071    1.278561
   trend_258 |   .1744803   .1814202     0.96   0.337    -.1818454     .530806
   trend_259 |   .1769989   .2281216     0.78   0.438    -.2710526    .6250504
   trend_260 |   6.661548   .2518752    26.45   0.000     6.166842    7.156254
   trend_261 |  -.4705573   .2155428    -2.18   0.029     -.893903   -.0472116
   trend_262 |   1.244107   .2136332     5.82   0.000     .8245123    1.663703
   trend_263 |   1.435233   .2031592     7.06   0.000     1.036209    1.834256
   trend_264 |   -.348318   .2082643    -1.67   0.095     -.757368     .060732
   trend_265 |  -3.068699   .2269792   -13.52   0.000    -3.514507   -2.622892
   trend_266 |  -2.260024   .1678211   -13.47   0.000     -2.58964   -1.930408
   trend_267 |   9.121803   .2085977    43.73   0.000     8.712098    9.531508
   trend_268 |  -.5212698   .2057424    -2.53   0.012    -.9253665    -.117173
   trend_269 |  -.1555308    .189937    -0.82   0.413    -.5285844    .2175228
   trend_270 |  -1.024786   .1759155    -5.83   0.000    -1.370301   -.6792723
   trend_271 |  -.1802953   .2024141    -0.89   0.373    -.5778549    .2172644
   trend_272 |  -.5378584   .1809543    -2.97   0.003    -.8932692   -.1824477
   trend_273 |   .0855615   .2119824     0.40   0.687    -.3307912    .5019142
   trend_274 |   1.210118   .1708849     7.08   0.000     .8744842    1.545751
   trend_275 |  -5.498305   .4170858   -13.18   0.000      -6.3175    -4.67911
   trend_276 |   1.031455   .2030243     5.08   0.000     .6326964    1.430213
   trend_277 |  -1.421771   .1987864    -7.15   0.000    -1.812206   -1.031336
   trend_278 |   1.161117   .2446561     4.75   0.000     .6805901    1.641644
   trend_279 |    .887256   .2261147     3.92   0.000     .4431462    1.331366
   trend_280 |   1.202514   .2192985     5.48   0.000     .7717921    1.633237
   trend_281 |   2.427109    .265375     9.15   0.000     1.905888     2.94833
   trend_282 |   .9783057   .2055061     4.76   0.000      .574673    1.381939
   trend_283 |  -.1508326    .174703    -0.86   0.388    -.4939653    .1923001
   trend_284 |  -2.673111   .2065015   -12.94   0.000    -3.078699   -2.267524
   trend_285 |  -2.159315   .2045939   -10.55   0.000    -2.561156   -1.757473
   trend_286 |  -.0416789   .1648005    -0.25   0.800     -.365362    .2820041
   trend_287 |    .238865   .1902911     1.26   0.210    -.1348841    .6126141
   trend_288 |  -.6066302   .4086617    -1.48   0.138    -1.409279    .1960187
   trend_289 |   .3612144   .1559912     2.32   0.021     .0548335    .6675952
   trend_290 |  -.3613854   .1633023    -2.21   0.027    -.6821259   -.0406448
   trend_291 |  -.0495018   .1693183    -0.29   0.770    -.3820582    .2830547
   trend_292 |   .7311624   .2070806     3.53   0.000     .3244372    1.137888
   trend_293 |   .0984794   .2326931     0.42   0.672     -.358551    .5555098
   trend_294 |   1.190982   .3938044     3.02   0.003     .4175144     1.96445
   trend_295 |  -.3459609   .2006161    -1.72   0.085    -.7399891    .0480673
   trend_296 |   .5218669   .1853307     2.82   0.005     .1578606    .8858732
   trend_297 |   .4017635   .2013617     2.00   0.046     .0062708    .7972561
   trend_298 |    .130192   .2128929     0.61   0.541    -.2879491    .5483331
   trend_299 |   4.690793   .1989398    23.58   0.000     4.300057    5.081529
   trend_300 |   .8396214    .197456     4.25   0.000     .4517999    1.227443
   trend_301 |   .4660536   .1961104     2.38   0.018      .080875    .8512322
   trend_302 |   .2977002    .169856     1.75   0.080    -.0359125     .631313
   trend_303 |  -.0318107   .1874685    -0.17   0.865    -.4000158    .3363945
   trend_304 |   .3157087   .2521865     1.25   0.211    -.1796085    .8110259
   trend_305 |   .1376822    .182499     0.75   0.451    -.2207624    .4961268
   trend_306 |   .5105649   .2644363     1.93   0.054    -.0088121    1.029942
   trend_307 |  -.0495668   .1809774    -0.27   0.784    -.4050229    .3058893
   trend_308 |   .3724137    .181953     2.05   0.041     .0150413     .729786
   trend_309 |     .66421   .2479907     2.68   0.008     .1771337    1.151286
   trend_310 |   .1484281   .2007118     0.74   0.460    -.2457881    .5426442
   trend_311 |   .3118779    .203991     1.53   0.127     -.088779    .7125348
   trend_312 |    .350982   .2530921     1.39   0.166     -.146114     .848078
   trend_313 |   .1591365   .2188154     0.73   0.467    -.2706369    .5889099
   trend_314 |  -.2264835   .1783652    -1.27   0.205    -.5768089     .123842
   trend_315 |  -.0737999   .1669448    -0.44   0.659    -.4016947    .2540948
   trend_316 |   .0351146   .2938161     0.12   0.905    -.5419669    .6121961
   trend_317 |   .2649771   .2862517     0.93   0.355    -.2972473    .8272015
   trend_318 |  -.0940582   .3113813    -0.30   0.763    -.7056395     .517523
   trend_319 |   -.092615    .216426    -0.43   0.669    -.5176954    .3324654
   trend_320 |  -.5898098   .2857534    -2.06   0.039    -1.151055   -.0285641
   trend_321 |   .0088881   .1659882     0.05   0.957    -.3171279    .3349041
   trend_322 |  -.2170054   .2850516    -0.76   0.447    -.7768727     .342862
   trend_323 |   .2324783   .2473117     0.94   0.348    -.2532644    .7182211
   trend_324 |   .0072182   .2862736     0.03   0.980    -.5550492    .5694856
   trend_325 |   .1131881   .2465295     0.46   0.646    -.3710184    .5973945
   trend_326 |   .1326736   .2626149     0.51   0.614     -.383126    .6484733
   trend_327 |  -.1156431   .1838288    -0.63   0.530    -.4766996    .2454135
   trend_328 |   .0435771   .1654687     0.26   0.792    -.2814184    .3685727
   trend_329 |  -.0761679    .180562    -0.42   0.673     -.430808    .2784723
   trend_330 |  -.0731671   .1940077    -0.38   0.706    -.4542158    .3078817
   trend_331 |   1.192712   .1814982     6.57   0.000     .8362333    1.549191
   trend_332 |   .0289285   .1880433     0.15   0.878    -.3404057    .3982626
   trend_333 |   6.656421   .7395665     9.00   0.000     5.203845    8.108997
   trend_334 |  -.5538301   .2350818    -2.36   0.019    -1.015552   -.0921081
   trend_335 |   46.63192   .3178138   146.73   0.000      46.0077    47.25613
   trend_336 |  -.7069141   .1688539    -4.19   0.000    -1.038559   -.3752697
   trend_337 |  -.6403814     .16509    -3.88   0.000    -.9646332   -.3161296
   trend_338 |  -1.223158   .1823419    -6.71   0.000    -1.581294    -.865022
   trend_339 |  -.9527205   .1731711    -5.50   0.000    -1.292844   -.6125968
   trend_340 |   .3070065   .1766062     1.74   0.083     -.039864    .6538771
   trend_341 |  -4.942274   .1840354   -26.86   0.000    -5.303736   -4.580812
   trend_342 |   .3846393   .1718121     2.24   0.026     .0471847    .7220938
   trend_343 |  -.4034203   .1655031    -2.44   0.015    -.7284834   -.0783573
   trend_344 |   -.230153   .1647971    -1.40   0.163    -.5538295    .0935234
   trend_345 |          0  (omitted)
   trend_346 |   -1.50679   .1631169    -9.24   0.000    -1.827167   -1.186414
   trend_347 |  -1.184492   .1696872    -6.98   0.000    -1.517773   -.8512111
   trend_348 |   2.811368   .3338136     8.42   0.000     2.155727    3.467008
   trend_349 |    .019059   .1640475     0.12   0.908    -.3031452    .3412631
   trend_350 |   -3.41373   .2569484   -13.29   0.000      -3.9184    -2.90906
   trend_351 |  -.0977268   .2136712    -0.46   0.648    -.5173965     .321943
   trend_352 |  -.8195863   .1741942    -4.71   0.000     -1.16172   -.4774531
   trend_353 |  -1.413447   .1826956    -7.74   0.000    -1.772278   -1.054617
   trend_354 |   .2588775   .2546559     1.02   0.310    -.2412899     .759045
   trend_355 |  -1.886746   .2689891    -7.01   0.000    -2.415066   -1.358427
   trend_356 |   .2195659    .291905     0.75   0.452    -.3537621    .7928938
   trend_357 |  -.5719467   .2254954    -2.54   0.011     -1.01484   -.1290533
   trend_358 |  -.4453017   .2524051    -1.76   0.078    -.9410484     .050445
   trend_359 |  -.1840578   .2240983    -0.82   0.412    -.6242072    .2560916
   trend_360 |  -.3176896   .3711134    -0.86   0.392     -1.04659    .4112108
   trend_361 |   .0435892   .2335467     0.19   0.852    -.4151177    .5022961
   trend_362 |   .3709182   .2289543     1.62   0.106    -.0787688    .8206052
   trend_363 |   .7332594   .3205963     2.29   0.023      .103579     1.36294
   trend_364 |    .152911   .2857051     0.54   0.593    -.4082399    .7140618
   trend_365 |   .6935986   .2243896     3.09   0.002      .252877     1.13432
   trend_366 |  -.2845942   .2254898    -1.26   0.207    -.7274767    .1582883
   trend_367 |  -.0239562    .283274    -0.08   0.933    -.5803322    .5324198
   trend_368 |   .3198282   .2759496     1.16   0.247     -.222162    .8618185
   trend_369 |   .1782521   .3168122     0.56   0.574    -.4439958       .8005
   trend_370 |    .534759   .2528725     2.11   0.035     .0380944    1.031424
   trend_371 |  -.4377758   .2257196    -1.94   0.053    -.8811096     .005558
   trend_372 |  -.2665248   .2704725    -0.99   0.325    -.7977574    .2647078
   trend_373 |  -.5930711   .2227707    -2.66   0.008    -1.030613   -.1555291
   trend_374 |   .1020461   .3282598     0.31   0.756     -.542686    .7467783
   trend_375 |  -.2815433   .2256748    -1.25   0.213    -.7247892    .1617026
   trend_376 |   .0496932   .2562353     0.19   0.846    -.4535762    .5529626
   trend_377 |  -.5490523   .2222323    -2.47   0.014    -.9855367   -.1125678
   trend_378 |  -.2419402   .2866875    -0.84   0.399    -.8050204    .3211401
   trend_379 |   -.290345   .3400718    -0.85   0.394    -.9582769    .3775869
   trend_380 |  -.0608988   .2513348    -0.24   0.809    -.5545432    .4327457
   trend_381 |   .6080359   .3155629     1.93   0.054    -.0117583     1.22783
   trend_382 |  -.3123506   .2421329    -1.29   0.198    -.7879217    .1632204
   trend_383 |   .0916402   .2460605     0.37   0.710    -.3916451    .5749255
   trend_384 |   .7455381   .3091728     2.41   0.016     .1382946    1.352782
   trend_385 |   .1990676   .2230236     0.89   0.372     -.238971    .6371063
   trend_386 |   .5947951   .2878481     2.07   0.039     .0294353    1.160155
   trend_387 |  -.2514526   .2215071    -1.14   0.257    -.6865127    .1836076
   trend_388 |  -.3254021   .1816816    -1.79   0.074    -.6822414    .0314371
   trend_389 |  -.2504742   .1802043    -1.39   0.165    -.6044119    .1034635
   trend_390 |   -.313662   .1778551    -1.76   0.078    -.6629856    .0356617
   trend_391 |   .1029566   .1742397     0.59   0.555    -.2392661    .4451792
   trend_392 |  -.1454484   .1677959    -0.87   0.386    -.4750149    .1841182
   trend_393 |  -.5578147   .1769211    -3.15   0.002    -.9053038   -.2103255
   trend_394 |   .0386106   .1730238     0.22   0.823    -.3012239    .3784451
   trend_395 |   .0710011   .1747531     0.41   0.685    -.2722298    .4142321
   trend_396 |   -.591511    .177905    -3.32   0.001    -.9409326   -.2420895
   trend_397 |  -.3438061    .243434    -1.41   0.158    -.8219326    .1343204
   trend_398 |  -.5288252   .1707877    -3.10   0.002    -.8642679   -.1933825
   trend_399 |  -.6629966   .1891083    -3.51   0.000    -1.034422   -.2915708
   trend_400 |  -.0921418    .198517    -0.46   0.643    -.4820472    .2977636
   trend_401 |  -.0208025   .1737654    -0.12   0.905    -.3620935    .3204885
   trend_402 |  -.2743327   .1718502    -1.60   0.111    -.6118622    .0631968
   trend_403 |   .8230195   .2544559     3.23   0.001     .3232449    1.322794
   trend_404 |  -.9674667   .1766236    -5.48   0.000    -1.314372   -.6205618
   trend_405 |   .6348256    .172882     3.67   0.000     .2952697    .9743816
   trend_406 |  -.4623399   .3066567    -1.51   0.132    -1.064642    .1399618
   trend_407 |   1.284613   .2241354     5.73   0.000     .8443912    1.724836
   trend_408 |   .5427612   .2536663     2.14   0.033     .0445374    1.040985
   trend_409 |  -.6341034   .1648773    -3.85   0.000    -.9579375   -.3102692
   trend_410 |   .4527352   .2722569     1.66   0.097    -.0820021    .9874726
   trend_411 |   .6921386   .2159167     3.21   0.001     .2680585    1.116219
   trend_412 |   1.206375   .1908668     6.32   0.000     .8314955    1.581255
   trend_413 |   .4427704   .1954886     2.26   0.024      .058813    .8267277
   trend_414 |   1.703302   .2060559     8.27   0.000     1.298589    2.108014
   trend_415 |   .0701091   .1790025     0.39   0.695    -.2814681    .4216862
   trend_416 |   .0859206   .2173705     0.40   0.693    -.3410148     .512856
   trend_417 |   .3444713   .2116775     1.63   0.104    -.0712826    .7602253
   trend_418 |   .5871951   .2229948     2.63   0.009     .1492129    1.025177
   trend_419 |   .1892314   .1935482     0.98   0.329     -.190915    .5693777
   trend_420 |     .00336   .1762451     0.02   0.985    -.3428015    .3495215
   trend_421 |   .3517628   .1937171     1.82   0.070    -.0287152    .7322407
   trend_422 |   .1254615    .175276     0.72   0.474    -.2187966    .4697195
   trend_423 |   .7430605   .2088015     3.56   0.000     .3329553    1.153166
   trend_424 |   .5680016   .2306957     2.46   0.014     .1148942    1.021109
   trend_425 |   .0732078   .1959257     0.37   0.709    -.3116081    .4580237
   trend_426 |  -.0238475   .2193829    -0.11   0.913    -.4547355    .4070405
   trend_427 |  -.0072903   .1638266    -0.04   0.965    -.3290608    .3144801
   trend_428 |   .2807504   .1787877     1.57   0.117    -.0704049    .6319058
   trend_429 |   .6393618   .1624859     3.93   0.000     .3202247     .958499
   trend_430 |   .1681567   .2293108     0.73   0.464    -.2822306    .6185441
   trend_431 |   .1506977   .1926139     0.78   0.434    -.2276136    .5290091
   trend_432 |   .3453115   .1868163     1.85   0.065    -.0216128    .7122357
   trend_433 |  -.2494015   .1806369    -1.38   0.168    -.6041888    .1053858
   trend_434 |  -.0435524    .250091    -0.17   0.862    -.5347539     .447649
   trend_435 |   .1598627   .1955788     0.82   0.414    -.2242719    .5439973
   trend_436 |   .1079869   .2330013     0.46   0.643    -.3496489    .5656227
   trend_437 |  -.0945274   .2420776    -0.39   0.696    -.5699898     .380935
   trend_438 |     .01196   .1908199     0.06   0.950    -.3628276    .3867476
   trend_439 |   -.515163    .229748    -2.24   0.025    -.9664091    -.063917
   trend_440 |  -.0904423   .1937901    -0.47   0.641    -.4710638    .2901791
   trend_441 |   -.009973   .2260768    -0.04   0.965    -.4540084    .4340623
   trend_442 |  -.0875937    .233997    -0.37   0.708    -.5471852    .3719978
   trend_443 |   .3219748     .22926     1.40   0.161    -.1283127    .7722623
   trend_444 |  -.3732749   .1903758    -1.96   0.050    -.7471903    .0006405
   trend_445 |    .760116   .8540698     0.89   0.374    -.9173548    2.437587
   trend_446 |   .5352138   .2067743     2.59   0.010     .1290903    .9413373
   trend_447 |    .212763    .167495     1.27   0.205    -.1162123    .5417384
   trend_448 |  -.1751539   .1984388    -0.88   0.378    -.5649057    .2145979
   trend_449 |  -1.616256   .1918382    -8.43   0.000    -1.993043   -1.239468
   trend_450 |  -.3011983   .1930941    -1.56   0.119    -.6804528    .0780561
   trend_451 |  -.7989782   .1965565    -4.06   0.000    -1.185033   -.4129233
   trend_452 |   .2868261   .2016237     1.42   0.155    -.1091812    .6828335
   trend_453 |  -.4549665   .2066577    -2.20   0.028    -.8608611   -.0490719
   trend_454 |  -.7041815   .1977008    -3.56   0.000    -1.092484   -.3158792
   trend_455 |  -.3109585   .1907859    -1.63   0.104    -.6856794    .0637623
   trend_456 |   -.640513   .1753244    -3.65   0.000    -.9848661     -.29616
   trend_457 |  -3.932932   .1982136   -19.84   0.000    -4.322242   -3.543623
   trend_458 |   1.140903    .184301     6.19   0.000     .7789192    1.502887
   trend_459 |    .143122   .1941389     0.74   0.461    -.2381844    .5244284
   trend_460 |   1.258813   .1613105     7.80   0.000      .941985    1.575642
   trend_461 |   .7571044   .1641028     4.61   0.000     .4347916    1.079417
   trend_462 |   2.029611   .1648805    12.31   0.000     1.705771    2.353452
   trend_463 |   .3889917   .1842786     2.11   0.035     .0270517    .7509317
   trend_464 |   1.490401   .1768979     8.43   0.000     1.142958    1.837845
   trend_465 |   1.584413   .2003662     7.91   0.000     1.190875     1.97795
   trend_466 |   .8315285    .165011     5.04   0.000     .5074318    1.155625
   trend_467 |   1.620878   .1644735     9.85   0.000     1.297837    1.943919
   trend_468 |   2.328227    .172075    13.53   0.000     1.990256    2.666198
   trend_469 |   .6735913   .1662716     4.05   0.000     .3470188    1.000164
   trend_470 |   1.041922    .165813     6.28   0.000     .7162498    1.367594
   trend_471 |   1.021167   .1752641     5.83   0.000      .676932    1.365401
   trend_472 |   2.826698   .1850636    15.27   0.000     2.463216     3.19018
   trend_473 |   1.860684   .1565318    11.89   0.000     1.553241    2.168126
   trend_474 |   .2536833   .1970218     1.29   0.198    -.1332854     .640652
   trend_475 |   .1727658   .1649676     1.05   0.295    -.1512456    .4967772
   trend_476 |   .0927592   .1734883     0.53   0.593    -.2479876    .4335061
   trend_477 |   .2196042   .1620682     1.36   0.176    -.0987126     .537921
   trend_478 |  -.0723717   .1627907    -0.44   0.657    -.3921075     .247364
   trend_479 |  -.0558991   .1797659    -0.31   0.756    -.4089757    .2971775
   trend_480 |   .5768453   .1775752     3.25   0.001     .2280715    .9256191
   trend_481 |  -.3516227    .164535    -2.14   0.033    -.6747844    -.028461
   trend_482 |  -.0528814   .1803821    -0.29   0.770    -.4071683    .3014054
   trend_483 |   .1628411    .162597     1.00   0.317    -.1565142    .4821964
   trend_484 |  -.1346933   .1838616    -0.73   0.464    -.4958143    .2264277
   trend_485 |  -.1423026   .1782779    -0.80   0.425    -.4924565    .2078514
   trend_486 |   .1285725   .1776003     0.72   0.469    -.2202506    .4773955
   trend_487 |  -.1447366   .1866266    -0.78   0.438    -.5112883    .2218151
   trend_488 |  -.0069305   .1721578    -0.04   0.968    -.3450642    .3312031
   trend_489 |   .4838522   .1821496     2.66   0.008     .1260938    .8416106
   trend_490 |  -.1950567    .181044    -1.08   0.282    -.5506436    .1605301
   trend_491 |   .7318607   .2713417     2.70   0.007      .198921      1.2648
   trend_492 |  -.4480226    .266637    -1.68   0.093    -.9717219    .0756766
   trend_493 |  -.3624451   .4089838    -0.89   0.376    -1.165726    .4408362
   trend_494 |  -.3353042   .1663489    -2.02   0.044    -.6620286   -.0085799
   trend_495 |  -.4296217   .2726201    -1.58   0.116    -.9650724     .105829
   trend_496 |  -1.259965   .2763717    -4.56   0.000    -1.802784   -.7171463
   trend_497 |  -.5396114   .2788161    -1.94   0.053    -1.087232    .0080087
   trend_498 |  -1.046433   .2864053    -3.65   0.000    -1.608959   -.4839068
   trend_499 |  -1.105272   .1763711    -6.27   0.000    -1.451681   -.7588635
   trend_500 |  -.9034727   .1976341    -4.57   0.000    -1.291644   -.5153012
   trend_501 |  -.3912288   .1717158    -2.28   0.023    -.7284943   -.0539633
   trend_502 |  -.9373047   .2803775    -3.34   0.001    -1.487992   -.3866178
   trend_503 |   .1387467   .3029876     0.46   0.647    -.4563485     .733842
   trend_504 |  -1.205686   .1820455    -6.62   0.000     -1.56324   -.8481318
   trend_505 |   .0132635   .2645644     0.05   0.960    -.5063651    .5328921
   trend_506 |   2.419485   .1731636    13.97   0.000     2.079376    2.759594
   trend_507 |   .2152119   .1682564     1.28   0.201    -.1152589    .5456828
   trend_508 |   .5794911   .1616532     3.58   0.000     .2619895    .8969926
   trend_509 |  -.0934017   .1648349    -0.57   0.571    -.4171525     .230349
   trend_510 |  -.0411276   .1614193    -0.25   0.799    -.3581698    .2759146
   trend_511 |   .3097414   .1757643     1.76   0.079    -.0354758    .6549586
   trend_512 |   .9005581    .183061     4.92   0.000     .5410096    1.260107
   trend_513 |   .2019687   .1695321     1.19   0.234    -.1310077    .5349451
   trend_514 |  -.2621966   .1615986    -1.62   0.105    -.5795909    .0551977
   trend_515 |   .7976744   .1703092     4.68   0.000     .4631715    1.132177
   trend_516 |  -.6337438   .1818807    -3.48   0.001    -.9909741   -.2765135
   trend_517 |   .1398404   .1695252     0.82   0.410    -.1931225    .4728032
   trend_518 |   .5246414   .1618259     3.24   0.001     .2068006    .8424821
   trend_519 |   .2649853   .1616246     1.64   0.102    -.0524602    .5824308
   trend_520 |  -.0582688     .16341    -0.36   0.722    -.3792209    .2626833
   trend_521 |   .8174623   .1733919     4.71   0.000     .4769048     1.15802
   trend_522 |   .2895671   .1722218     1.68   0.093    -.0486921    .6278264
   trend_523 |   .3454669   .1637457     2.11   0.035     .0238554    .6670783
   trend_524 |    .749969   .1628272     4.61   0.000     .4301616    1.069776
   trend_525 |  -.0171479   .1629563    -0.11   0.916     -.337209    .3029131
   trend_526 |   .2522891   .1719576     1.47   0.143    -.0854513    .5900294
   trend_527 |   .9849215   .1654627     5.95   0.000     .6599377    1.309905
   trend_528 |  -.3080546   .1827389    -1.69   0.092    -.6669705    .0508612
   trend_529 |   .5419324   .1860434     2.91   0.004     .1765262    .9073387
   trend_530 |   .7528468   .1785854     4.22   0.000     .4020889    1.103605
   trend_531 |   1.000119   .1851145     5.40   0.000     .6365369      1.3637
   trend_532 |   .1673104    .170115     0.98   0.326    -.1668109    .5014317
   trend_533 |   .1748121   .1694389     1.03   0.303    -.1579813    .5076054
   trend_534 |   .1543564   .1732527     0.89   0.373    -.1859277    .4946405
   trend_535 |  -.1211774   .1700303    -0.71   0.476    -.4551323    .2127776
   trend_536 |   .3980023   .1746248     2.28   0.023     .0550234    .7409812
   trend_537 |   .1670865   .1721034     0.97   0.332    -.1709402    .5051131
   trend_538 |  -.0978392   .1623966    -0.60   0.547    -.4168009    .2211224
   trend_539 |  -.0480227   .1631603    -0.29   0.769    -.3684844    .2724391
   trend_540 |  -.1561044   .1752543    -0.89   0.373    -.5003197     .188111
   trend_541 |  -.1090939   .1631515    -0.67   0.504    -.4295382    .2113504
   trend_542 |  -.1918438   .1610958    -1.19   0.234    -.5082505    .1245629
   trend_543 |   .6257204   .1729179     3.62   0.000     .2860939    .9653468
   trend_544 |  -.1774055   .1847985    -0.96   0.337    -.5403666    .1855556
   trend_545 |  -.2295989   .1703974    -1.35   0.178     -.564275    .1050771
   trend_546 |  -.2228474   .1725234    -1.29   0.197    -.5616991    .1160043
   trend_547 |  -1.249273   .1831589    -6.82   0.000    -1.609014   -.8895321
   trend_548 |  -.0787145   .1635831    -0.48   0.631    -.4000065    .2425776
   trend_549 |  -.0548164   .1721454    -0.32   0.750    -.3929257    .2832929
   trend_550 |  -.1968268    .173212    -1.14   0.256     -.537031    .1433774
   trend_551 |  -.6728304   .1711514    -3.93   0.000    -1.008987   -.3366735
   trend_552 |  -.1058097    .175658    -0.60   0.547     -.450818    .2391985
   trend_553 |   .0131541   .1882532     0.07   0.944    -.3565923    .3829006
   trend_554 |  -.9724346   .1628758    -5.97   0.000    -1.292338   -.6525316
   trend_555 |  -.3680563   .1623343    -2.27   0.024    -.6868956    -.049217
   trend_556 |  -.1468164   .1703404    -0.86   0.389    -.4813805    .1877476
   trend_557 |   -.003671   .1638741    -0.02   0.982    -.3255346    .3181927
   trend_558 |  -.7595409    .160902    -4.72   0.000    -1.075567   -.4435147
   trend_559 |   .0539744   .1687279     0.32   0.749    -.2774225    .3853714
   trend_560 |   .4515615   .1754281     2.57   0.010     .1070047    .7961183
   trend_561 |   .4393417   .2637706     1.67   0.096    -.0787278    .9574112
   trend_562 |   .1219429   .0452863     2.69   0.007     .0329964    .2108893
   trend_563 |   .5655754   .2543874     2.22   0.027     .0659354    1.065215
   trend_564 |   .5836779   .2039493     2.86   0.004      .183103    .9842528
   trend_565 |   .5793875   .0638933     9.07   0.000     .4538953    .7048797
   trend_566 |   .8595994   .0720507    11.93   0.000     .7180853    1.001113
   trend_567 |   .0885614    .364944     0.24   0.808    -.6282219    .8053447
   trend_568 |   .1049277   .0510477     2.06   0.040     .0046653      .20519
   trend_569 |   .1323566      .1702     0.78   0.437    -.2019316    .4666448
   trend_570 |   1.059745   .0934788    11.34   0.000     .8761437    1.243345
   trend_571 |   .3873426    .201443     1.92   0.055    -.0083099    .7829951
   trend_572 |   .8594381   .0768301    11.19   0.000     .7085368    1.010339
   trend_573 |   .0102907   .0524808     0.20   0.845    -.0927864    .1133679
   trend_574 |   .4941848   .0835145     5.92   0.000     .3301547     .658215
   trend_575 |  -.0363197   .2680211    -0.14   0.892    -.5627375    .4900981
   trend_576 |   1.291268   .2077103     6.22   0.000     .8833065     1.69923
   trend_577 |          0  (omitted)
MismoParti~G |   .0681191   .2069265     0.33   0.742    -.3383033    .4745416
       _cons |   3.369374    2.28687     1.47   0.141    -1.122247    7.860996
------------------------------------------------------------------------------
r; t=34.46 15:44:32

. areg prop ln_unau grade_1 grade_2 Turn_* yy_* HOMI_CAP_MUN  total mis_tot P_*
>  CorruptPast Already Auditada trend* MismoPartidoG,  absorb(clave_mun) cluste
> r(clave_mun)
note: Turn_4 omitted because of collinearity.
note: yy_1 omitted because of collinearity.
note: yy_2 omitted because of collinearity.
note: yy_3 omitted because of collinearity.
note: yy_11 omitted because of collinearity.
note: P_79 omitted because of collinearity.
note: P_82 omitted because of collinearity.
note: P_L_70 omitted because of collinearity.
note: P_L_73 omitted because of collinearity.
note: trend_345 omitted because of collinearity.
note: trend_577 omitted because of collinearity.

Linear regression, absorbing indicators            Number of obs     = 340,009
Absorbed variable: clave_mun                       No. of categories =     577
                                                   F(126, 576)       =       .
                                                   Prob > F          =       .
                                                   R-squared         =  0.0956
                                                   Adj R-squared     =  0.0920
                                                   Root MSE          = 11.8588

                            (Std. err. adjusted for 577 clusters in clave_mun)
------------------------------------------------------------------------------
             |               Robust
        prop | Coefficient  std. err.      t    P>|t|     [95% conf. interval]
-------------+----------------------------------------------------------------
     ln_unau |     .14765   .0573871     2.57   0.010     .0349366    .2603635
     grade_1 |  -2.652602   .1104754   -24.01   0.000    -2.869586   -2.435618
     grade_2 |  -.8707416   .0593896   -14.66   0.000    -.9873882    -.754095
      Turn_1 |  -2.108721   1.849982    -1.14   0.255    -5.742254    1.524812
      Turn_2 |  -2.567664   1.836626    -1.40   0.163    -6.174965    1.039637
      Turn_3 |  -2.203088    1.92493    -1.14   0.253    -5.983825    1.577649
      Turn_4 |          0  (omitted)
        yy_1 |          0  (omitted)
        yy_2 |          0  (omitted)
        yy_3 |          0  (omitted)
        yy_4 |  -1.257135   1.152145    -1.09   0.276    -3.520052    1.005783
        yy_5 |  -.8620079   .9971629    -0.86   0.388    -2.820527    1.096511
        yy_6 |   2.565811   .8745644     2.93   0.003     .8480869    4.283535
        yy_7 |   .7086566   .6985184     1.01   0.311    -.6632972     2.08061
        yy_8 |   1.122251   .5598366     2.00   0.045     .0226813    2.221821
        yy_9 |  -.0885375   .3803169    -0.23   0.816    -.8355145    .6584395
       yy_10 |   2.874638   .3326176     8.64   0.000     2.221347    3.527929
       yy_11 |          0  (omitted)
HOMI_CAP_MUN |  -123.3177   209.1722    -0.59   0.556    -534.1509    287.5156
       total |  -1.80e-10   1.58e-10    -1.14   0.253    -4.90e-10    1.29e-10
     mis_tot |  -.4854694   .4391641    -1.11   0.269    -1.348028    .3770888
         P_1 |   3.547856   1.411858     2.51   0.012      .774838    6.320873
         P_2 |   .6500074   1.025416     0.63   0.526    -1.364003    2.664018
         P_3 |   3.817283   1.248727     3.06   0.002     1.364669    6.269897
         P_4 |   2.134667   1.470838     1.45   0.147    -.7541934    5.023527
         P_5 |   3.173687   1.084894     2.93   0.004     1.042856    5.304517
         P_6 |   1.710937   1.034834     1.65   0.099    -.3215706    3.743445
         P_7 |   5.058228   1.233187     4.10   0.000     2.636136     7.48032
         P_8 |   1.197475   1.164009     1.03   0.304    -1.088746    3.483695
         P_9 |   2.937373   1.063288     2.76   0.006     .8489781    5.025769
        P_10 |   2.543441   1.187834     2.14   0.033     .2104262    4.876456
        P_11 |   .3154474   1.173057     0.27   0.788    -1.988543    2.619438
        P_12 |   1.876859   1.277146     1.47   0.142    -.6315716     4.38529
        P_13 |   2.885934   1.107846     2.60   0.009     .7100231    5.061845
        P_14 |   2.544249   1.334717     1.91   0.057     -.077257    5.165755
        P_15 |    1.56261   1.042501     1.50   0.134    -.4849569    3.610176
        P_16 |   2.099106   1.118503     1.88   0.061    -.0977349    4.295947
        P_17 |   1.409974   1.209684     1.17   0.244    -.9659559    3.785904
        P_18 |  -10.63945   1.589593    -6.69   0.000    -13.76156   -7.517348
        P_19 |    1.65326   1.054868     1.57   0.118    -.4185972    3.725117
        P_20 |   3.767088   1.150928     3.27   0.001     1.506561    6.027616
        P_21 |   1.332777   1.039995     1.28   0.201    -.7098683    3.375423
        P_22 |   1.587424   1.048226     1.51   0.130    -.4713867    3.646235
        P_23 |   2.355487   1.121964     2.10   0.036     .1518467    4.559127
        P_24 |   3.581584    1.09495     3.27   0.001     1.431004    5.732165
        P_25 |   3.238938    1.22111     2.65   0.008     .8405659     5.63731
        P_26 |   2.251003   1.113899     2.02   0.044     .0632045    4.438801
        P_27 |   1.782357   1.042854     1.71   0.088    -.2659035    3.830617
        P_28 |   2.050707   1.160465     1.77   0.078    -.2285516    4.329965
        P_29 |   .9525275    1.12966     0.84   0.399    -1.266227    3.171282
        P_30 |   3.451062   1.153352     2.99   0.003     1.185773    5.716352
        P_31 |   4.212989   1.680815     2.51   0.012      .911715    7.514263
        P_32 |   4.483202   1.139774     3.93   0.000     2.244583    6.721821
        P_33 |  -.6383529   1.140315    -0.56   0.576    -2.878035    1.601329
        P_34 |   2.620332   1.270745     2.06   0.040     .1244731     5.11619
        P_35 |   3.559931   1.186566     3.00   0.003     1.229407    5.890455
        P_36 |   3.135946   1.072996     2.92   0.004     1.028484    5.243408
        P_37 |   2.181014     1.1809     1.85   0.065    -.1383803    4.500409
        P_38 |   3.808335   1.129963     3.37   0.001     1.588984    6.027686
        P_39 |   3.380537    1.10505     3.06   0.002     1.210118    5.550956
        P_40 |   3.401357   1.067577     3.19   0.002      1.30454    5.498175
        P_41 |   2.463626   1.053284     2.34   0.020     .3948804    4.532371
        P_42 |  -6.243185   1.252683    -4.98   0.000    -8.703568   -3.782801
        P_43 |   1.771385   1.178123     1.50   0.133    -.5425556    4.085325
        P_44 |  -1.193979   1.119359    -1.07   0.287    -3.392503    1.004545
        P_45 |    2.30902   1.115696     2.07   0.039     .1176906    4.500349
        P_46 |  -5.733183   1.304564    -4.39   0.000    -8.295466   -3.170901
        P_47 |   2.325309   1.182023     1.97   0.050     .0037081    4.646911
        P_48 |    2.92318    1.18751     2.46   0.014     .5908035    5.255557
        P_49 |  -.2713495   1.103943    -0.25   0.806    -2.439594    1.896895
        P_50 |   3.631163   1.313985     2.76   0.006     1.050376     6.21195
        P_51 |    1.10976   1.029421     1.08   0.281    -.9121155    3.131636
        P_52 |    2.85701   1.318258     2.17   0.031     .2678317    5.446188
        P_53 |   1.370231   1.161886     1.18   0.239    -.9118188    3.652281
        P_54 |   .6536775   1.136123     0.58   0.565    -1.577771    2.885126
        P_55 |  -2.783745   1.035743    -2.69   0.007    -4.818038   -.7494522
        P_56 |  -12.46392   1.382095    -9.02   0.000    -15.17848   -9.749358
        P_57 |   3.190917   1.049116     3.04   0.002     1.130358    5.251477
        P_58 |   1.884302   1.065208     1.77   0.077    -.2078629    3.976467
        P_59 |   1.545512   1.365584     1.13   0.258    -1.136619    4.227642
        P_60 |    1.69844   1.184737     1.43   0.152    -.6284926    4.025372
        P_61 |   .8698299   1.053729     0.83   0.409     -1.19979     2.93945
        P_62 |   1.996221   1.019495     1.96   0.051    -.0061608    3.998603
        P_63 |   1.028471   1.179727     0.87   0.384    -1.288621    3.345563
        P_64 |   1.987268   1.208702     1.64   0.101    -.3867321    4.361268
        P_65 |  -.1384849   2.385656    -0.06   0.954    -4.824131    4.547161
        P_66 |   1.184813   1.042081     1.14   0.256    -.8619288    3.231555
        P_67 |   2.261718   .9973487     2.27   0.024     .3028345    4.220602
        P_68 |    .621886   1.100945     0.56   0.572    -1.540471    2.784243
        P_69 |   .3478732   1.069564     0.33   0.745    -1.752847    2.448593
        P_70 |   7.324293   3.115228     2.35   0.019     1.205703    13.44288
        P_71 |   3.336089   1.674092     1.99   0.047     .0480194    6.624159
        P_72 |   1.890422   1.285381     1.47   0.142    -.6341835    4.415027
        P_73 |   1.842426    .999885     1.84   0.066    -.1214387    3.806292
        P_74 |   3.560552   1.066236     3.34   0.001     1.466367    5.654737
        P_75 |   2.183802   1.296641     1.68   0.093    -.3629197    4.730524
        P_76 |   1.255256   1.283269     0.98   0.328    -1.265202    3.775713
        P_77 |   4.455138   1.496049     2.98   0.003     1.516761    7.393514
        P_78 |    3.05678   1.308229     2.34   0.020     .4872985    5.626261
        P_79 |          0  (omitted)
        P_80 |   2.745285   1.104976     2.48   0.013      .575012    4.915559
        P_81 |   4.749188   1.409876     3.37   0.001     1.980062    7.518313
        P_82 |          0  (omitted)
       P_L_1 |   1.626237   1.185659     1.37   0.171    -.7025049    3.954979
       P_L_2 |  -1.679096   .9585152    -1.75   0.080    -3.561707     .203515
       P_L_3 |   .4220342   1.022092     0.41   0.680    -1.585448    2.429517
       P_L_4 |   .8548385   1.260041     0.68   0.498    -1.619997    3.329674
       P_L_5 |    .387328   1.138056     0.34   0.734    -1.847918    2.622574
       P_L_6 |   .4708938   1.018918     0.46   0.644    -1.530354    2.472142
       P_L_7 |  -.3268625   1.104304    -0.30   0.767    -2.495816    1.842091
       P_L_8 |  -.2214614    .990909    -0.22   0.823    -2.167697    1.724774
       P_L_9 |   1.836761   .9725692     1.89   0.059    -.0734539    3.746975
      P_L_10 |   .8695054   1.201429     0.72   0.470    -1.490211    3.229222
      P_L_11 |  -.1261036   1.082335    -0.12   0.907    -2.251908    1.999701
      P_L_12 |   2.288107   .9841001     2.33   0.020     .3552453     4.22097
      P_L_13 |   9.822764   1.023551     9.60   0.000     7.812416    11.83311
      P_L_14 |  -.3748564   1.065502    -0.35   0.725    -2.467598    1.717886
      P_L_15 |  -.8892983   1.252026    -0.71   0.478    -3.348391    1.569795
      P_L_16 |  -1.942259   1.041332    -1.87   0.063    -3.987529     .103012
      P_L_17 |   1.101358   1.038865     1.06   0.290    -.9390671    3.141784
      P_L_18 |   1.834042   1.021117     1.80   0.073    -.1715257    3.839609
      P_L_19 |   -32.4214   2.920248   -11.10   0.000    -38.15703   -26.68577
      P_L_20 |  -1.291708    .986176    -1.31   0.191    -3.228648    .6452312
      P_L_21 |  -1.212523   .9952894    -1.22   0.224    -3.167362    .7423158
      P_L_22 |    .514932   .9814141     0.52   0.600    -1.412655    2.442519
      P_L_23 |   .6066393   .9334529     0.65   0.516    -1.226747    2.440026
      P_L_24 |   2.477762   1.254501     1.98   0.049     .0138074    4.941717
      P_L_25 |    .537632   .9862251     0.55   0.586    -1.399404    2.474668
      P_L_26 |   1.089965   1.011067     1.08   0.281    -.8958635    3.075793
      P_L_27 |  -3.037636   .9684843    -3.14   0.002    -4.939827   -1.135444
      P_L_28 |   .3925761   .9467302     0.41   0.679    -1.466888    2.252041
      P_L_29 |   1.639164   1.385004     1.18   0.237     -1.08111    4.359439
      P_L_30 |   .9943092   1.021219     0.97   0.331    -1.011457    3.000076
      P_L_31 |   1.621876   1.064879     1.52   0.128    -.4696429    3.713396
      P_L_32 |    2.19833   1.310252     1.68   0.094    -.3751248    4.771784
      P_L_33 |   .3487984   .9404792     0.37   0.711    -1.498388    2.195985
      P_L_34 |   .7688636   .9408571     0.82   0.414    -1.079065    2.616793
      P_L_35 |  -.1740072   1.724149    -0.10   0.920    -3.560392    3.212378
      P_L_36 |   .0783899   1.010628     0.08   0.938    -1.906575    2.063355
      P_L_37 |   .1519754   .9734882     0.16   0.876    -1.760044    2.063995
      P_L_38 |  -6.787764   1.140515    -5.95   0.000    -9.027839   -4.547689
      P_L_39 |   -2.60656   1.930793    -1.35   0.178    -6.398812    1.185693
      P_L_40 |   3.129466    1.11198     2.81   0.005     .9454361    5.313497
      P_L_41 |   2.780263   1.142578     2.43   0.015     .5361361    5.024389
      P_L_42 |  -5.916345   1.146151    -5.16   0.000    -8.167489   -3.665201
      P_L_43 |   2.363657   1.014389     2.33   0.020     .3713047    4.356009
      P_L_44 |   1.327713   1.157141     1.15   0.252    -.9450169    3.600443
      P_L_45 |  -1.274344   .9798287    -1.30   0.194    -3.198817    .6501288
      P_L_46 |  -.8890092   1.041112    -0.85   0.394    -2.933847    1.155829
      P_L_47 |  -.7289105   1.231282    -0.59   0.554    -3.147261     1.68944
      P_L_48 |   2.871988    1.03631     2.77   0.006     .8365814    4.907395
      P_L_49 |   1.543502   .9823195     1.57   0.117     -.385863    3.472867
      P_L_50 |   1.644095   1.346263     1.22   0.222    -1.000088    4.288278
      P_L_51 |   3.461392   .9287872     3.73   0.000     1.637169    5.285614
      P_L_52 |   .5783974   .9209523     0.63   0.530    -1.230437    2.387232
      P_L_53 |   1.051406   1.809438     0.58   0.561    -2.502495    4.605307
      P_L_54 |  -.8449383   2.614374    -0.32   0.747    -5.979806    4.289929
      P_L_55 |   .2802836   1.098928     0.26   0.799    -1.878112    2.438679
      P_L_56 |   .1524188   .9258383     0.16   0.869    -1.666012    1.970849
      P_L_57 |   .5423877   .9148288     0.59   0.553    -1.254419    2.339195
      P_L_58 |  -.5286678   1.034972    -0.51   0.610    -2.561448    1.504112
      P_L_59 |   4.279602   .9427339     4.54   0.000     2.427987    6.131217
      P_L_60 |  -1.381587    1.25166    -1.10   0.270    -3.839962    1.076787
      P_L_61 |  -6.511319   5.641936    -1.15   0.249    -17.59259    4.569957
      P_L_62 |  -.7260386    1.11194    -0.65   0.514     -2.90999    1.457912
      P_L_63 |  -.7394985   2.110721    -0.35   0.726    -4.885146    3.406149
      P_L_64 |   3.669419   1.019108     3.60   0.000     1.667799     5.67104
      P_L_65 |   .6561091   1.113886     0.59   0.556    -1.531664    2.843882
      P_L_66 |   3.277645   1.279648     2.56   0.011     .7643002     5.79099
      P_L_67 |   2.331168   1.392412     1.67   0.095    -.4036557    5.065992
      P_L_68 |   4.066791   1.283695     3.17   0.002     1.545497    6.588084
      P_L_69 |  -4.204036   1.660312    -2.53   0.012     -7.46504   -.9430321
      P_L_70 |          0  (omitted)
      P_L_71 |   .4953203   .9692071     0.51   0.610    -1.408291    2.398931
      P_L_72 |   5.524898    1.14619     4.82   0.000     3.273677    7.776119
      P_L_73 |          0  (omitted)
 CorruptPast |  -.0481485   .2015955    -0.24   0.811    -.4441004    .3478035
AlreadyAud~d |  -.1913861   .1968128    -0.97   0.331    -.5779444    .1951723
    Auditada |  -.1943841   .1225379    -1.59   0.113    -.4350598    .0462916
     trend_1 |  -.1721061   .2412038    -0.71   0.476    -.6458523    .3016402
     trend_2 |  -.0337604   .2364664    -0.14   0.887     -.498202    .4306811
     trend_3 |  -.0339066    .224778    -0.15   0.880     -.475391    .4075778
     trend_4 |   .2552041   .2376381     1.07   0.283    -.2115388    .7219469
     trend_5 |  -.0889204   .2436917    -0.36   0.715     -.567553    .3897122
     trend_6 |  -.2841063    .220139    -1.29   0.197    -.7164793    .1482668
     trend_7 |  -.3817848   .2490943    -1.53   0.126    -.8710287    .1074591
     trend_8 |  -.0805827   .2186473    -0.37   0.713    -.5100259    .3488605
     trend_9 |  -.2081837   .2417462    -0.86   0.390    -.6829953    .2666279
    trend_10 |  -.3178392   .2864304    -1.11   0.268    -.8804145     .244736
    trend_11 |  -1.479534   .3013508    -4.91   0.000    -2.071415   -.8876535
    trend_12 |  -1.544366   .2992726    -5.16   0.000    -2.132165   -.9565678
    trend_13 |  -1.323719   .2931093    -4.52   0.000    -1.899413   -.7480257
    trend_14 |  -1.436738   .3182602    -4.51   0.000     -2.06183   -.8116456
    trend_15 |  -1.818817   .2715289    -6.70   0.000    -2.352124    -1.28551
    trend_16 |   .1055478   .1728274     0.61   0.542    -.2339011    .4449966
    trend_17 |  -.1409933   .1652522    -0.85   0.394    -.4655638    .1835771
    trend_18 |  -.1118052   .1664407    -0.67   0.502    -.4387099    .2150996
    trend_19 |   .0223925   .1697377     0.13   0.895    -.3109877    .3557728
    trend_20 |   .2117267   .2230747     0.95   0.343    -.2264123    .6498658
    trend_21 |  -.4189596   .2991626    -1.40   0.162    -1.006542     .168623
    trend_22 |  -.1124637   .1721347    -0.65   0.514    -.4505519    .2256245
    trend_23 |  -.4843899   .2955746    -1.64   0.102    -1.064925    .0961455
    trend_24 |  -.3660289   .2994014    -1.22   0.222    -.9540804    .2220227
    trend_25 |   .1234486    .168855     0.73   0.465    -.2081981    .4550952
    trend_26 |    1.44698   .1663118     8.70   0.000     1.120329    1.773632
    trend_27 |  -.6005062    .290398    -2.07   0.039    -1.170874   -.0301381
    trend_28 |   2.103706   .1724555    12.20   0.000     1.764988    2.442424
    trend_29 |  -.0173089   .2990743    -0.06   0.954    -.6047181    .5701003
    trend_30 |  -.6772774   .2985647    -2.27   0.024    -1.263686   -.0908692
    trend_31 |    .497258   .1649715     3.01   0.003     .1732389     .821277
    trend_32 |  -.6722696   .1654378    -4.06   0.000    -.9972044   -.3473348
    trend_33 |  -.4968564    .185268    -2.68   0.008    -.8607397   -.1329732
    trend_34 |  -.2963498   .3089442    -0.96   0.338    -.9031444    .3104448
    trend_35 |  -.1566548   .2907766    -0.54   0.590    -.7277666     .414457
    trend_36 |  -1.484781   .1869066    -7.94   0.000    -1.851883   -1.117679
    trend_37 |  -.0931307   .1891218    -0.49   0.623    -.4645831    .2783218
    trend_38 |  -.4827698   .1828834    -2.64   0.009    -.8419695     -.12357
    trend_39 |   .3405644   .4378304     0.78   0.437    -.5193744    1.200503
    trend_40 |  -.3628047   .1678312    -2.16   0.031    -.6924405    -.033169
    trend_41 |  -.3364675   .1690934    -1.99   0.047    -.6685823   -.0043527
    trend_42 |  -.4665498   .1722756    -2.71   0.007    -.8049147   -.1281849
    trend_43 |  -.6148738   .1709872    -3.60   0.000    -.9507083   -.2790393
    trend_44 |  -.5932346   .1724295    -3.44   0.001    -.9319017   -.2545674
    trend_45 |   .3364863   .1741381     1.93   0.054    -.0055368    .6785093
    trend_46 |  -.1157066   .1660402    -0.70   0.486    -.4418246    .2104115
    trend_47 |   .0347629   .1708882     0.20   0.839    -.3008771     .370403
    trend_48 |    .086241   .1702458     0.51   0.613    -.2481373    .4206193
    trend_49 |    .030058   .1710054     0.18   0.861    -.3058122    .3659282
    trend_50 |   .3159221   .1660197     1.90   0.058    -.0101557    .6419999
    trend_51 |   .4778339   .1792608     2.67   0.008     .1257494    .8299185
    trend_52 |   .2081833   .1645053     1.27   0.206    -.1149202    .5312867
    trend_53 |  -.0613258   .1661156    -0.37   0.712    -.3875919    .2649404
    trend_54 |   -.462461   .3035673    -1.52   0.128    -1.058695    .1337728
    trend_55 |   4.155977   .4693849     8.85   0.000     3.234062    5.077892
    trend_56 |   5.632161   .4533672    12.42   0.000     4.741707    6.522616
    trend_57 |    .172114   .4260528     0.40   0.686    -.6646926     1.00892
    trend_58 |   .5085026   .1724935     2.95   0.003     .1697096    .8472955
    trend_59 |   1.063001   .1719929     6.18   0.000      .725191     1.40081
    trend_60 |   1.238195   .1657106     7.47   0.000      .912724    1.563665
    trend_61 |   1.034189   .3483016     2.97   0.003     .3500932    1.718285
    trend_62 |   1.356079   .2777243     4.88   0.000     .8106031    1.901555
    trend_63 |   1.814509   .3509344     5.17   0.000     1.125242    2.503777
    trend_64 |   1.641174   .1958032     8.38   0.000     1.256598    2.025749
    trend_65 |   1.261564   .3017606     4.18   0.000     .6688791     1.85425
    trend_66 |   .3041775   .1836989     1.66   0.098    -.0566239     .664979
    trend_67 |   1.749875    .287529     6.09   0.000     1.185142    2.314608
    trend_68 |   1.051509   .2375503     4.43   0.000     .5849385    1.518079
    trend_69 |    .628065   .2995668     2.10   0.036     .0396885    1.216441
    trend_70 |   .6696489   .2792546     2.40   0.017     .1211674     1.21813
    trend_71 |   1.784819    .264432     6.75   0.000      1.26545    2.304187
    trend_72 |   1.221638   .2788656     4.38   0.000     .6739207    1.769356
    trend_73 |   1.107387   .2121855     5.22   0.000     .6906354    1.524139
    trend_74 |   2.192335   .2340108     9.37   0.000     1.732716    2.651953
    trend_75 |   .5018385   .2745764     1.83   0.068    -.0374545    1.041132
    trend_76 |   .7913925   .1998545     3.96   0.000       .39886    1.183925
    trend_77 |   1.449415   .2977684     4.87   0.000     .8645709    2.034259
    trend_78 |   1.457714   .3907272     3.73   0.000     .6902903    2.225138
    trend_79 |   .3359715   .2284595     1.47   0.142    -.1127437    .7846868
    trend_80 |    5.15166   .4265389    12.08   0.000     4.313899    5.989421
    trend_81 |   1.724975   .3417987     5.05   0.000     1.053651    2.396299
    trend_82 |   .3063567   .2973796     1.03   0.303     -.277724    .8904373
    trend_83 |   .5402113    .267219     2.02   0.044     .0153688    1.065054
    trend_84 |   1.104559   .2859781     3.86   0.000     .5428725    1.666246
    trend_85 |   .4467713   .3273812     1.36   0.173    -.1962351    1.089778
    trend_86 |   .9517141   .1875174     5.08   0.000     .5834128    1.320015
    trend_87 |   .6820188   .2578966     2.64   0.008     .1754865    1.188551
    trend_88 |  -.1162766   .1877806    -0.62   0.536    -.4850949    .2525417
    trend_89 |   1.885084   .1680264    11.22   0.000     1.555065    2.215103
    trend_90 |   2.728284   .2815241     9.69   0.000     2.175345    3.281223
    trend_91 |   .0581133   .2125078     0.27   0.785    -.3592714    .4754979
    trend_92 |  -.0333771   .3105424    -0.11   0.914    -.6433105    .5765564
    trend_93 |   .8834931   .2085334     4.24   0.000     .4739145    1.293072
    trend_94 |  -1.354008   .1968897    -6.88   0.000    -1.740718   -.9672991
    trend_95 |   .0081055   .2326032     0.03   0.972    -.4487483    .4649593
    trend_96 |  -.4047468   .2487776    -1.63   0.104    -.8933685     .083875
    trend_97 |  -.0269872   .1930753    -0.14   0.889    -.4062047    .3522302
    trend_98 |   .5190889   .2285851     2.27   0.024      .070127    .9680508
    trend_99 |  -.8634281    .320151    -2.70   0.007    -1.492234   -.2346223
   trend_100 |  -.7098298   .2752727    -2.58   0.010    -1.250491   -.1691692
   trend_101 |   .2177229   .2434072     0.89   0.371    -.2603509    .6957967
   trend_102 |   .5673735   .1765006     3.21   0.001     .2207102    .9140367
   trend_103 |  -.5658082   .3050163    -1.86   0.064    -1.164888    .0332715
   trend_104 |   .1426262   .1651516     0.86   0.388    -.1817466     .466999
   trend_105 |   .2007009   .2174605     0.92   0.356    -.2264113     .627813
   trend_106 |  -.3317039   .1685402    -1.97   0.050    -.6627321   -.0006757
   trend_107 |  -.2952237   .1661771    -1.78   0.076    -.6216105    .0311632
   trend_108 |  -.1498446   .1746932    -0.86   0.391    -.4929579    .1932686
   trend_109 |  -.2170758   .1665638    -1.30   0.193    -.5442222    .1100706
   trend_110 |   .7183409   .1658986     4.33   0.000      .392501    1.044181
   trend_111 |  -.2670909   .1730377    -1.54   0.123    -.6069526    .0727709
   trend_112 |   -.545214   .1681413    -3.24   0.001    -.8754588   -.2149691
   trend_113 |    .351028   .1640381     2.14   0.033     .0288423    .6732137
   trend_114 |  -.4272516   .1622185    -2.63   0.009    -.7458634   -.1086398
   trend_115 |   -.267746   .2207916    -1.21   0.226    -.7014008    .1659087
   trend_116 |  -.1679088   .1704786    -0.98   0.325    -.5027443    .1669268
   trend_117 |  -.0366211   .1661733    -0.22   0.826    -.3630006    .2897584
   trend_118 |   .4183319   .1797157     2.33   0.020     .0653539    .7713098
   trend_119 |  -.2932879   .2096599    -1.40   0.162    -.7050791    .1185033
   trend_120 |  -.4344344   .1710052    -2.54   0.011    -.7703041   -.0985647
   trend_121 |   .4117716   .1693609     2.43   0.015     .0791313    .7444119
   trend_122 |  -.0732416   .1979323    -0.37   0.711    -.4619987    .3155156
   trend_123 |   .0052097   .1720622     0.03   0.976    -.3327362    .3431556
   trend_124 |   1.142022   .1643894     6.95   0.000      .819146    1.464897
   trend_125 |  -.2217563   .1691344    -1.31   0.190    -.5539518    .1104391
   trend_126 |  -.3495983   .1684015    -2.08   0.038    -.6803543   -.0188424
   trend_127 |   .1555275   .1757073     0.89   0.376    -.1895777    .5006327
   trend_128 |    .724043   .1711809     4.23   0.000     .3878281    1.060258
   trend_129 |  -.3065678   .1698757    -1.80   0.072    -.6402191    .0270836
   trend_130 |  -.2116917   .1640325    -1.29   0.197    -.5338664     .110483
   trend_131 |   .6583637    .265553     2.48   0.013     .1367934    1.179934
   trend_132 |    .057664   .1722416     0.33   0.738    -.2806343    .3959622
   trend_133 |   .6846574   .1752863     3.91   0.000     .3403792    1.028936
   trend_134 |  -.3667283   .1787917    -2.05   0.041    -.7178914   -.0155652
   trend_135 |    .627826   .1732474     3.62   0.000     .2875523    .9680997
   trend_136 |   .1697893   .1726413     0.98   0.326    -.1692939    .5088724
   trend_137 |   .0027512   .1749948     0.02   0.987    -.3409546     .346457
   trend_138 |   .0364552   .1669238     0.22   0.827    -.2913983    .3643087
   trend_139 |   .3117908   .1913771     1.63   0.104    -.0640914    .6876729
   trend_140 |  -.4028297   .2006753    -2.01   0.045    -.7969742   -.0086851
   trend_141 |  -.2613074   .3427739    -0.76   0.446    -.9345466    .4119317
   trend_142 |   .1744498   .1639028     1.06   0.288    -.1474703      .49637
   trend_143 |  -.5919553    .174187    -3.40   0.001    -.9340745   -.2498361
   trend_144 |  -.6522149   .1780962    -3.66   0.000    -1.002012   -.3024177
   trend_145 |  -.1888526   .1670954    -1.13   0.259    -.5170432     .139338
   trend_146 |   .9510425   .3223244     2.95   0.003      .317968    1.584117
   trend_147 |   .3937324   .2060648     1.91   0.057    -.0109975    .7984624
   trend_148 |    1.91338   .1834534    10.43   0.000     1.553061    2.273699
   trend_149 |   1.440448   .1754855     8.21   0.000     1.095779    1.785117
   trend_150 |   .5225968   .2131355     2.45   0.015     .1039793    .9412143
   trend_151 |   1.603314   .1609794     9.96   0.000     1.287136    1.919492
   trend_152 |   1.340937   .2155937     6.22   0.000     .9174912    1.764382
   trend_153 |   2.063073   .1898606    10.87   0.000      1.69017    2.435977
   trend_154 |   .6157801   .2485107     2.48   0.014     .1276824    1.103878
   trend_155 |   1.246876   .1762586     7.07   0.000     .9006881    1.593064
   trend_156 |   .7226821   .1814104     3.98   0.000     .3663756    1.078989
   trend_157 |   1.314495   .1994194     6.59   0.000     .9228171    1.706173
   trend_158 |   .8396372   .1995863     4.21   0.000     .4476316    1.231643
   trend_159 |  -.0882998   .2015016    -0.44   0.661    -.4840673    .3074676
   trend_160 |   .1981955   .1674983     1.18   0.237    -.1307863    .5271773
   trend_161 |  -.1808425   .1665862    -1.09   0.278    -.5080329    .1463479
   trend_162 |   .2710908   .1969595     1.38   0.169    -.1157556    .6579372
   trend_163 |   .5680571    .291496     1.95   0.052    -.0044674    1.140582
   trend_164 |  -.7657953   .1773397    -4.32   0.000    -1.114107   -.4174839
   trend_165 |   .9238661   .3764938     2.45   0.014     .1843981    1.663334
   trend_166 |   1.774396   .2548564     6.96   0.000     1.273834    2.274957
   trend_167 |   2.223201   .2124955    10.46   0.000      1.80584    2.640562
   trend_168 |  -.1933916   .1802724    -1.07   0.284    -.5474631    .1606799
   trend_169 |   .6909086   .2062895     3.35   0.001     .2857371     1.09608
   trend_170 |   .6527613   .1791771     3.64   0.000     .3008411    1.004681
   trend_171 |   .7861456   .1677131     4.69   0.000     .4567417    1.115549
   trend_172 |   1.050797   .1631153     6.44   0.000     .7304237     1.37117
   trend_173 |   .3725979   .2372211     1.57   0.117    -.0933259    .8385217
   trend_174 |  -.4364316   .1746443    -2.50   0.013    -.7794488   -.0934144
   trend_175 |    .296299   .1710412     1.73   0.084    -.0396415    .6322394
   trend_176 |   1.610836   .1874737     8.59   0.000     1.242621    1.979052
   trend_177 |   .6405729   .2281566     2.81   0.005     .1924525    1.088693
   trend_178 |   3.181564   .2402568    13.24   0.000     2.709678     3.65345
   trend_179 |   1.977258   .1771771    11.16   0.000     1.629266     2.32525
   trend_180 |   .1108005   .1819096     0.61   0.543    -.2464865    .4680876
   trend_181 |   .3960039   .1673878     2.37   0.018     .0672389    .7247689
   trend_182 |   .6857036   .1610449     4.26   0.000     .3693967    1.002011
   trend_183 |  -.6320658   .1921517    -3.29   0.001    -1.009469   -.2546624
   trend_184 |   .8033515   .1652711     4.86   0.000      .478744    1.127959
   trend_185 |   .8093591   .2065146     3.92   0.000     .4037457    1.214973
   trend_186 |   -.183436   .2938772    -0.62   0.533    -.7606376    .3937655
   trend_187 |   .0724632   .2035064     0.36   0.722    -.3272418    .4721682
   trend_188 |   1.655023    .203506     8.13   0.000     1.255318    2.054727
   trend_189 |   .5893609   .4282752     1.38   0.169    -.2518105    1.430532
   trend_190 |   1.144324   .1982955     5.77   0.000     .7548537    1.533795
   trend_191 |  -.2672134   .1756908    -1.52   0.129    -.6122862    .0778594
   trend_192 |    6.38049   .1761991    36.21   0.000     6.034419    6.726561
   trend_193 |   1.519374   .1679304     9.05   0.000     1.189543    1.849204
   trend_194 |  -.3863485   .1826542    -2.12   0.035    -.7450979    -.027599
   trend_195 |   .0555225   .1794258     0.31   0.757    -.2968862    .4079312
   trend_196 |   .3755461   .1774158     2.12   0.035     .0270854    .7240068
   trend_197 |   .8953772   .1793959     4.99   0.000     .5430274    1.247727
   trend_198 |   -.318272   .1820851    -1.75   0.081    -.6759038    .0393597
   trend_199 |   .8481738   .1755993     4.83   0.000     .5032808    1.193067
   trend_200 |   .6185866    .181964     3.40   0.001     .2611928    .9759805
   trend_201 |   .5766079   .1782082     3.24   0.001     .2265908    .9266249
   trend_202 |   .1845267   .1848852     1.00   0.319    -.1786046    .5476581
   trend_203 |  -.3052169   .1757862    -1.74   0.083     -.650477    .0400431
   trend_204 |   1.427488   .1813474     7.87   0.000     1.071305    1.783671
   trend_205 |   1.152673   .2135767     5.40   0.000     .7331889    1.572157
   trend_206 |  -.6337976   .2339867    -2.71   0.007    -1.093369   -.1742264
   trend_207 |   .2156491   .1872345     1.15   0.250    -.1520964    .5833946
   trend_208 |  -.1468155   .1831565    -0.80   0.423    -.5065515    .2129206
   trend_209 |   .4345479   .1885724     2.30   0.022     .0641744    .8049214
   trend_210 |  -.1846546   .1759454    -1.05   0.294    -.5302275    .1609182
   trend_211 |   .0744924    .201903     0.37   0.712    -.3220635    .4710482
   trend_212 |  -.3952975   .3346565    -1.18   0.238    -1.052593    .2619984
   trend_213 |  -.5408103   .1899355    -2.85   0.005    -.9138609   -.1677596
   trend_214 |   .2587853   .1918627     1.35   0.178    -.1180506    .6356212
   trend_215 |    .166912   .2339588     0.71   0.476    -.2926044    .6264284
   trend_216 |  -.3357669    .189689    -1.77   0.077    -.7083334    .0367996
   trend_217 |   .9870412   .2017797     4.89   0.000     .5907275    1.383355
   trend_218 |  -.2544204   .1900889    -1.34   0.181    -.6277723    .1189315
   trend_219 |  -.0572692   .1725252    -0.33   0.740    -.3961244     .281586
   trend_220 |  -.0488387   .1970468    -0.25   0.804    -.4358566    .3381792
   trend_221 |   -.144789   .1899231    -0.76   0.446    -.5178153    .2282372
   trend_222 |   .2007451   .1742132     1.15   0.250    -.1414254    .5429156
   trend_223 |   .5068902   .1876075     2.70   0.007     .1384119    .8753684
   trend_224 |   .1542158    .214241     0.72   0.472     -.266573    .5750046
   trend_225 |  -.1928144   .1977241    -0.98   0.330    -.5811625    .1955338
   trend_226 |   .3892667   .1932506     2.01   0.044     .0097049    .7688285
   trend_227 |   .0611529   .2118416     0.29   0.773    -.3549233    .4772291
   trend_228 |  -.4658076   .1870569    -2.49   0.013    -.8332044   -.0984107
   trend_229 |  -.0713078     .22146    -0.32   0.748    -.5062753    .3636598
   trend_230 |   .3175624   .1895534     1.68   0.094    -.0547377    .6898626
   trend_231 |   .0102462   .2115206     0.05   0.961    -.4051995    .4256918
   trend_232 |  -.2434959   .2128392    -1.14   0.253    -.6615315    .1745397
   trend_233 |   .2532302   .2319507     1.09   0.275    -.2023421    .7088024
   trend_234 |   .0971664   .2083746     0.47   0.641    -.3121003    .5064331
   trend_235 |  -.1090815   .2070253    -0.53   0.598     -.515698    .2975349
   trend_236 |    .178913   .2103478     0.85   0.395    -.2342292    .5920551
   trend_237 |   .1079922   .1780628     0.61   0.544    -.2417394    .4577237
   trend_238 |   .0681843   .1959451     0.35   0.728    -.3166697    .4530382
   trend_239 |   .1522994   .2175053     0.70   0.484    -.2749008    .5794996
   trend_240 |  -.2351353   .2105423    -1.12   0.265    -.6486596    .1783891
   trend_241 |   .3333478   .2150661     1.55   0.122    -.0890617    .7557573
   trend_242 |    1.50251   .1834639     8.19   0.000      1.14217     1.86285
   trend_243 |   .5113243   .1866952     2.74   0.006      .144638    .8780106
   trend_244 |   1.282645   .2112444     6.07   0.000     .8677415    1.697548
   trend_245 |  -.0287358   .2065468    -0.14   0.889    -.4344126    .3769409
   trend_246 |   .0955098   .2069976     0.46   0.645    -.3110523    .5020719
   trend_247 |   .5394855   .1640339     3.29   0.001     .2173079     .861663
   trend_248 |    .158061    .208876     0.76   0.450    -.2521905    .5683125
   trend_249 |  -.1420971   .1859413    -0.76   0.445    -.5073026    .2231085
   trend_250 |   .2939001   .1878881     1.56   0.118    -.0751291    .6629294
   trend_251 |   .0925033   .2118663     0.44   0.663    -.3236214    .5086279
   trend_252 |    .051272   .1808662     0.28   0.777    -.3039656    .4065096
   trend_253 |    .086953   .2053504     0.42   0.672     -.316374    .4902799
   trend_254 |   .3622583   .1763777     2.05   0.040     .0158365    .7086802
   trend_255 |    1.71613   .1841924     9.32   0.000     1.354359      2.0779
   trend_256 |   .1504768   .2219339     0.68   0.498    -.2854216    .5863753
   trend_257 |   .8022801   .2359747     3.40   0.001     .3388043    1.265756
   trend_258 |   .1645299   .1837708     0.90   0.371    -.1964127    .5254726
   trend_259 |   .1680532   .2301848     0.73   0.466    -.2840506    .6201571
   trend_260 |   6.653636   .2546232    26.13   0.000     6.153532    7.153739
   trend_261 |  -.4782726   .2172716    -2.20   0.028    -.9050138   -.0515314
   trend_262 |   1.206569   .2149557     5.61   0.000     .7843759    1.628761
   trend_263 |   1.425068   .2055201     6.93   0.000     1.021408    1.828729
   trend_264 |  -.3575211   .2105966    -1.70   0.090     -.771152    .0561097
   trend_265 |  -3.076208   .2290858   -13.43   0.000    -3.526153   -2.626263
   trend_266 |  -2.275147   .1696982   -13.41   0.000     -2.60845   -1.941844
   trend_267 |   9.101111   .2103203    43.27   0.000     8.688023    9.514199
   trend_268 |  -.5311313   .2082549    -2.55   0.011    -.9401628   -.1220998
   trend_269 |    -.16401    .192533    -0.85   0.395    -.5421624    .2141423
   trend_270 |  -1.033689   .1787363    -5.78   0.000    -1.384744   -.6826348
   trend_271 |  -.2229213   .2018485    -1.10   0.270    -.6193701    .1735275
   trend_272 |  -.5517737   .1830528    -3.01   0.003     -.911306   -.1922414
   trend_273 |   .0767976   .2144554     0.36   0.720    -.3444123    .4980076
   trend_274 |    1.21352    .172425     7.04   0.000     .8748619    1.552179
   trend_275 |  -5.520795   .4141515   -13.33   0.000    -6.334226   -4.707363
   trend_276 |   1.014865   .2048111     4.96   0.000     .6125968    1.417132
   trend_277 |  -1.437672   .2011993    -7.15   0.000    -1.832846   -1.042499
   trend_278 |   1.174943   .2441553     4.81   0.000     .6953996    1.654486
   trend_279 |   .8790409    .228228     3.85   0.000     .4307804    1.327302
   trend_280 |   1.232194   .2192594     5.62   0.000     .8015484    1.662839
   trend_281 |    2.47345   .2730872     9.06   0.000     1.937082    3.009818
   trend_282 |   .9688371   .2084823     4.65   0.000     .5593589    1.378315
   trend_283 |  -.1379425   .1762883    -0.78   0.434    -.4841888    .2083038
   trend_284 |  -2.680613   .2081702   -12.88   0.000    -3.089478   -2.271748
   trend_285 |  -2.165605     .20669   -10.48   0.000    -2.571563   -1.759647
   trend_286 |   -.056628   .1676569    -0.34   0.736    -.3859213    .2726654
   trend_287 |   .2121248    .191966     1.11   0.270    -.1649139    .5891636
   trend_288 |  -.5800135   .4084817    -1.42   0.156    -1.382309    .2222817
   trend_289 |   .3648893   .1580394     2.31   0.021     .0544856    .6752929
   trend_290 |  -.3431514   .1614058    -2.13   0.034    -.6601672   -.0261357
   trend_291 |  -.0571392   .1716283    -0.33   0.739    -.3942328    .2799543
   trend_292 |   .7464681   .2078821     3.59   0.000     .3381688    1.154767
   trend_293 |   .1157293   .2329689     0.50   0.620    -.3418427    .5733014
   trend_294 |   1.169026    .389977     3.00   0.003     .4030755    1.934976
   trend_295 |  -.3557874   .2021338    -1.76   0.079    -.7527965    .0412218
   trend_296 |   .5502456   .1857894     2.96   0.003     .1853383     .915153
   trend_297 |   .4015453   .2014177     1.99   0.047     .0059425     .797148
   trend_298 |   .1137344   .2151287     0.53   0.597     -.308798    .5362668
   trend_299 |   4.681662   .2006665    23.33   0.000     4.287535    5.075789
   trend_300 |   .8626895   .1973272     4.37   0.000     .4751209    1.250258
   trend_301 |    .457429   .1975836     2.32   0.021     .0693569    .8455011
   trend_302 |   .2829811   .1727018     1.64   0.102     -.056221    .6221833
   trend_303 |  -.0374584   .1911099    -0.20   0.845    -.4128157    .3378989
   trend_304 |   .3817443   .2563582     1.49   0.137    -.1217666    .8852551
   trend_305 |   .1764299   .1829441     0.96   0.335    -.1828891    .5357488
   trend_306 |   .5417154   .2699914     2.01   0.045     .0114277    1.072003
   trend_307 |  -.0615247   .1826315    -0.34   0.736    -.4202295    .2971802
   trend_308 |    .358472    .183487     1.95   0.051    -.0019131    .7188572
   trend_309 |   .7073261   .2524127     2.80   0.005     .2115646    1.203088
   trend_310 |   .1348977   .2014406     0.67   0.503      -.26075    .5305454
   trend_311 |     .32775   .2051542     1.60   0.111    -.0751915    .7306914
   trend_312 |   .4303473   .2544999     1.69   0.091    -.0695137    .9302082
   trend_313 |   .1633133   .2167801     0.75   0.452    -.2624625    .5890891
   trend_314 |  -.1940068   .1806913    -1.07   0.283    -.5489009    .1608872
   trend_315 |  -.0857254   .1689309    -0.51   0.612    -.4175211    .2460704
   trend_316 |   .0763003   .2918137     0.26   0.794    -.4968484     .649449
   trend_317 |   .2517331    .283635     0.89   0.375    -.3053519    .8088181
   trend_318 |  -.1103953    .308301    -0.36   0.720    -.7159265    .4951359
   trend_319 |   -.056586   .2158593    -0.26   0.793    -.4805534    .3673814
   trend_320 |  -.5590777   .2837924    -1.97   0.049    -1.116472   -.0016836
   trend_321 |  -.0076301    .168533    -0.05   0.964    -.3386442     .323384
   trend_322 |  -.2172848   .2820924    -0.77   0.441    -.7713399    .3367702
   trend_323 |   .2212723   .2463229     0.90   0.369    -.2625282    .7050728
   trend_324 |   .0101964   .2841236     0.04   0.971    -.5478483    .5682411
   trend_325 |   .1254154   .2459796     0.51   0.610     -.357711    .6085417
   trend_326 |   .1453128   .2615904     0.56   0.579    -.3684746    .6591002
   trend_327 |  -.1301596   .1861977    -0.70   0.485    -.4958688    .2355497
   trend_328 |   .0516944   .1672824     0.31   0.757    -.2768635    .3802522
   trend_329 |  -.0945251   .1822355    -0.52   0.604    -.4524522     .263402
   trend_330 |   -.091755    .196579    -0.47   0.641    -.4778539     .294344
   trend_331 |   1.182443   .1832524     6.45   0.000     .8225183    1.542367
   trend_332 |   .0138786   .1901976     0.07   0.942    -.3596867     .387444
   trend_333 |   6.622965   .7282396     9.09   0.000     5.192636    8.053294
   trend_334 |  -.5664218   .2376178    -2.38   0.017    -1.033125   -.0997188
   trend_335 |   46.62646   .3174304   146.89   0.000     46.00299    47.24992
   trend_336 |  -.7223599   .1712123    -4.22   0.000    -1.058636   -.3860834
   trend_337 |  -.6487819    .167238    -3.88   0.000    -.9772525   -.3203113
   trend_338 |  -1.252871   .1838522    -6.81   0.000    -1.613973   -.8917683
   trend_339 |  -.9270157    .173933    -5.33   0.000    -1.268636   -.5853954
   trend_340 |   .2912233   .1783944     1.63   0.103    -.0591596    .6416061
   trend_341 |  -4.958619   .1857422   -26.70   0.000    -5.323434   -4.593805
   trend_342 |   .3720239   .1744184     2.13   0.033     .0294502    .7145976
   trend_343 |  -.4065446   .1691032    -2.40   0.017    -.7386787   -.0744104
   trend_344 |  -.2411384   .1668701    -1.45   0.149    -.5688865    .0866097
   trend_345 |          0  (omitted)
   trend_346 |  -1.513432   .1680646    -9.01   0.000    -1.843527   -1.183338
   trend_347 |  -1.188443   .1759181    -6.76   0.000    -1.533962   -.8429234
   trend_348 |   2.813108    .334599     8.41   0.000     2.155925    3.470291
   trend_349 |   .0070337   .1662026     0.04   0.966    -.3194034    .3334708
   trend_350 |  -3.427362   .2577235   -13.30   0.000    -3.933555    -2.92117
   trend_351 |   -.123234   .2140164    -0.58   0.565    -.5435818    .2971137
   trend_352 |  -.8307657   .1760429    -4.72   0.000     -1.17653   -.4850013
   trend_353 |  -1.421221   .1845704    -7.70   0.000    -1.783734   -1.058708
   trend_354 |   .2496616   .2572782     0.97   0.332    -.2556562    .7549793
   trend_355 |  -1.907995   .2713151    -7.03   0.000    -2.440883   -1.375107
   trend_356 |   .2389488   .2908024     0.82   0.412    -.3322135    .8101111
   trend_357 |  -.5583583   .2261339    -2.47   0.014    -1.002506   -.1142107
   trend_358 |  -.4484749   .2538746    -1.77   0.078    -.9471077     .050158
   trend_359 |  -.1517924   .2223633    -0.68   0.495    -.5885342    .2849495
   trend_360 |  -.3414707   .3703113    -0.92   0.357    -1.068796    .3858545
   trend_361 |   .0372648   .2347435     0.16   0.874    -.4237928    .4983224
   trend_362 |   .4011013   .2271364     1.77   0.078    -.0450152    .8472178
   trend_363 |   .7096383   .3213653     2.21   0.028     .0784476    1.340829
   trend_364 |   .1264586   .2867405     0.44   0.659    -.4367258    .6896431
   trend_365 |   .7231021   .2226251     3.25   0.001     .2858461    1.160358
   trend_366 |  -.2882798   .2267418    -1.27   0.204    -.7336214    .1570618
   trend_367 |   -.053815   .2849918    -0.19   0.850    -.6135649    .5059349
   trend_368 |   .2980639   .2774584     1.07   0.283    -.2468897    .8430175
   trend_369 |   .1543015   .3175515     0.49   0.627    -.4693985    .7780014
   trend_370 |   .5309331   .2543373     2.09   0.037     .0313916    1.030475
   trend_371 |  -.4430091   .2283881    -1.94   0.053    -.8915841    .0055658
   trend_372 |  -.2356936   .2694376    -0.87   0.382    -.7648936    .2935064
   trend_373 |  -.5962418   .2240588    -2.66   0.008    -1.036314   -.1561699
   trend_374 |   .0832098   .3292341     0.25   0.801     -.563436    .7298556
   trend_375 |  -.2856067   .2271794    -1.26   0.209    -.7318076    .1605943
   trend_376 |    .044148    .258233     0.17   0.864    -.4630452    .5513411
   trend_377 |  -.5502704   .2236995    -2.46   0.014    -.9896366   -.1109042
   trend_378 |  -.2679141   .2877197    -0.93   0.352    -.8330217    .2971935
   trend_379 |  -.3095823   .3391551    -0.91   0.362    -.9757137    .3565491
   trend_380 |  -.0648025   .2528154    -0.26   0.798    -.5613549      .43175
   trend_381 |   .5857048   .3162678     1.85   0.065    -.0354738    1.206883
   trend_382 |  -.3194332   .2431927    -1.31   0.190    -.7970859    .1582194
   trend_383 |   .0886543   .2482078     0.36   0.721    -.3988485    .5761571
   trend_384 |   .7191031   .3101062     2.32   0.021     .1100263     1.32818
   trend_385 |    .195929   .2243174     0.87   0.383    -.2446507    .6365088
   trend_386 |    .610164   .2867184     2.13   0.034      .047023    1.173305
   trend_387 |  -.2761364   .2238224    -1.23   0.218    -.7157439     .163471
   trend_388 |  -.3580795   .1835525    -1.95   0.052    -.7185933    .0024342
   trend_389 |  -.1913638   .1773329    -1.08   0.281    -.5396618    .1569342
   trend_390 |  -.2473749   .1728851    -1.43   0.153    -.5869369    .0921872
   trend_391 |   .0869658   .1774178     0.49   0.624    -.2614988    .4354305
   trend_392 |  -.1605583    .169886    -0.95   0.345    -.4942299    .1731133
   trend_393 |  -.5752193   .1800303    -3.20   0.001    -.9288153   -.2216233
   trend_394 |   .0222023   .1751086     0.13   0.899     -.321727    .3661316
   trend_395 |   .0880234   .1758286     0.50   0.617    -.2573199    .4333668
   trend_396 |  -.6059621   .1799122    -3.37   0.001     -.959326   -.2525981
   trend_397 |  -.3601487   .2460897    -1.46   0.144    -.8434913    .1231939
   trend_398 |  -.4820285   .1684082    -2.86   0.004    -.8127975   -.1512595
   trend_399 |  -.6675833   .1901658    -3.51   0.000    -1.041086   -.2940803
   trend_400 |   -.091742   .2006855    -0.46   0.648    -.4859066    .3024225
   trend_401 |  -.0409568   .1777064    -0.23   0.818    -.3899884    .3080748
   trend_402 |  -.2541846   .1730738    -1.47   0.142    -.5941173    .0857482
   trend_403 |   .8452163   .2583599     3.27   0.001      .337774    1.352659
   trend_404 |  -.9783421   .1783325    -5.49   0.000    -1.328603   -.6280807
   trend_405 |   .6401241   .1751514     3.65   0.000     .2961109    .9841374
   trend_406 |  -.4276342   .3101719    -1.38   0.169     -1.03684    .1815716
   trend_407 |   1.289934   .2252218     5.73   0.000     .8475775     1.73229
   trend_408 |   .5503609   .2578354     2.13   0.033     .0439486    1.056773
   trend_409 |  -.6456682   .1671852    -3.86   0.000    -.9740351   -.3173013
   trend_410 |   .4208174   .2715777     1.55   0.122    -.1125858    .9542207
   trend_411 |   .7118573   .2169589     3.28   0.001     .2857302    1.137984
   trend_412 |   1.188082   .1930495     6.15   0.000     .8089148    1.567248
   trend_413 |   .4719581   .1961645     2.41   0.016     .0866732    .8572431
   trend_414 |   1.693851   .2085751     8.12   0.000     1.284191    2.103512
   trend_415 |   .0526999   .1812694     0.29   0.771    -.3033297    .4087295
   trend_416 |    .097949   .2193381     0.45   0.655     -.332851    .5287489
   trend_417 |   .3698163   .2126266     1.74   0.083    -.0478017    .7874344
   trend_418 |   .6123181   .2239937     2.73   0.006     .1723742    1.052262
   trend_419 |    .201896   .1938967     1.04   0.298    -.1789347    .5827267
   trend_420 |    .029972   .1768843     0.17   0.866    -.3174448    .3773888
   trend_421 |   .3475242   .1991573     1.74   0.082    -.0436387    .7386872
   trend_422 |    .113269   .1771848     0.64   0.523     -.234738    .4612761
   trend_423 |   .7244109   .2107251     3.44   0.001     .3105277    1.138294
   trend_424 |   .5541674    .231215     2.40   0.017     .1000401    1.008295
   trend_425 |   .0564704    .197351     0.29   0.775     -.331145    .4440857
   trend_426 |   .0010374   .2206165     0.00   0.996    -.4322736    .4343483
   trend_427 |  -.0307156   .1663973    -0.18   0.854    -.3575351    .2961038
   trend_428 |   .3126703   .1792765     1.74   0.082     -.039445    .6647856
   trend_429 |   .6265972   .1644969     3.81   0.000     .3035104     .949684
   trend_430 |   .2038505   .2318616     0.88   0.380    -.2515467    .6592477
   trend_431 |   .1594813   .1946633     0.82   0.413    -.2228553    .5418178
   trend_432 |   .3507343   .1889768     1.86   0.064    -.0204333    .7219018
   trend_433 |  -.2299175   .1803275    -1.27   0.203    -.5840971    .1242621
   trend_434 |   .0039317   .2487791     0.02   0.987    -.4846931    .4925564
   trend_435 |   .1802036   .1951798     0.92   0.356    -.2031474    .5635546
   trend_436 |   .1228863    .235257     0.52   0.602    -.3391798    .5849524
   trend_437 |  -.0733426   .2422359    -0.30   0.762     -.549116    .4024309
   trend_438 |   .0286414   .1914628     0.15   0.881    -.3474088    .4046917
   trend_439 |  -.4719932   .2290083    -2.06   0.040    -.9217864      -.0222
   trend_440 |  -.0657442   .1936147    -0.34   0.734    -.4460211    .3145328
   trend_441 |   .0069445   .2284423     0.03   0.976     -.441737    .4556259
   trend_442 |  -.0577708   .2348898    -0.25   0.806    -.5191158    .4035741
   trend_443 |   .3592673   .2298267     1.56   0.119    -.0921333    .8106679
   trend_444 |  -.3519196   .1922546    -1.83   0.068    -.7295251    .0256858
   trend_445 |   .7521615   .8563779     0.88   0.380    -.9298426    2.434166
   trend_446 |   .5599823   .2070355     2.70   0.007     .1533457    .9666189
   trend_447 |   .2301744   .1690135     1.36   0.174    -.1017834    .5621323
   trend_448 |  -.1710536   .1999137    -0.86   0.393    -.5637023    .2215951
   trend_449 |  -1.630143   .1938717    -8.41   0.000    -2.010925   -1.249361
   trend_450 |  -.3133421   .1957548    -1.60   0.110    -.6978223    .0711381
   trend_451 |  -.7861281   .1984094    -3.96   0.000    -1.175822   -.3964341
   trend_452 |   .2583513    .203383     1.27   0.205    -.1411113    .6578139
   trend_453 |  -.4647352   .2088678    -2.23   0.026    -.8749706   -.0544998
   trend_454 |  -.6935869   .1990778    -3.48   0.001    -1.084594     -.30258
   trend_455 |  -.2933044      .1915    -1.53   0.126    -.6694278     .082819
   trend_456 |  -.6466196    .177407    -3.64   0.000    -.9950632    -.298176
   trend_457 |  -3.943096   .1996256   -19.75   0.000    -4.335179   -3.551013
   trend_458 |   1.110781   .1856841     5.98   0.000     .7460808    1.475482
   trend_459 |   .1411967   .1958405     0.72   0.471    -.2434518    .5258452
   trend_460 |    1.23824   .1646137     7.52   0.000     .9149237    1.561556
   trend_461 |   .7475107    .165996     4.50   0.000     .4214794    1.073542
   trend_462 |   2.014837   .1674355    12.03   0.000     1.685979    2.343696
   trend_463 |   .3845161   .1858295     2.07   0.039     .0195301     .749502
   trend_464 |   1.515114    .178408     8.49   0.000     1.164704    1.865524
   trend_465 |    1.61696   .2008141     8.05   0.000     1.222542    2.011377
   trend_466 |   .8119593   .1676703     4.84   0.000     .4826395    1.141279
   trend_467 |   1.608971   .1659426     9.70   0.000     1.283045    1.934898
   trend_468 |   2.313462     .17417    13.28   0.000     1.971376    2.655547
   trend_469 |   .6965424   .1683187     4.14   0.000     .3659492    1.027136
   trend_470 |   1.049299   .1686732     6.22   0.000     .7180096    1.380589
   trend_471 |   1.008184   .1771818     5.69   0.000     .6601827    1.356185
   trend_472 |   2.856003   .1859996    15.35   0.000     2.490683    3.221323
   trend_473 |   1.849221   .1593781    11.60   0.000     1.536188    2.162255
   trend_474 |   .2369269   .1982357     1.20   0.233     -.152426    .6262798
   trend_475 |   .1513813    .166555     0.91   0.364    -.1757479    .4785104
   trend_476 |   .0889293   .1766512     0.50   0.615    -.2580296    .4358883
   trend_477 |   .2052597   .1646528     1.25   0.213    -.1181334    .5286528
   trend_478 |  -.0904577   .1656895    -0.55   0.585    -.4158869    .2349714
   trend_479 |  -.0635172   .1818565    -0.35   0.727    -.4206998    .2936655
   trend_480 |   .5690431    .179812     3.16   0.002     .2158761    .9222101
   trend_481 |  -.3682033     .16721    -2.20   0.028    -.6966189   -.0397878
   trend_482 |  -.0229216    .179498    -0.13   0.898     -.375472    .3296288
   trend_483 |   .1486581   .1652856     0.90   0.369    -.1759778    .4732941
   trend_484 |  -.1509631   .1854939    -0.81   0.416      -.51529    .2133639
   trend_485 |  -.1550905   .1800858    -0.86   0.389    -.5087954    .1986145
   trend_486 |   .1070696   .1807058     0.59   0.554    -.2478529    .4619922
   trend_487 |  -.1195052   .1854229    -0.64   0.520    -.4836926    .2446823
   trend_488 |  -.0264146   .1744847    -0.15   0.880    -.3691185    .3162892
   trend_489 |   .5083968   .1819598     2.79   0.005     .1510112    .8657823
   trend_490 |  -.1693925   .1785518    -0.95   0.343    -.5200845    .1812994
   trend_491 |   .7022776   .2626154     2.67   0.008     .1864771    1.218078
   trend_492 |  -.4406103   .2676474    -1.65   0.100    -.9662941    .0850734
   trend_493 |  -.3455933    .408942    -0.85   0.398    -1.148793     .457606
   trend_494 |  -.3660788   .1676154    -2.18   0.029    -.6952906   -.0368669
   trend_495 |  -.4196577    .265838    -1.58   0.115    -.9417877    .1024723
   trend_496 |   -1.26265   .2674651    -4.72   0.000    -1.787976   -.7373241
   trend_497 |  -.5248667   .2697349    -1.95   0.052    -1.054651    .0049172
   trend_498 |  -1.060274   .2839278    -3.73   0.000    -1.617934   -.5026141
   trend_499 |  -1.098662   .1766313    -6.22   0.000    -1.445582   -.7517423
   trend_500 |  -.9255703   .1990326    -4.65   0.000    -1.316489   -.5346521
   trend_501 |  -.3817693   .1743916    -2.19   0.029    -.7242903   -.0392484
   trend_502 |   -.905018   .2718287    -3.33   0.001    -1.438914   -.3711217
   trend_503 |   .1659684   .2970044     0.56   0.577    -.4173753    .7493122
   trend_504 |  -1.223508    .181203    -6.75   0.000    -1.579407   -.8676093
   trend_505 |    .001979   .2558257     0.01   0.994     -.500486    .5044439
   trend_506 |   2.410221   .1750384    13.77   0.000      2.06643    2.754013
   trend_507 |   .2015624   .1711374     1.18   0.239    -.1345671    .5376919
   trend_508 |   .5743471   .1642298     3.50   0.001     .2517848    .8969094
   trend_509 |  -.0987165   .1678915    -0.59   0.557    -.4284707    .2310378
   trend_510 |  -.0494468   .1641797    -0.30   0.763    -.3719106    .2730171
   trend_511 |   .2946649   .1779588     1.66   0.098    -.0548624    .6441922
   trend_512 |   .8924953   .1870852     4.77   0.000     .5250429    1.259948
   trend_513 |   .1974629   .1714815     1.15   0.250    -.1393423    .5342681
   trend_514 |  -.2682209    .164173    -1.63   0.103    -.5906716    .0542299
   trend_515 |   .7934973   .1722462     4.61   0.000     .4551901    1.131805
   trend_516 |  -.6441052   .1846888    -3.49   0.001    -1.006851   -.2813596
   trend_517 |   .1516816   .1709684     0.89   0.375    -.1841159     .487479
   trend_518 |   .5236394   .1647585     3.18   0.002     .2000388      .84724
   trend_519 |   .2561238   .1646418     1.56   0.120    -.0672477    .5794952
   trend_520 |  -.0698912   .1656977    -0.42   0.673    -.3953365    .2555541
   trend_521 |    .817239   .1754581     4.66   0.000     .4726233    1.161855
   trend_522 |    .291833   .1742996     1.67   0.095    -.0505072    .6341732
   trend_523 |   .3380615   .1658764     2.04   0.042     .0122652    .6638579
   trend_524 |   .7428243   .1650825     4.50   0.000     .4185872    1.067061
   trend_525 |  -.0248534   .1651668    -0.15   0.880     -.349256    .2995492
   trend_526 |   .2450886   .1746243     1.40   0.161    -.0978894    .5880667
   trend_527 |   .9719402   .1675747     5.80   0.000     .6428082    1.301072
   trend_528 |  -.3137205    .184256    -1.70   0.089    -.6756161    .0481752
   trend_529 |   .5248024    .187687     2.80   0.005     .1561681    .8934367
   trend_530 |   .7435973   .1813634     4.10   0.000      .387383    1.099812
   trend_531 |   .9935819    .187818     5.29   0.000     .6246902    1.362474
   trend_532 |   .1577177    .172754     0.91   0.362    -.1815868    .4970222
   trend_533 |   .1680048   .1716217     0.98   0.328    -.1690758    .5050855
   trend_534 |   .1670591   .1767038     0.95   0.345    -.1800034    .5141215
   trend_535 |  -.1260888   .1720634    -0.73   0.464    -.4640369    .2118594
   trend_536 |   .3891923   .1764756     2.21   0.028     .0425781    .7358066
   trend_537 |   .1628085   .1751492     0.93   0.353    -.1812005    .5068175
   trend_538 |   -.108234   .1643776    -0.66   0.511    -.4310864    .2146185
   trend_539 |  -.0367913    .164924    -0.22   0.824     -.360717    .2871344
   trend_540 |  -.1225506   .1755473    -0.70   0.485    -.4673414    .2222402
   trend_541 |  -.1250214   .1655213    -0.76   0.450    -.4501202    .2000774
   trend_542 |  -.2077831   .1637088    -1.27   0.205     -.529322    .1137558
   trend_543 |   .6308635   .1741989     3.62   0.000      .288721     .973006
   trend_544 |  -.1867949   .1861841    -1.00   0.316    -.5524775    .1788876
   trend_545 |  -.2427936   .1725181    -1.41   0.160    -.5816349    .0960476
   trend_546 |  -.2329439   .1742711    -1.34   0.182    -.5752282    .1093403
   trend_547 |  -1.198352   .1825143    -6.57   0.000    -1.556827   -.8398775
   trend_548 |  -.0881629   .1655266    -0.53   0.595    -.4132722    .2369464
   trend_549 |  -.0371445   .1715138    -0.22   0.829    -.3740133    .2997242
   trend_550 |  -.2054133   .1747928    -1.18   0.240    -.5487222    .1378956
   trend_551 |  -.6844327   .1729538    -3.96   0.000     -1.02413   -.3447356
   trend_552 |  -.0852334   .1763992    -0.48   0.629    -.4316975    .2612308
   trend_553 |   .0001812   .1897525     0.00   0.999    -.3725101    .3728724
   trend_554 |  -.9522552   .1638497    -5.81   0.000    -1.274071   -.6304395
   trend_555 |  -.3796198    .164639    -2.31   0.021    -.7029857   -.0562538
   trend_556 |   -.135824   .1691722    -0.80   0.422    -.4680935    .1964456
   trend_557 |  -.0056784   .1687057    -0.03   0.973    -.3370318     .325675
   trend_558 |   -.746789   .1614802    -4.62   0.000    -1.063951   -.4296272
   trend_559 |   .0276588   .1704125     0.16   0.871    -.3070469    .3623645
   trend_560 |   .4371497   .1778009     2.46   0.014     .0879326    .7863668
   trend_561 |   .4321476   .2653672     1.63   0.104    -.0890577    .9533529
   trend_562 |   .1035798   .0441006     2.35   0.019     .0169621    .1901974
   trend_563 |   .5560608   .2549623     2.18   0.030     .0552916     1.05683
   trend_564 |   .5946328   .2009229     2.96   0.003      .200002    .9892636
   trend_565 |   .5900163   .0644805     9.15   0.000     .4633707    .7166618
   trend_566 |   .8424388   .0720414    11.69   0.000      .700943    .9839346
   trend_567 |   .0696832   .3650698     0.19   0.849    -.6473471    .7867135
   trend_568 |   .1284691    .051306     2.50   0.013     .0276996    .2292387
   trend_569 |   .1364562   .1709503     0.80   0.425    -.1993058    .4722181
   trend_570 |    1.08235    .094149    11.50   0.000     .8974327    1.267267
   trend_571 |   .4040834   .1974736     2.05   0.041     .0162273    .7919395
   trend_572 |    .842571   .0766932    10.99   0.000     .6919386    .9932034
   trend_573 |   .0427138   .0508563     0.84   0.401    -.0571725    .1426001
   trend_574 |   .5147056   .0836111     6.16   0.000     .3504858    .6789255
   trend_575 |  -.0593111   .2691623    -0.22   0.826    -.5879704    .4693481
   trend_576 |   1.290862   .2045617     6.31   0.000     .8890842     1.69264
   trend_577 |          0  (omitted)
MismoParti~G |   .0579438   .2065372     0.28   0.779     -.347714    .4636017
       _cons |    3.53896   2.313824     1.53   0.127    -1.005601    8.083521
------------------------------------------------------------------------------
r; t=34.84 15:45:07

. 
. 
. areg prop Corrupt grade_1 grade_2 Turn_* yy_* HOMI_CAP_MUN  total mis_tot P_*
>  CorruptPast Already Auditada MismoPartidoG if Auditada ==1,  absorb(clavedel
> a) cluster(clave_mun)
note: Turn_4 omitted because of collinearity.
note: yy_1 omitted because of collinearity.
note: yy_2 omitted because of collinearity.
note: yy_3 omitted because of collinearity.
note: yy_11 omitted because of collinearity.
note: P_7 omitted because of collinearity.
note: P_18 omitted because of collinearity.
note: P_26 omitted because of collinearity.
note: P_31 omitted because of collinearity.
note: P_40 omitted because of collinearity.
note: P_45 omitted because of collinearity.
note: P_46 omitted because of collinearity.
note: P_47 omitted because of collinearity.
note: P_49 omitted because of collinearity.
note: P_55 omitted because of collinearity.
note: P_56 omitted because of collinearity.
note: P_57 omitted because of collinearity.
note: P_65 omitted because of collinearity.
note: P_70 omitted because of collinearity.
note: P_74 omitted because of collinearity.
note: P_82 omitted because of collinearity.
note: P_L_10 omitted because of collinearity.
note: P_L_13 omitted because of collinearity.
note: P_L_15 omitted because of collinearity.
note: P_L_19 omitted because of collinearity.
note: P_L_26 omitted because of collinearity.
note: P_L_27 omitted because of collinearity.
note: P_L_35 omitted because of collinearity.
note: P_L_36 omitted because of collinearity.
note: P_L_38 omitted because of collinearity.
note: P_L_39 omitted because of collinearity.
note: P_L_41 omitted because of collinearity.
note: P_L_42 omitted because of collinearity.
note: P_L_43 omitted because of collinearity.
note: P_L_50 omitted because of collinearity.
note: P_L_51 omitted because of collinearity.
note: P_L_54 omitted because of collinearity.
note: P_L_59 omitted because of collinearity.
note: P_L_61 omitted because of collinearity.
note: P_L_66 omitted because of collinearity.
note: P_L_70 omitted because of collinearity.
note: P_L_73 omitted because of collinearity.
note: AlreadyAudited omitted because of collinearity.
note: Auditada omitted because of collinearity.
note: P_22 omitted because of collinearity
note: P_42 omitted because of collinearity
note: P_59 omitted because of collinearity
note: P_61 omitted because of collinearity
note: P_64 omitted because of collinearity
note: P_73 omitted because of collinearity
note: P_79 omitted because of collinearity
note: P_L_40 omitted because of collinearity
note: P_L_55 omitted because of collinearity
note: P_L_60 omitted because of collinearity
note: P_L_65 omitted because of collinearity

Linear regression, absorbing indicators            Number of obs     = 110,720
Absorbed variable: clavedelaescuela                No. of categories =  16,445
                                                   F(92, 403)        =       .
                                                   Prob > F          =       .
                                                   R-squared         =  0.3988
                                                   Adj R-squared     =  0.2930
                                                   Root MSE          = 10.1483

                            (Std. err. adjusted for 404 clusters in clave_mun)
------------------------------------------------------------------------------
             |               Robust
        prop | Coefficient  std. err.      t    P>|t|     [95% conf. interval]
-------------+----------------------------------------------------------------
     Corrupt |   .4579385   .2464723     1.86   0.064    -.0265936    .9424705
     grade_1 |  -2.681656   .1931989   -13.88   0.000    -3.061459   -2.301852
     grade_2 |  -.9055903   .1058266    -8.56   0.000    -1.113631   -.6975493
      Turn_1 |  -8.053878   .7025875   -11.46   0.000    -9.435072   -6.672684
      Turn_2 |  -9.068173   .7128536   -12.72   0.000    -10.46955   -7.666797
      Turn_3 |  -10.96132    1.90348    -5.76   0.000    -14.70331   -7.219334
      Turn_4 |          0  (omitted)
        yy_1 |          0  (omitted)
        yy_2 |          0  (omitted)
        yy_3 |          0  (omitted)
        yy_4 |  -.8338531   .8860324    -0.94   0.347    -2.575676    .9079695
        yy_5 |  -1.010352   .7515153    -1.34   0.180    -2.487732    .4670278
        yy_6 |   1.102547   .9582656     1.15   0.251    -.7812761    2.986371
        yy_7 |   1.128094   .6861982     1.64   0.101    -.2208809    2.477069
        yy_8 |   .8212412    .615403     1.33   0.183    -.3885599    2.031042
        yy_9 |   .2643122   .6471583     0.41   0.683    -1.007915     1.53654
       yy_10 |   2.611744   .7074992     3.69   0.000     1.220894    4.002594
       yy_11 |          0  (omitted)
HOMI_CAP_MUN |   -422.003   451.3922    -0.93   0.350    -1309.381    465.3744
       total |  -1.39e-10   2.29e-10    -0.61   0.544    -5.90e-10    3.11e-10
     mis_tot |   .4250187     1.0008     0.42   0.671    -1.542422     2.39246
         P_1 |   2.069489   2.599535     0.80   0.426    -3.040853    7.179831
         P_2 |   2.281923   2.437615     0.94   0.350    -2.510107    7.073952
         P_3 |   1.927749   2.755694     0.70   0.485    -3.489583     7.34508
         P_4 |  -9.454181   3.045894    -3.10   0.002    -15.44201   -3.466356
         P_5 |   .2719863   2.945011     0.09   0.926    -5.517517     6.06149
         P_6 |   1.810669   2.479469     0.73   0.466    -3.063639    6.684978
         P_7 |          0  (omitted)
         P_8 |  -4.694735   3.112653    -1.51   0.132     -10.8138    1.424329
         P_9 |   2.698567   2.621184     1.03   0.304    -2.454335    7.851468
        P_10 |  -1.262575   2.940245    -0.43   0.668    -7.042709    4.517559
        P_11 |  -9.685127   3.172181    -3.05   0.002    -15.92122   -3.449038
        P_12 |  -4.348081   3.166249    -1.37   0.170    -10.57251    1.876346
        P_13 |  -3.155612   2.734535    -1.15   0.249    -8.531347    2.220123
        P_14 |   1.300279   2.761387     0.47   0.638    -4.128243    6.728801
        P_15 |     .23952   2.491861     0.10   0.923    -4.659149    5.138189
        P_16 |  -1.662519   3.124611    -0.53   0.595    -7.805091    4.480053
        P_17 |  -.4085184   2.427143    -0.17   0.866     -5.17996    4.362923
        P_18 |          0  (omitted)
        P_19 |   .9253849   2.383077     0.39   0.698     -3.75943      5.6102
        P_20 |  -4.756106   3.471849    -1.37   0.171     -11.5813     2.06909
        P_21 |  -1.195378   2.514398    -0.48   0.635    -6.138353    3.747597
        P_22 |          0  (omitted)
        P_23 |  -.3681203   2.480738    -0.15   0.882    -5.244924    4.508684
        P_24 |   1.507307   2.570131     0.59   0.558    -3.545231    6.559845
        P_25 |   1.727064   4.023093     0.43   0.668    -6.181805    9.635932
        P_26 |          0  (omitted)
        P_27 |  -.7221527   2.441805    -0.30   0.768    -5.522419    4.078114
        P_28 |   4.811534   2.543061     1.89   0.059    -.1877884    9.810857
        P_29 |  -5.533572   2.514408    -2.20   0.028    -10.47657   -.5905776
        P_30 |   1.629487   2.561743     0.64   0.525    -3.406561    6.665535
        P_31 |          0  (omitted)
        P_32 |   2.383434    2.66552     0.89   0.372    -2.856626    7.623494
        P_33 |  -1.525574   2.552081    -0.60   0.550    -6.542628     3.49148
        P_34 |  -1.022049   3.014863    -0.34   0.735    -6.948872    4.904774
        P_35 |  -3.204061   2.680857    -1.20   0.233    -8.474271    2.066149
        P_36 |   2.315496   2.575419     0.90   0.369    -2.747438    7.378431
        P_37 |  -.2354081   2.573932    -0.09   0.927    -5.295419    4.824603
        P_38 |    1.70375   2.966299     0.57   0.566    -4.127602    7.535101
        P_39 |  -3.626206   2.840103    -1.28   0.202    -9.209473    1.957061
        P_40 |          0  (omitted)
        P_41 |   .2672253   2.502168     0.11   0.915    -4.651706    5.186157
        P_42 |          0  (omitted)
        P_43 |   .6253944   2.725667     0.23   0.819    -4.732906    5.983695
        P_44 |   3.299313    2.65661     1.24   0.215    -1.923231    8.521857
        P_45 |          0  (omitted)
        P_46 |          0  (omitted)
        P_47 |          0  (omitted)
        P_48 |   .3119053   2.429622     0.13   0.898    -4.464411    5.088222
        P_49 |          0  (omitted)
        P_50 |   .8885648    2.74176     0.32   0.746    -4.501373    6.278503
        P_51 |   .0487964   2.471274     0.02   0.984    -4.809403    4.906996
        P_52 |   2.359821   2.808517     0.84   0.401    -3.161352    7.880994
        P_53 |  -2.137358   3.086987    -0.69   0.489    -8.205967     3.93125
        P_54 |  -.4704379   2.575419    -0.18   0.855    -5.533372    4.592496
        P_55 |          0  (omitted)
        P_56 |          0  (omitted)
        P_57 |          0  (omitted)
        P_58 |  -1.187406   2.418741    -0.49   0.624    -5.942332     3.56752
        P_59 |          0  (omitted)
        P_60 |   .7024767   2.424604     0.29   0.772    -4.063975    5.468928
        P_61 |          0  (omitted)
        P_62 |   .3115969   2.374469     0.13   0.896    -4.356295    4.979488
        P_63 |  -6.706897   2.440771    -2.75   0.006    -11.50513   -1.908663
        P_64 |          0  (omitted)
        P_65 |          0  (omitted)
        P_66 |  -.8511168   2.258987    -0.38   0.707    -5.291986    3.589753
        P_67 |     .98012   2.430946     0.40   0.687    -3.798798    5.759038
        P_68 |   .5673233   2.495264     0.23   0.820    -4.338036    5.472683
        P_69 |   11.16792   5.798659     1.93   0.055    -.2314748    22.56732
        P_70 |          0  (omitted)
        P_71 |  -.9796321   2.332088    -0.42   0.675     -5.56421    3.604946
        P_72 |   12.08601    2.75748     4.38   0.000     6.665171    17.50686
        P_73 |          0  (omitted)
        P_74 |          0  (omitted)
        P_75 |   -3.90395    1.65589    -2.36   0.019    -7.159211   -.6486897
        P_76 |  -4.397158   2.381264    -1.85   0.066    -9.078409    .2840937
        P_77 |   4.475006   2.859322     1.57   0.118    -1.146043    10.09605
        P_78 |   5.148356   2.636494     1.95   0.052    -.0346424    10.33135
        P_79 |          0  (omitted)
        P_80 |   1.189606   2.458907     0.48   0.629    -3.644281    6.023493
        P_81 |  -3.159215   2.843711    -1.11   0.267    -8.749575    2.431145
        P_82 |          0  (omitted)
       P_L_1 |   2.544965   2.753422     0.92   0.356    -2.867899    7.957828
       P_L_2 |  -2.354009   2.597735    -0.91   0.365    -7.460813    2.752795
       P_L_3 |  -1.076981   2.725185    -0.40   0.693    -6.434335    4.280373
       P_L_4 |    5.66788   2.887111     1.96   0.050    -.0077991    11.34356
       P_L_5 |   .4198113   2.647926     0.16   0.874    -4.785661    5.625283
       P_L_6 |   .4258761   2.595181     0.16   0.870    -4.675906    5.527659
       P_L_7 |  -.5923627   2.589621    -0.23   0.819    -5.683216    4.498491
       P_L_8 |   .4431183   2.762037     0.16   0.873    -4.986682    5.872919
       P_L_9 |  -.2871898   2.706876    -0.11   0.916    -5.608551    5.034172
      P_L_10 |          0  (omitted)
      P_L_11 |   1.680033   3.342639     0.50   0.616    -4.891153     8.25122
      P_L_12 |   .3753381   2.652943     0.14   0.888    -4.839997    5.590673
      P_L_13 |          0  (omitted)
      P_L_14 |   .1520457   3.010783     0.05   0.960    -5.766755    6.070847
      P_L_15 |          0  (omitted)
      P_L_16 |  -2.287177   2.662933    -0.86   0.391    -7.522152    2.947798
      P_L_17 |   -1.14967   2.675768    -0.43   0.668    -6.409878    4.110537
      P_L_18 |  -.3681666   2.620663    -0.14   0.888    -5.520045    4.783711
      P_L_19 |          0  (omitted)
      P_L_20 |  -1.768545   2.588816    -0.68   0.495    -6.857815    3.320725
      P_L_21 |    .255375   2.601168     0.10   0.922    -4.858177    5.368927
      P_L_22 |   .9897018   2.599496     0.38   0.704    -4.120565    6.099968
      P_L_23 |  -1.462186   2.468003    -0.59   0.554    -6.313955    3.389583
      P_L_24 |   .2113375   3.281088     0.06   0.949    -6.238849    6.661524
      P_L_25 |   .3692471   3.052303     0.12   0.904    -5.631178    6.369673
      P_L_26 |          0  (omitted)
      P_L_27 |          0  (omitted)
      P_L_28 |  -.2583047   2.608317    -0.10   0.921    -5.385912    4.869303
      P_L_29 |   6.933683   2.732504     2.54   0.012     1.561942    12.30542
      P_L_30 |  -1.987541   2.676729    -0.74   0.458    -7.249637    3.274555
      P_L_31 |   5.918707   2.566147     2.31   0.022     .8740006    10.96341
      P_L_32 |   4.948051    2.68648     1.84   0.066    -.3332131    10.22932
      P_L_33 |  -.4092695    2.97513    -0.14   0.891    -6.257983    5.439444
      P_L_34 |   2.317112   2.723773     0.85   0.395    -3.037467    7.671691
      P_L_35 |          0  (omitted)
      P_L_36 |          0  (omitted)
      P_L_37 |   .2249341   2.660645     0.08   0.933    -5.005543    5.455412
      P_L_38 |          0  (omitted)
      P_L_39 |          0  (omitted)
      P_L_40 |          0  (omitted)
      P_L_41 |          0  (omitted)
      P_L_42 |          0  (omitted)
      P_L_43 |          0  (omitted)
      P_L_44 |   .3308299   2.853727     0.12   0.908    -5.279221    5.940881
      P_L_45 |  -1.202379   2.696744    -0.45   0.656    -6.503822    4.099064
      P_L_46 |  -.6076132    2.77881    -0.22   0.827    -6.070387     4.85516
      P_L_47 |   -3.36468   2.694087    -1.25   0.212    -8.660899    1.931539
      P_L_48 |   5.929566   2.613119     2.27   0.024     .7925189    11.06661
      P_L_49 |  -1.004055   2.986941    -0.34   0.737    -6.875987    4.867877
      P_L_50 |          0  (omitted)
      P_L_51 |          0  (omitted)
      P_L_52 |   -.197229   2.553185    -0.08   0.938    -5.216453    4.821995
      P_L_53 |  -3.423351   3.381799    -1.01   0.312    -10.07152    3.224819
      P_L_54 |          0  (omitted)
      P_L_55 |          0  (omitted)
      P_L_56 |  -.5985643   2.435301    -0.25   0.806    -5.386044    4.188915
      P_L_57 |   -.068107   2.562208    -0.03   0.979    -5.105069    4.968855
      P_L_58 |  -3.470163   2.535118    -1.37   0.172    -8.453869    1.513543
      P_L_59 |          0  (omitted)
      P_L_60 |          0  (omitted)
      P_L_61 |          0  (omitted)
      P_L_62 |   .8916142   2.490395     0.36   0.721    -4.004174    5.787402
      P_L_63 |  -7.270071   3.884246    -1.87   0.062    -14.90599     .365843
      P_L_64 |   1.438589   2.679725     0.54   0.592    -3.829396    6.706574
      P_L_65 |          0  (omitted)
      P_L_66 |          0  (omitted)
      P_L_67 |  -4.273637   3.467532    -1.23   0.218    -11.09035    2.543073
      P_L_68 |   2.880679   2.633983     1.09   0.275    -2.297384    8.058742
      P_L_69 |  -1.717041   2.922874    -0.59   0.557    -7.463026    4.028945
      P_L_70 |          0  (omitted)
      P_L_71 |  -.1534005    2.57417    -0.06   0.953    -5.213879    4.907078
      P_L_72 |   .5321317    2.59136     0.21   0.837     -4.56214    5.626403
      P_L_73 |          0  (omitted)
 CorruptPast |   .0864223   .3087143     0.28   0.780    -.5204692    .6933138
AlreadyAud~d |          0  (omitted)
    Auditada |          0  (omitted)
MismoParti~G |   .9689645   .5960689     1.63   0.105    -.2028283    2.140757
       _cons |    12.0197   1.317312     9.12   0.000      9.43004    14.60936
------------------------------------------------------------------------------
r; t=10.24 15:45:17

. areg prop Corrupt_15 grade_1 grade_2 Turn_* yy_* HOMI_CAP_MUN  total mis_tot 
> P_* CorruptPast_15 Already Auditada  MismoPartidoG if Auditada ==1,  absorb(c
> lavedela) cluster(clave_mun)
note: Turn_4 omitted because of collinearity.
note: yy_1 omitted because of collinearity.
note: yy_2 omitted because of collinearity.
note: yy_3 omitted because of collinearity.
note: yy_11 omitted because of collinearity.
note: P_7 omitted because of collinearity.
note: P_18 omitted because of collinearity.
note: P_26 omitted because of collinearity.
note: P_31 omitted because of collinearity.
note: P_40 omitted because of collinearity.
note: P_45 omitted because of collinearity.
note: P_46 omitted because of collinearity.
note: P_47 omitted because of collinearity.
note: P_49 omitted because of collinearity.
note: P_55 omitted because of collinearity.
note: P_56 omitted because of collinearity.
note: P_57 omitted because of collinearity.
note: P_65 omitted because of collinearity.
note: P_70 omitted because of collinearity.
note: P_74 omitted because of collinearity.
note: P_82 omitted because of collinearity.
note: P_L_10 omitted because of collinearity.
note: P_L_13 omitted because of collinearity.
note: P_L_15 omitted because of collinearity.
note: P_L_19 omitted because of collinearity.
note: P_L_26 omitted because of collinearity.
note: P_L_27 omitted because of collinearity.
note: P_L_35 omitted because of collinearity.
note: P_L_36 omitted because of collinearity.
note: P_L_38 omitted because of collinearity.
note: P_L_39 omitted because of collinearity.
note: P_L_41 omitted because of collinearity.
note: P_L_42 omitted because of collinearity.
note: P_L_43 omitted because of collinearity.
note: P_L_50 omitted because of collinearity.
note: P_L_51 omitted because of collinearity.
note: P_L_54 omitted because of collinearity.
note: P_L_59 omitted because of collinearity.
note: P_L_61 omitted because of collinearity.
note: P_L_66 omitted because of collinearity.
note: P_L_70 omitted because of collinearity.
note: P_L_73 omitted because of collinearity.
note: AlreadyAudited omitted because of collinearity.
note: Auditada omitted because of collinearity.
note: P_22 omitted because of collinearity
note: P_42 omitted because of collinearity
note: P_59 omitted because of collinearity
note: P_61 omitted because of collinearity
note: P_64 omitted because of collinearity
note: P_69 omitted because of collinearity
note: P_73 omitted because of collinearity
note: P_79 omitted because of collinearity
note: P_L_40 omitted because of collinearity
note: P_L_55 omitted because of collinearity
note: P_L_65 omitted because of collinearity

Linear regression, absorbing indicators            Number of obs     = 110,720
Absorbed variable: clavedelaescuela                No. of categories =  16,445
                                                   F(92, 403)        =       .
                                                   Prob > F          =       .
                                                   R-squared         =  0.3989
                                                   Adj R-squared     =  0.2931
                                                   Root MSE          = 10.1477

                            (Std. err. adjusted for 404 clusters in clave_mun)
------------------------------------------------------------------------------
             |               Robust
        prop | Coefficient  std. err.      t    P>|t|     [95% conf. interval]
-------------+----------------------------------------------------------------
  Corrupt_15 |   .6238896   .2381612     2.62   0.009     .1556962    1.092083
     grade_1 |  -2.681033   .1932021   -13.88   0.000    -3.060843   -2.301223
     grade_2 |  -.9052929   .1058355    -8.55   0.000    -1.113351   -.6972343
      Turn_1 |  -8.045483    .654152   -12.30   0.000     -9.33146   -6.759507
      Turn_2 |  -9.060761    .668951   -13.54   0.000    -10.37583   -7.745692
      Turn_3 |  -10.95897   1.857104    -5.90   0.000    -14.60979   -7.308149
      Turn_4 |          0  (omitted)
        yy_1 |          0  (omitted)
        yy_2 |          0  (omitted)
        yy_3 |          0  (omitted)
        yy_4 |  -.8069572   .8694939    -0.93   0.354    -2.516267    .9023529
        yy_5 |  -.9611459   .7128153    -1.35   0.178    -2.362447    .4401548
        yy_6 |   1.092666   .9472111     1.15   0.249    -.7694254    2.954758
        yy_7 |   1.069794   .6815262     1.57   0.117    -.2699965    2.409585
        yy_8 |   .7675086   .6158931     1.25   0.213    -.4432558    1.978273
        yy_9 |     .22288   .6481752     0.34   0.731    -1.051347    1.497107
       yy_10 |   2.579668   .7051251     3.66   0.000     1.193485    3.965851
       yy_11 |          0  (omitted)
HOMI_CAP_MUN |  -466.0488   455.3213    -1.02   0.307     -1361.15    429.0526
       total |  -5.89e-11   2.25e-10    -0.26   0.793    -5.01e-10    3.83e-10
     mis_tot |   .5065232     1.0268     0.49   0.622     -1.51203    2.525077
         P_1 |   1.753394   2.697219     0.65   0.516    -3.548983    7.055771
         P_2 |   2.183113   2.531614     0.86   0.389    -2.793706    7.159931
         P_3 |   1.684559   2.835388     0.59   0.553    -3.889439    7.258557
         P_4 |  -9.605005    3.12918    -3.07   0.002    -15.75656   -3.453451
         P_5 |   .6606246   3.004698     0.22   0.826    -5.246214    6.567464
         P_6 |     1.7052   2.572294     0.66   0.508    -3.351591    6.761992
         P_7 |          0  (omitted)
         P_8 |  -5.376192   3.269109    -1.64   0.101    -11.80283    1.050445
         P_9 |   2.580875   2.705799     0.95   0.341    -2.738368    7.900118
        P_10 |  -1.521939    3.00639    -0.51   0.613    -7.432104    4.388226
        P_11 |  -10.22509   3.280761    -3.12   0.002    -16.67463   -3.775543
        P_12 |   -4.94395   3.296688    -1.50   0.134     -11.4248    1.536903
        P_13 |  -3.439353   2.781478    -1.24   0.217    -8.907371    2.028666
        P_14 |   1.104515   2.862761     0.39   0.700    -4.523295    6.732325
        P_15 |   -.100708   2.560955    -0.04   0.969    -5.135207    4.933791
        P_16 |  -1.906194   3.182028    -0.60   0.549    -8.161641    4.349253
        P_17 |  -.7459516   2.534336    -0.29   0.769    -5.728122    4.236219
        P_18 |          0  (omitted)
        P_19 |   .6548798   2.495076     0.26   0.793    -4.250109    5.559869
        P_20 |  -4.993515   3.496389    -1.43   0.154    -11.86695    1.879925
        P_21 |  -1.428998   2.607108    -0.55   0.584    -6.554228    3.696232
        P_22 |          0  (omitted)
        P_23 |  -.5169943   2.591523    -0.20   0.842    -5.611586    4.577598
        P_24 |   1.213022   2.660699     0.46   0.649    -4.017561    6.443606
        P_25 |   1.815929   4.034722     0.45   0.653    -6.115801    9.747659
        P_26 |          0  (omitted)
        P_27 |  -1.001547   2.540917    -0.39   0.694    -5.996653    3.993559
        P_28 |   5.063219   2.666533     1.90   0.058    -.1788331    10.30527
        P_29 |  -5.660876   2.608524    -2.17   0.031    -10.78889   -.5328621
        P_30 |   1.234652   2.666096     0.46   0.644     -4.00654    6.475844
        P_31 |          0  (omitted)
        P_32 |   2.092641   2.692595     0.78   0.438    -3.200646    7.385927
        P_33 |  -1.920897   2.667926    -0.72   0.472    -7.165687    3.323893
        P_34 |  -1.483137   3.099141    -0.48   0.633    -7.575639    4.609365
        P_35 |  -3.429646   2.763124    -1.24   0.215    -8.861582     2.00229
        P_36 |   1.895057   2.679055     0.71   0.480    -3.371611    7.161725
        P_37 |  -.5937689   2.652185    -0.22   0.823    -5.807614    4.620076
        P_38 |   1.525945   3.023068     0.50   0.614    -4.417008    7.468898
        P_39 |  -3.750816   2.925243    -1.28   0.201    -9.501458    1.999825
        P_40 |          0  (omitted)
        P_41 |   .0739286   2.594774     0.03   0.977    -5.027054    5.174912
        P_42 |          0  (omitted)
        P_43 |   .2138224   2.826443     0.08   0.940    -5.342591    5.770236
        P_44 |   3.125213   2.732563     1.14   0.253    -2.246645    8.497072
        P_45 |          0  (omitted)
        P_46 |          0  (omitted)
        P_47 |          0  (omitted)
        P_48 |   .0555261   2.531357     0.02   0.983    -4.920788     5.03184
        P_49 |          0  (omitted)
        P_50 |   .6976499    2.83465     0.25   0.806    -4.874897    6.270197
        P_51 |   .0178441   2.604053     0.01   0.995     -5.10138    5.137068
        P_52 |   2.071547   2.897232     0.72   0.475     -3.62403    7.767123
        P_53 |  -2.438177   3.154405    -0.77   0.440    -8.639321    3.762966
        P_54 |  -.7008964   2.656227    -0.26   0.792    -5.922687    4.520894
        P_55 |          0  (omitted)
        P_56 |          0  (omitted)
        P_57 |          0  (omitted)
        P_58 |   -1.65009   2.541136    -0.65   0.516    -6.645627    3.345447
        P_59 |          0  (omitted)
        P_60 |   .1343577   2.494235     0.05   0.957    -4.768979    5.037694
        P_61 |          0  (omitted)
        P_62 |   .0926713   2.476886     0.04   0.970     -4.77656    4.961903
        P_63 |  -7.037745    2.54045    -2.77   0.006    -12.03194   -2.043555
        P_64 |          0  (omitted)
        P_65 |          0  (omitted)
        P_66 |  -1.170779   2.358304    -0.50   0.620    -5.806894    3.465336
        P_67 |    .754703   2.532141     0.30   0.766    -4.223151    5.732557
        P_68 |   .2173655   2.593637     0.08   0.933    -4.881382    5.316113
        P_69 |          0  (omitted)
        P_70 |          0  (omitted)
        P_71 |  -1.360367   2.430796    -0.56   0.576    -6.138991    3.418257
        P_72 |   11.85486   2.845957     4.17   0.000     6.260085    17.44963
        P_73 |          0  (omitted)
        P_74 |          0  (omitted)
        P_75 |   -3.90617   1.703391    -2.29   0.022    -7.254811   -.5575293
        P_76 |  -4.838685   2.506436    -1.93   0.054    -9.766008    .0886378
        P_77 |   4.174649   2.956412     1.41   0.159    -1.637266    9.986564
        P_78 |   4.959309   2.714062     1.83   0.068    -.3761779     10.2948
        P_79 |          0  (omitted)
        P_80 |   1.010776   2.562379     0.39   0.693    -4.026523    6.048075
        P_81 |  -3.454688   2.900789    -1.19   0.234    -9.157256     2.24788
        P_82 |          0  (omitted)
       P_L_1 |   2.958609    2.87767     1.03   0.305    -2.698511    8.615728
       P_L_2 |  -2.105912   2.722852    -0.77   0.440    -7.458681    3.246856
       P_L_3 |  -.9294609    2.82447    -0.33   0.742    -6.481996    4.623074
       P_L_4 |   5.766076   2.996454     1.92   0.055    -.1245565    11.65671
       P_L_5 |   .1646381   2.759568     0.06   0.952    -5.260309    5.589585
       P_L_6 |   .6166559   2.707304     0.23   0.820    -4.705547    5.938859
       P_L_7 |   .1435129   2.726983     0.05   0.958    -5.217376    5.504402
       P_L_8 |   .6147289   2.863317     0.21   0.830    -5.014175    6.243633
       P_L_9 |   .0284697   2.818218     0.01   0.992    -5.511774    5.568714
      P_L_10 |          0  (omitted)
      P_L_11 |   2.323288   3.528017     0.66   0.511    -4.612328    9.258904
      P_L_12 |   .6132197   2.765737     0.22   0.825    -4.823854    6.050293
      P_L_13 |          0  (omitted)
      P_L_14 |   .5194598   3.089509     0.17   0.867    -5.554108    6.593027
      P_L_15 |          0  (omitted)
      P_L_16 |  -2.149882   2.783287    -0.77   0.440    -7.621456    3.321692
      P_L_17 |  -.8809727   2.794975    -0.32   0.753    -6.375525    4.613579
      P_L_18 |  -.0103922   2.748521    -0.00   0.997    -5.413621    5.392837
      P_L_19 |          0  (omitted)
      P_L_20 |    -1.5702    2.71526    -0.58   0.563    -6.908042    3.767642
      P_L_21 |    .446836   2.717615     0.16   0.869    -4.895637    5.789309
      P_L_22 |   1.367938   2.720594     0.50   0.615     -3.98039    6.716267
      P_L_23 |  -.9958331   2.610381    -0.38   0.703    -6.127497    4.135831
      P_L_24 |   .4149042   3.364675     0.12   0.902    -6.199602     7.02941
      P_L_25 |   .3059135   3.111571     0.10   0.922    -5.811024    6.422851
      P_L_26 |          0  (omitted)
      P_L_27 |          0  (omitted)
      P_L_28 |   .0899795   2.724798     0.03   0.974    -5.266614    5.446573
      P_L_29 |   8.061732   2.828461     2.85   0.005     2.501351    13.62211
      P_L_30 |  -1.804676   2.821439    -0.64   0.523    -7.351253    3.741901
      P_L_31 |   6.230179   2.694193     2.31   0.021     .9337517    11.52661
      P_L_32 |   5.349371   2.788214     1.92   0.056    -.1318892    10.83063
      P_L_33 |  -.4270047   3.039255    -0.14   0.888    -6.401779     5.54777
      P_L_34 |   2.498074   2.825095     0.88   0.377    -3.055689    8.051838
      P_L_35 |          0  (omitted)
      P_L_36 |          0  (omitted)
      P_L_37 |   .4769424   2.764181     0.17   0.863    -4.957072    5.910957
      P_L_38 |          0  (omitted)
      P_L_39 |          0  (omitted)
      P_L_40 |          0  (omitted)
      P_L_41 |          0  (omitted)
      P_L_42 |          0  (omitted)
      P_L_43 |          0  (omitted)
      P_L_44 |    .716042   2.984945     0.24   0.811    -5.151965    6.584049
      P_L_45 |  -1.417672   2.819876    -0.50   0.615    -6.961175    4.125831
      P_L_46 |  -.1946032   2.824085    -0.07   0.945     -5.74638    5.357174
      P_L_47 |  -3.063837   2.809684    -1.09   0.276    -8.587305     2.45963
      P_L_48 |   6.261564   2.712969     2.31   0.022     .9282258     11.5949
      P_L_49 |  -.8654906   3.113002    -0.28   0.781    -6.985241     5.25426
      P_L_50 |          0  (omitted)
      P_L_51 |          0  (omitted)
      P_L_52 |   .0561272   2.680175     0.02   0.983    -5.212742    5.324997
      P_L_53 |  -3.005482   3.492888    -0.86   0.390    -9.872039    3.861074
      P_L_54 |          0  (omitted)
      P_L_55 |          0  (omitted)
      P_L_56 |  -.2591119   2.559754    -0.10   0.919     -5.29125    4.773026
      P_L_57 |   .1724022   2.686426     0.06   0.949    -5.108756     5.45356
      P_L_58 |  -3.364742   2.663639    -1.26   0.207    -8.601105     1.87162
      P_L_59 |          0  (omitted)
      P_L_60 |  -10.61113   5.990041    -1.77   0.077    -22.38676    1.164498
      P_L_61 |          0  (omitted)
      P_L_62 |   1.619455   2.612804     0.62   0.536    -3.516974    6.755883
      P_L_63 |  -7.072178   3.957011    -1.79   0.075    -14.85114    .7067836
      P_L_64 |   1.702001   2.810348     0.61   0.545    -3.822772    7.226775
      P_L_65 |          0  (omitted)
      P_L_66 |          0  (omitted)
      P_L_67 |  -3.778601   3.602101    -1.05   0.295    -10.85986    3.302653
      P_L_68 |   3.257023   2.763291     1.18   0.239    -2.175242    8.689287
      P_L_69 |  -1.606852   3.030406    -0.53   0.596    -7.564231    4.350527
      P_L_70 |          0  (omitted)
      P_L_71 |    .091689   2.672796     0.03   0.973    -5.162676    5.346054
      P_L_72 |   .7816998   2.712857     0.29   0.773    -4.551419    6.114819
      P_L_73 |          0  (omitted)
CorruptPa~15 |   .2252806   .3277883     0.69   0.492     -.419108    .8696692
AlreadyAud~d |          0  (omitted)
    Auditada |          0  (omitted)
MismoParti~G |    .972181   .5938878     1.64   0.102    -.1953239    2.139686
       _cons |   11.82136   1.292987     9.14   0.000     9.279523    14.36321
------------------------------------------------------------------------------
r; t=10.43 15:45:28

. areg prop Corrupt_25 grade_1 grade_2 Turn_* yy_* HOMI_CAP_MUN  total mis_tot 
> P_* CorruptPast_25 Already Auditada MismoPartidoG if Auditada ==1,  absorb(cl
> avedela) cluster(clave_mun)
note: Turn_4 omitted because of collinearity.
note: yy_1 omitted because of collinearity.
note: yy_2 omitted because of collinearity.
note: yy_3 omitted because of collinearity.
note: yy_11 omitted because of collinearity.
note: P_7 omitted because of collinearity.
note: P_18 omitted because of collinearity.
note: P_26 omitted because of collinearity.
note: P_31 omitted because of collinearity.
note: P_40 omitted because of collinearity.
note: P_45 omitted because of collinearity.
note: P_46 omitted because of collinearity.
note: P_47 omitted because of collinearity.
note: P_49 omitted because of collinearity.
note: P_55 omitted because of collinearity.
note: P_56 omitted because of collinearity.
note: P_57 omitted because of collinearity.
note: P_65 omitted because of collinearity.
note: P_70 omitted because of collinearity.
note: P_74 omitted because of collinearity.
note: P_82 omitted because of collinearity.
note: P_L_10 omitted because of collinearity.
note: P_L_13 omitted because of collinearity.
note: P_L_15 omitted because of collinearity.
note: P_L_19 omitted because of collinearity.
note: P_L_26 omitted because of collinearity.
note: P_L_27 omitted because of collinearity.
note: P_L_35 omitted because of collinearity.
note: P_L_36 omitted because of collinearity.
note: P_L_38 omitted because of collinearity.
note: P_L_39 omitted because of collinearity.
note: P_L_41 omitted because of collinearity.
note: P_L_42 omitted because of collinearity.
note: P_L_43 omitted because of collinearity.
note: P_L_50 omitted because of collinearity.
note: P_L_51 omitted because of collinearity.
note: P_L_54 omitted because of collinearity.
note: P_L_59 omitted because of collinearity.
note: P_L_61 omitted because of collinearity.
note: P_L_66 omitted because of collinearity.
note: P_L_70 omitted because of collinearity.
note: P_L_73 omitted because of collinearity.
note: AlreadyAudited omitted because of collinearity.
note: Auditada omitted because of collinearity.
note: P_22 omitted because of collinearity
note: P_42 omitted because of collinearity
note: P_59 omitted because of collinearity
note: P_61 omitted because of collinearity
note: P_64 omitted because of collinearity
note: P_73 omitted because of collinearity
note: P_79 omitted because of collinearity
note: P_L_40 omitted because of collinearity
note: P_L_55 omitted because of collinearity
note: P_L_60 omitted because of collinearity
note: P_L_65 omitted because of collinearity

Linear regression, absorbing indicators            Number of obs     = 110,720
Absorbed variable: clavedelaescuela                No. of categories =  16,445
                                                   F(92, 403)        =       .
                                                   Prob > F          =       .
                                                   R-squared         =  0.3989
                                                   Adj R-squared     =  0.2932
                                                   Root MSE          = 10.1474

                            (Std. err. adjusted for 404 clusters in clave_mun)
------------------------------------------------------------------------------
             |               Robust
        prop | Coefficient  std. err.      t    P>|t|     [95% conf. interval]
-------------+----------------------------------------------------------------
  Corrupt_25 |    .675764   .2591399     2.61   0.009     .1663292    1.185199
     grade_1 |  -2.681156   .1931999   -13.88   0.000    -3.060962   -2.301351
     grade_2 |  -.9054998   .1058304    -8.56   0.000    -1.113549   -.6974512
      Turn_1 |  -8.143512   .6490906   -12.55   0.000    -9.419538   -6.867485
      Turn_2 |  -9.159485   .6661801   -13.75   0.000    -10.46911   -7.849863
      Turn_3 |  -11.03904   1.849768    -5.97   0.000    -14.67544   -7.402635
      Turn_4 |          0  (omitted)
        yy_1 |          0  (omitted)
        yy_2 |          0  (omitted)
        yy_3 |          0  (omitted)
        yy_4 |  -.8482838    .862244    -0.98   0.326    -2.543342     .846774
        yy_5 |  -1.079676    .704624    -1.53   0.126    -2.464873    .3055219
        yy_6 |   1.044126   .9590995     1.09   0.277    -.8413368    2.929589
        yy_7 |   1.018382   .6722314     1.51   0.131    -.3031359      2.3399
        yy_8 |   .7330272   .6136056     1.19   0.233    -.4732403    1.939295
        yy_9 |   .2308963   .6423779     0.36   0.719    -1.031934    1.493726
       yy_10 |   2.606262   .7039611     3.70   0.000     1.222368    3.990157
       yy_11 |          0  (omitted)
HOMI_CAP_MUN |  -452.7264   432.6758    -1.05   0.296     -1303.31    397.8572
       total |  -8.50e-11   2.20e-10    -0.39   0.700    -5.18e-10    3.48e-10
     mis_tot |   .4324247   1.033499     0.42   0.676    -1.599298    2.464147
         P_1 |    1.73333   2.704905     0.64   0.522    -3.584155    7.050816
         P_2 |   2.189836   2.559417     0.86   0.393     -2.84164    7.221311
         P_3 |   1.729405   2.837913     0.61   0.543    -3.849557    7.308367
         P_4 |  -9.546305   3.153795    -3.03   0.003    -15.74625    -3.34636
         P_5 |   .0969142   3.038082     0.03   0.975    -5.875555    6.069383
         P_6 |   1.823866   2.601287     0.70   0.484    -3.289921    6.937654
         P_7 |          0  (omitted)
         P_8 |  -4.939662   3.339772    -1.48   0.140    -11.50521    1.625888
         P_9 |   2.549217   2.743335     0.93   0.353    -2.843816    7.942251
        P_10 |  -1.677173   3.059537    -0.55   0.584    -7.691819    4.337474
        P_11 |  -9.754696   3.321688    -2.94   0.004     -16.2847   -3.224697
        P_12 |  -4.542941   3.348563    -1.36   0.176    -11.12577    2.039893
        P_13 |  -3.711062   2.848518    -1.30   0.193    -9.310873    1.888749
        P_14 |   1.149309   2.891078     0.40   0.691    -4.534169    6.832787
        P_15 |  -.0332231    2.59141    -0.01   0.990    -5.127592    5.061146
        P_16 |   -1.73673    3.22288    -0.54   0.590    -8.072487    4.599027
        P_17 |  -.8813424   2.551031    -0.35   0.730    -5.896333    4.133648
        P_18 |          0  (omitted)
        P_19 |   .7237654   2.518057     0.29   0.774    -4.226401    5.673932
        P_20 |  -5.087899   3.528455    -1.44   0.150    -12.02437    1.848577
        P_21 |   -1.41656   2.630083    -0.54   0.590    -6.586956    3.753836
        P_22 |          0  (omitted)
        P_23 |  -.4028646   2.615422    -0.15   0.878    -5.544439     4.73871
        P_24 |   1.166302   2.685856     0.43   0.664    -4.113737    6.446341
        P_25 |   1.237396    4.16261     0.30   0.766    -6.945745    9.420536
        P_26 |          0  (omitted)
        P_27 |  -1.044057   2.563742    -0.41   0.684    -6.084035     3.99592
        P_28 |   4.980901   2.617941     1.90   0.058    -.1656248    10.12743
        P_29 |  -5.585318   2.628657    -2.12   0.034    -10.75291   -.4177254
        P_30 |   1.116889   2.677041     0.42   0.677    -4.145819    6.379598
        P_31 |          0  (omitted)
        P_32 |   2.179551   2.731009     0.80   0.425    -3.189251    7.548353
        P_33 |  -1.935873   2.686378    -0.72   0.472    -7.216938    3.345192
        P_34 |  -1.512672   3.123432    -0.48   0.628    -7.652926    4.627583
        P_35 |  -3.378631   2.773801    -1.22   0.224    -8.831558    2.074295
        P_36 |   1.831122   2.689869     0.68   0.496    -3.456806     7.11905
        P_37 |  -.2528279    2.65094    -0.10   0.924    -5.464226     4.95857
        P_38 |   1.572672   3.061374     0.51   0.608    -4.445585     7.59093
        P_39 |  -3.688448   2.961047    -1.25   0.214    -9.509476    2.132579
        P_40 |          0  (omitted)
        P_41 |   .0127202   2.625043     0.00   0.996    -5.147767    5.173207
        P_42 |          0  (omitted)
        P_43 |   .1588974   2.840986     0.06   0.955    -5.426106    5.743901
        P_44 |   3.136051   2.760654     1.14   0.257     -2.29103    8.563132
        P_45 |          0  (omitted)
        P_46 |          0  (omitted)
        P_47 |          0  (omitted)
        P_48 |    .150791   2.558227     0.06   0.953    -4.878345    5.179927
        P_49 |          0  (omitted)
        P_50 |   .6965384   2.845756     0.24   0.807    -4.897842    6.290919
        P_51 |  -.2226931   2.594527    -0.09   0.932    -5.323191    4.877805
        P_52 |   2.081693   2.939354     0.71   0.479     -3.69669    7.860075
        P_53 |  -2.291342   3.195615    -0.72   0.474      -8.5735    3.990816
        P_54 |  -.3624904   2.654139    -0.14   0.891    -5.580177    4.855196
        P_55 |          0  (omitted)
        P_56 |          0  (omitted)
        P_57 |          0  (omitted)
        P_58 |  -1.790367   2.558804    -0.70   0.485    -6.820637    3.239903
        P_59 |          0  (omitted)
        P_60 |  -.0222293   2.522981    -0.01   0.993    -4.982077    4.937618
        P_61 |          0  (omitted)
        P_62 |   .0166194   2.501022     0.01   0.995    -4.900059    4.933298
        P_63 |  -6.594111   2.597859    -2.54   0.012    -11.70116   -1.487063
        P_64 |          0  (omitted)
        P_65 |          0  (omitted)
        P_66 |   -1.19391   2.380844    -0.50   0.616    -5.874335    3.486515
        P_67 |   .7769806   2.552311     0.30   0.761    -4.240525    5.794487
        P_68 |   .2203298   2.605815     0.08   0.933    -4.902358    5.343018
        P_69 |   10.79805   5.997413     1.80   0.073     -.992067    22.58818
        P_70 |          0  (omitted)
        P_71 |  -1.197169   2.457764    -0.49   0.626    -6.028809     3.63447
        P_72 |   11.88747   2.862331     4.15   0.000     6.260508    17.51444
        P_73 |          0  (omitted)
        P_74 |          0  (omitted)
        P_75 |  -3.775123   1.717991    -2.20   0.029    -7.152466   -.3977806
        P_76 |  -4.336266   2.548215    -1.70   0.090     -9.34572    .6731887
        P_77 |   3.981992   2.992492     1.33   0.184    -1.900851    9.864836
        P_78 |   4.928508   2.742092     1.80   0.073    -.4620827     10.3191
        P_79 |          0  (omitted)
        P_80 |   .9324269   2.581854     0.36   0.718    -4.143157    6.008011
        P_81 |  -3.669628    2.95195    -1.24   0.215    -9.472772    2.133515
        P_82 |          0  (omitted)
       P_L_1 |   2.913314   2.891531     1.01   0.314    -2.771054    8.597682
       P_L_2 |  -2.324539   2.755089    -0.84   0.399    -7.740679    3.091601
       P_L_3 |  -1.218397   2.863931    -0.43   0.671    -6.848507    4.411713
       P_L_4 |   5.660996     3.0142     1.88   0.061    -.2645231    11.58652
       P_L_5 |   .5197321   2.801819     0.19   0.853    -4.988274    6.027738
       P_L_6 |   .5065831   2.739116     0.18   0.853    -4.878158    5.891324
       P_L_7 |  -.1284047   2.764529    -0.05   0.963    -5.563104    5.306295
       P_L_8 |   .4555822   2.903427     0.16   0.875    -5.252171    6.163335
       P_L_9 |  -.0983991    2.84561    -0.03   0.972    -5.692493    5.495695
      P_L_10 |          0  (omitted)
      P_L_11 |   2.065185   3.619667     0.57   0.569    -5.050603    9.180972
      P_L_12 |   .5127823   2.801564     0.18   0.855    -4.994723    6.020288
      P_L_13 |          0  (omitted)
      P_L_14 |   .4201523   3.118983     0.13   0.893    -5.711357    6.551661
      P_L_15 |          0  (omitted)
      P_L_16 |  -2.383795   2.831777    -0.84   0.400    -7.950695    3.183104
      P_L_17 |  -1.098221   2.813458    -0.39   0.696    -6.629107    4.432666
      P_L_18 |   -.051629   2.778084    -0.02   0.985    -5.512975    5.409717
      P_L_19 |          0  (omitted)
      P_L_20 |  -1.640442   2.744242    -0.60   0.550    -7.035259    3.754375
      P_L_21 |   .3389104   2.745927     0.12   0.902     -5.05922    5.737041
      P_L_22 |   1.230409   2.748759     0.45   0.655    -4.173288    6.634106
      P_L_23 |  -.9751839   2.639304    -0.37   0.712    -6.163706    4.213339
      P_L_24 |   .3868056   3.380114     0.11   0.909    -6.258053    7.031664
      P_L_25 |   .8553322   3.197659     0.27   0.789    -5.430842    7.141507
      P_L_26 |          0  (omitted)
      P_L_27 |          0  (omitted)
      P_L_28 |  -.0273448   2.755698    -0.01   0.992    -5.444683    5.389993
      P_L_29 |   7.577478   2.855083     2.65   0.008     1.964763    13.19019
      P_L_30 |  -1.952147   2.849398    -0.69   0.494    -7.553687    3.649394
      P_L_31 |   6.070922   2.725509     2.23   0.026      .712932    11.42891
      P_L_32 |   4.855775   2.812726     1.73   0.085    -.6736736    10.38522
      P_L_33 |   .0716387   3.107876     0.02   0.982    -6.038035    6.181312
      P_L_34 |   2.259159   2.860921     0.79   0.430    -3.365033    7.883351
      P_L_35 |          0  (omitted)
      P_L_36 |          0  (omitted)
      P_L_37 |   .3372468   2.800621     0.12   0.904    -5.168405    5.842898
      P_L_38 |          0  (omitted)
      P_L_39 |          0  (omitted)
      P_L_40 |          0  (omitted)
      P_L_41 |          0  (omitted)
      P_L_42 |          0  (omitted)
      P_L_43 |          0  (omitted)
      P_L_44 |   .6526262   3.019186     0.22   0.829    -5.282696    6.587948
      P_L_45 |  -.8504973   2.827114    -0.30   0.764     -6.40823    4.707235
      P_L_46 |  -.1489934   2.870647    -0.05   0.959    -5.792307     5.49432
      P_L_47 |  -3.313284    2.83185    -1.17   0.243    -8.880326    2.253759
      P_L_48 |   5.774994   2.741538     2.11   0.036     .3854926     11.1645
      P_L_49 |  -.9636462   3.154604    -0.31   0.760    -7.165181    5.237889
      P_L_50 |          0  (omitted)
      P_L_51 |          0  (omitted)
      P_L_52 |  -.1426818   2.710537    -0.05   0.958     -5.47124    5.185876
      P_L_53 |  -3.384604   3.591157    -0.94   0.347    -10.44434    3.675135
      P_L_54 |          0  (omitted)
      P_L_55 |          0  (omitted)
      P_L_56 |  -.3207092    2.59155    -0.12   0.902    -5.415354    4.773936
      P_L_57 |     .07141   2.718053     0.03   0.979    -5.271924    5.414744
      P_L_58 |   -3.44668   2.693175    -1.28   0.201    -8.741107    1.847746
      P_L_59 |          0  (omitted)
      P_L_60 |          0  (omitted)
      P_L_61 |          0  (omitted)
      P_L_62 |   1.442398   2.632436     0.55   0.584    -3.732623     6.61742
      P_L_63 |  -7.255184   3.926156    -1.85   0.065    -14.97349    .4631199
      P_L_64 |   1.597299   2.843178     0.56   0.575    -3.992012    7.186611
      P_L_65 |          0  (omitted)
      P_L_66 |          0  (omitted)
      P_L_67 |  -4.161313   3.697528    -1.13   0.261    -11.43016    3.107538
      P_L_68 |   2.987691   2.803803     1.07   0.287    -2.524215    8.499597
      P_L_69 |   -1.82754   3.059105    -0.60   0.551    -7.841337    4.186257
      P_L_70 |          0  (omitted)
      P_L_71 |  -.0449326   2.710434    -0.02   0.987    -5.373288    5.283423
      P_L_72 |   .5942305   2.741567     0.22   0.829    -4.795329     5.98379
      P_L_73 |          0  (omitted)
CorruptPa~25 |   .1303339   .3426877     0.38   0.704    -.5433447    .8040126
AlreadyAud~d |          0  (omitted)
    Auditada |          0  (omitted)
MismoParti~G |   1.031221   .5977601     1.73   0.085     -.143896    2.206339
       _cons |   12.15896   1.271527     9.56   0.000     9.659307    14.65861
------------------------------------------------------------------------------
r; t=10.49 15:45:38

. areg prop ln_unau grade_1 grade_2 Turn_* yy_* HOMI_CAP_MUN  total mis_tot P_*
>  CorruptPast Already Auditada  MismoPartidoG if Auditada ==1,  absorb(clavede
> la) cluster(clave_mun)
note: Turn_4 omitted because of collinearity.
note: yy_1 omitted because of collinearity.
note: yy_2 omitted because of collinearity.
note: yy_3 omitted because of collinearity.
note: yy_11 omitted because of collinearity.
note: P_7 omitted because of collinearity.
note: P_18 omitted because of collinearity.
note: P_26 omitted because of collinearity.
note: P_31 omitted because of collinearity.
note: P_40 omitted because of collinearity.
note: P_45 omitted because of collinearity.
note: P_46 omitted because of collinearity.
note: P_47 omitted because of collinearity.
note: P_49 omitted because of collinearity.
note: P_55 omitted because of collinearity.
note: P_56 omitted because of collinearity.
note: P_57 omitted because of collinearity.
note: P_65 omitted because of collinearity.
note: P_70 omitted because of collinearity.
note: P_74 omitted because of collinearity.
note: P_82 omitted because of collinearity.
note: P_L_10 omitted because of collinearity.
note: P_L_13 omitted because of collinearity.
note: P_L_15 omitted because of collinearity.
note: P_L_19 omitted because of collinearity.
note: P_L_26 omitted because of collinearity.
note: P_L_27 omitted because of collinearity.
note: P_L_35 omitted because of collinearity.
note: P_L_36 omitted because of collinearity.
note: P_L_38 omitted because of collinearity.
note: P_L_39 omitted because of collinearity.
note: P_L_41 omitted because of collinearity.
note: P_L_42 omitted because of collinearity.
note: P_L_43 omitted because of collinearity.
note: P_L_50 omitted because of collinearity.
note: P_L_51 omitted because of collinearity.
note: P_L_54 omitted because of collinearity.
note: P_L_59 omitted because of collinearity.
note: P_L_61 omitted because of collinearity.
note: P_L_66 omitted because of collinearity.
note: P_L_70 omitted because of collinearity.
note: P_L_73 omitted because of collinearity.
note: AlreadyAudited omitted because of collinearity.
note: Auditada omitted because of collinearity.
note: P_22 omitted because of collinearity
note: P_42 omitted because of collinearity
note: P_59 omitted because of collinearity
note: P_61 omitted because of collinearity
note: P_64 omitted because of collinearity
note: P_73 omitted because of collinearity
note: P_79 omitted because of collinearity
note: P_L_40 omitted because of collinearity
note: P_L_55 omitted because of collinearity
note: P_L_60 omitted because of collinearity
note: P_L_65 omitted because of collinearity

Linear regression, absorbing indicators            Number of obs     = 110,720
Absorbed variable: clavedelaescuela                No. of categories =  16,445
                                                   F(92, 403)        =       .
                                                   Prob > F          =       .
                                                   R-squared         =  0.3989
                                                   Adj R-squared     =  0.2931
                                                   Root MSE          = 10.1475

                            (Std. err. adjusted for 404 clusters in clave_mun)
------------------------------------------------------------------------------
             |               Robust
        prop | Coefficient  std. err.      t    P>|t|     [95% conf. interval]
-------------+----------------------------------------------------------------
     ln_unau |   .2327971   .0771379     3.02   0.003     .0811542      .38444
     grade_1 |  -2.681437   .1932081   -13.88   0.000    -3.061259   -2.301615
     grade_2 |  -.9055577   .1058373    -8.56   0.000     -1.11362   -.6974955
      Turn_1 |  -8.279509   .7078601   -11.70   0.000    -9.671068   -6.887949
      Turn_2 |   -9.29512   .7188882   -12.93   0.000    -10.70836    -7.88188
      Turn_3 |  -11.17108    1.88355    -5.93   0.000    -14.87389    -7.46827
      Turn_4 |          0  (omitted)
        yy_1 |          0  (omitted)
        yy_2 |          0  (omitted)
        yy_3 |          0  (omitted)
        yy_4 |  -.8879194   .8698401    -1.02   0.308     -2.59791    .8220713
        yy_5 |  -1.087904   .7363149    -1.48   0.140    -2.535402    .3595937
        yy_6 |   1.018055   .9512525     1.07   0.285    -.8519814    2.888092
        yy_7 |   .9783392   .6839014     1.43   0.153    -.3661205    2.322799
        yy_8 |     .69984   .6160159     1.14   0.257    -.5111659    1.910846
        yy_9 |   .2207364   .6436812     0.34   0.732    -1.044656    1.486129
       yy_10 |   2.592888   .7055542     3.67   0.000     1.205861    3.979914
       yy_11 |          0  (omitted)
HOMI_CAP_MUN |  -459.1268   435.1971    -1.05   0.292    -1314.667    396.4134
       total |  -9.80e-11   2.28e-10    -0.43   0.667    -5.45e-10    3.49e-10
     mis_tot |   .4354524   1.023874     0.43   0.671    -1.577349    2.448254
         P_1 |   1.769657   2.673075     0.66   0.508    -3.485255    7.024569
         P_2 |   2.139638   2.504376     0.85   0.393    -2.783635    7.062911
         P_3 |   1.899129   2.802414     0.68   0.498    -3.610047    7.408304
         P_4 |  -9.246943    3.18884    -2.90   0.004    -15.51578   -2.978104
         P_5 |   .4968889   3.040579     0.16   0.870    -5.480487    6.474265
         P_6 |   1.834876     2.5526     0.72   0.473    -3.183199    6.852952
         P_7 |          0  (omitted)
         P_8 |  -5.008069   3.200035    -1.57   0.118    -11.29891    1.282776
         P_9 |   2.810296    2.68775     1.05   0.296    -2.473466    8.094058
        P_10 |  -1.263739   3.036977    -0.42   0.678    -7.234035    4.706558
        P_11 |  -9.449285   3.229504    -2.93   0.004    -15.79806   -3.100506
        P_12 |  -4.476988   3.206177    -1.40   0.163    -10.77991    1.825932
        P_13 |  -3.229066   2.816882    -1.15   0.252    -8.766683    2.308552
        P_14 |   1.435118   2.853907     0.50   0.615    -4.175287    7.045523
        P_15 |   .2139043   2.576974     0.08   0.934    -4.852087    5.279895
        P_16 |  -1.652866    3.17566    -0.52   0.603    -7.895793    4.590062
        P_17 |  -.7170852   2.502054    -0.29   0.775    -5.635792    4.201622
        P_18 |          0  (omitted)
        P_19 |   .7913771    2.46832     0.32   0.749    -4.061015    5.643769
        P_20 |  -5.168369   3.443482    -1.50   0.134     -11.9378    1.601062
        P_21 |  -1.246187   2.588324    -0.48   0.630    -6.334489    3.842115
        P_22 |          0  (omitted)
        P_23 |  -.1544069     2.5714    -0.06   0.952    -5.209439    4.900625
        P_24 |   1.462656   2.618772     0.56   0.577    -3.685505    6.610817
        P_25 |   1.775968   4.210831     0.42   0.673    -6.501969     10.0539
        P_26 |          0  (omitted)
        P_27 |  -.9447659   2.513951    -0.38   0.707    -5.886861    3.997329
        P_28 |   5.103166   2.589307     1.97   0.049     .0129313     10.1934
        P_29 |  -5.509658   2.588745    -2.13   0.034    -10.59879   -.4205277
        P_30 |   1.413551   2.634949     0.54   0.592    -3.766411    6.593513
        P_31 |          0  (omitted)
        P_32 |   2.366679   2.731712     0.87   0.387    -3.003506    7.736863
        P_33 |  -1.833209   2.619625    -0.70   0.484    -6.983046    3.316627
        P_34 |  -1.314884   3.079907    -0.43   0.670    -7.369575    4.739806
        P_35 |   -3.30752   2.743743    -1.21   0.229    -8.701357    2.086317
        P_36 |    2.02222   2.642073     0.77   0.444    -3.171747    7.216187
        P_37 |  -.0896427   2.634871    -0.03   0.973     -5.26945    5.090165
        P_38 |   1.815053   3.067588     0.59   0.554    -4.215419    7.845526
        P_39 |  -3.568113   2.935833    -1.22   0.225    -9.339572    2.203346
        P_40 |          0  (omitted)
        P_41 |   .2549634    2.57414     0.10   0.921    -4.805457    5.315383
        P_42 |          0  (omitted)
        P_43 |    .323342    2.78783     0.12   0.908    -5.157163    5.803847
        P_44 |   3.218967   2.707104     1.19   0.235    -2.102842    8.540775
        P_45 |          0  (omitted)
        P_46 |          0  (omitted)
        P_47 |          0  (omitted)
        P_48 |   .2971841   2.497442     0.12   0.905    -4.612457    5.206826
        P_49 |          0  (omitted)
        P_50 |   .9293878   2.815772     0.33   0.742    -4.606048    6.464823
        P_51 |   .0596673   2.526524     0.02   0.981    -4.907145    5.026479
        P_52 |   2.409632   2.875088     0.84   0.402    -3.242412    8.061675
        P_53 |  -2.249181   3.153041    -0.71   0.476    -8.447643     3.94928
        P_54 |  -.2924115   2.647609    -0.11   0.912     -5.49726    4.912437
        P_55 |          0  (omitted)
        P_56 |          0  (omitted)
        P_57 |          0  (omitted)
        P_58 |  -1.664328    2.50574    -0.66   0.507    -6.590282    3.261626
        P_59 |          0  (omitted)
        P_60 |   .1698114   2.474871     0.07   0.945    -4.695459    5.035081
        P_61 |          0  (omitted)
        P_62 |   .1555759   2.450393     0.06   0.949    -4.661574    4.972725
        P_63 |  -6.586602   2.509336    -2.62   0.009    -11.51963   -1.653579
        P_64 |          0  (omitted)
        P_65 |          0  (omitted)
        P_66 |  -1.081703   2.327691    -0.46   0.642    -5.657638    3.494231
        P_67 |   .8930571   2.506797     0.36   0.722    -4.034975    5.821089
        P_68 |   .3386967   2.552049     0.13   0.894    -4.678295    5.355688
        P_69 |   11.16365   5.931572     1.88   0.061    -.4970403    22.82433
        P_70 |          0  (omitted)
        P_71 |  -1.112395   2.404348    -0.46   0.644    -5.839026    3.614235
        P_72 |   11.89912   2.804544     4.24   0.000     6.385761    17.41249
        P_73 |          0  (omitted)
        P_74 |          0  (omitted)
        P_75 |  -3.690691    1.62528    -2.27   0.024    -6.885776   -.4956061
        P_76 |  -4.393457   2.460751    -1.79   0.075    -9.230969    .4440555
        P_77 |   4.242724   2.926838     1.45   0.148    -1.511052      9.9965
        P_78 |    4.98906   2.690228     1.85   0.064    -.2995724    10.27769
        P_79 |          0  (omitted)
        P_80 |   1.050477   2.540224     0.41   0.679    -3.943267    6.044221
        P_81 |  -3.270474   2.932139    -1.12   0.265    -9.034672    2.493725
        P_82 |          0  (omitted)
       P_L_1 |   2.919951   2.864396     1.02   0.309    -2.711073    8.550974
       P_L_2 |  -2.270799   2.714331    -0.84   0.403    -7.606816    3.065218
       P_L_3 |  -1.111172   2.829969    -0.39   0.695    -6.674518    4.452173
       P_L_4 |   5.551075   3.000257     1.85   0.065    -.3470342    11.44918
       P_L_5 |   .4093143   2.760807     0.15   0.882    -5.018068    5.836697
       P_L_6 |   .6856476   2.695442     0.25   0.799    -4.613236    5.984531
       P_L_7 |   .0575351   2.716941     0.02   0.983    -5.283611    5.398681
       P_L_8 |   .5972576   2.852063     0.21   0.834    -5.009521    6.204036
       P_L_9 |   -.119887   2.811908    -0.04   0.966    -5.647727    5.407953
      P_L_10 |          0  (omitted)
      P_L_11 |   2.062658     3.4999     0.59   0.556    -4.817683    8.942999
      P_L_12 |    .637632    2.75442     0.23   0.817    -4.777194    6.052458
      P_L_13 |          0  (omitted)
      P_L_14 |   .5207783   3.088861     0.17   0.866    -5.551515    6.593072
      P_L_15 |          0  (omitted)
      P_L_16 |  -2.103222   2.780031    -0.76   0.450    -7.568396    3.361952
      P_L_17 |  -1.154781   2.751027    -0.42   0.675    -6.562938    4.253376
      P_L_18 |  -.1053188   2.723418    -0.04   0.969      -5.4592    5.248562
      P_L_19 |          0  (omitted)
      P_L_20 |  -1.543718   2.704036    -0.57   0.568    -6.859495    3.772059
      P_L_21 |    .361564   2.712911     0.13   0.894     -4.97166    5.694788
      P_L_22 |   1.253861   2.709265     0.46   0.644    -4.072196    6.579918
      P_L_23 |  -.7847699   2.598742    -0.30   0.763    -5.893553    4.324014
      P_L_24 |   .4413552   3.370431     0.13   0.896    -6.184467    7.067178
      P_L_25 |   .3979057   3.194805     0.12   0.901    -5.882659    6.678471
      P_L_26 |          0  (omitted)
      P_L_27 |          0  (omitted)
      P_L_28 |   .0245338   2.715177     0.01   0.993    -5.313146    5.362214
      P_L_29 |    7.56338   2.815097     2.69   0.008     2.029271    13.09749
      P_L_30 |  -1.840943   2.811289    -0.65   0.513    -7.367565    3.685679
      P_L_31 |   6.021566   2.686927     2.24   0.026     .7394229    11.30371
      P_L_32 |   5.077432   2.779388     1.83   0.068    -.3864785    10.54134
      P_L_33 |   -.413921   3.099435    -0.13   0.894       -6.507    5.679158
      P_L_34 |   2.216524   2.831669     0.78   0.434    -3.350164    7.783211
      P_L_35 |          0  (omitted)
      P_L_36 |          0  (omitted)
      P_L_37 |   .4063971   2.758923     0.15   0.883    -5.017282    5.830076
      P_L_38 |          0  (omitted)
      P_L_39 |          0  (omitted)
      P_L_40 |          0  (omitted)
      P_L_41 |          0  (omitted)
      P_L_42 |          0  (omitted)
      P_L_43 |          0  (omitted)
      P_L_44 |   .6833082   2.986391     0.23   0.819    -5.187542    6.554159
      P_L_45 |  -1.285599   2.773615    -0.46   0.643     -6.73816    4.166962
      P_L_46 |  -.2126823   2.824196    -0.08   0.940    -5.764679    5.339315
      P_L_47 |  -3.321724   2.769671    -1.20   0.231     -8.76653    2.123083
      P_L_48 |    5.99814   2.698469     2.22   0.027     .6933061    11.30297
      P_L_49 |  -1.045227   3.093927    -0.34   0.736    -7.127479    5.037025
      P_L_50 |          0  (omitted)
      P_L_51 |          0  (omitted)
      P_L_52 |   -.092752   2.669774    -0.03   0.972    -5.341175    5.155671
      P_L_53 |  -2.932723   3.532332    -0.83   0.407    -9.876822    4.011376
      P_L_54 |          0  (omitted)
      P_L_55 |          0  (omitted)
      P_L_56 |  -.3242693   2.551641    -0.13   0.899    -5.340458    4.691919
      P_L_57 |   .0943188   2.679128     0.04   0.972    -5.172493     5.36113
      P_L_58 |  -3.291518   2.646387    -1.24   0.214    -8.493965    1.910929
      P_L_59 |          0  (omitted)
      P_L_60 |          0  (omitted)
      P_L_61 |          0  (omitted)
      P_L_62 |   1.448873   2.593236     0.56   0.577    -3.649087    6.546833
      P_L_63 |  -7.192758   3.899349    -1.84   0.066    -14.85836    .4728465
      P_L_64 |   1.634879   2.803511     0.58   0.560    -3.876454    7.146211
      P_L_65 |          0  (omitted)
      P_L_66 |          0  (omitted)
      P_L_67 |  -3.924575   3.640779    -1.08   0.282    -11.08187    3.232716
      P_L_68 |   2.947786   2.754959     1.07   0.285      -2.4681    8.363673
      P_L_69 |  -1.676722    3.00615    -0.56   0.577    -7.586416    4.232972
      P_L_70 |          0  (omitted)
      P_L_71 |  -.0506149   2.677602    -0.02   0.985    -5.314426    5.213196
      P_L_72 |   .6735679   2.703718     0.25   0.803    -4.641586    5.988721
      P_L_73 |          0  (omitted)
 CorruptPast |   .1476623   .2951822     0.50   0.617    -.4326269    .7279515
AlreadyAud~d |          0  (omitted)
    Auditada |          0  (omitted)
MismoParti~G |    .977167    .592054     1.65   0.100    -.1867329    2.141067
       _cons |   12.15063   1.291448     9.41   0.000     9.611811    14.68945
------------------------------------------------------------------------------
r; t=10.18 15:45:48

. 
. cap log close
