-------------------------------------------------------------------------------
      name:  <unnamed>
       log:  /project/Tables/Table1.txt
  log type:  text
 opened on:  30 Apr 2025, 15:25:36
r; t=0.00 15:25:36

. 
. ** Main Specification with and without controls, with FE
. ** TABLE 1
. 
. areg prop Corrupt grade_1 grade_2 Turn_* yy_* HOMI_CAP_MUN  total mis_tot P_*
>  CorruptPast Already Auditada trend* MismoPartidoG,  absorb(clavedelae) clust
> er(clave_mun)
note: Turn_4 omitted because of collinearity.
note: yy_1 omitted because of collinearity.
note: yy_2 omitted because of collinearity.
note: yy_3 omitted because of collinearity.
note: yy_11 omitted because of collinearity.
note: P_82 omitted because of collinearity.
note: P_L_70 omitted because of collinearity.
note: P_L_73 omitted because of collinearity.
note: trend_577 omitted because of collinearity.
note: trend_257 omitted because of collinearity
note: trend_345 omitted because of collinearity

Linear regression, absorbing indicators            Number of obs     = 340,009
Absorbed variable: clavedelaescuela                No. of categories =  21,759
                                                   F(168, 576)       =       .
                                                   Prob > F          =       .
                                                   R-squared         =  0.2759
                                                   Adj R-squared     =  0.2246
                                                   Root MSE          = 10.9691

                            (Std. err. adjusted for 577 clusters in clave_mun)
------------------------------------------------------------------------------
             |               Robust
        prop | Coefficient  std. err.      t    P>|t|     [95% conf. interval]
-------------+----------------------------------------------------------------
     Corrupt |   .3818405   .1743382     2.19   0.029     .0394244    .7242566
     grade_1 |  -2.637973   .1136423   -23.21   0.000    -2.861177    -2.41477
     grade_2 |  -.8617879   .0613769   -14.04   0.000    -.9823378   -.7412381
      Turn_1 |   1.239246    4.17416     0.30   0.767    -6.959185    9.437677
      Turn_2 |   .0801819    4.15549     0.02   0.985    -8.081578    8.241942
      Turn_3 |  -.3137291   4.293368    -0.07   0.942    -8.746295    8.118837
      Turn_4 |          0  (omitted)
        yy_1 |          0  (omitted)
        yy_2 |          0  (omitted)
        yy_3 |          0  (omitted)
        yy_4 |  -1.081447   1.323516    -0.82   0.414    -3.680952    1.518059
        yy_5 |   -.708958   1.143674    -0.62   0.536    -2.955238    1.537322
        yy_6 |    2.61784   1.000921     2.62   0.009     .6519403     4.58374
        yy_7 |   .8310119   .7955077     1.04   0.297    -.7314376    2.393462
        yy_8 |   1.220424   .6312185     1.93   0.054    -.0193464    2.460195
        yy_9 |  -.0248885   .4253595    -0.06   0.953    -.8603332    .8105563
       yy_10 |   2.976685   .3540077     8.41   0.000     2.281381    3.671988
       yy_11 |          0  (omitted)
HOMI_CAP_MUN |  -88.12966   202.2576    -0.44   0.663     -485.382    309.1227
       total |  -1.95e-10   1.58e-10    -1.23   0.219    -5.05e-10    1.16e-10
     mis_tot |  -.5190675   .4570436    -1.14   0.257    -1.416743    .3786077
         P_1 |     3.6238    1.46353     2.48   0.014     .7492943    6.498306
         P_2 |   .6556091   1.067481     0.61   0.539     -1.44102    2.752238
         P_3 |   3.961837    1.27796     3.10   0.002     1.451807    6.471867
         P_4 |   1.905357   1.540872     1.24   0.217    -1.121055     4.93177
         P_5 |   2.962518   1.119582     2.65   0.008     .7635563    5.161479
         P_6 |   1.746394   1.076183     1.62   0.105     -.367328    3.860116
         P_7 |   5.076179   1.256557     4.04   0.000     2.608187    7.544172
         P_8 |   1.526702   1.121583     1.36   0.174    -.6761883    3.729593
         P_9 |   3.075409   1.094368     2.81   0.005     .9259706    5.224848
        P_10 |   2.121872   1.226488     1.73   0.084    -.2870615    4.530806
        P_11 |   -.514324   1.460106    -0.35   0.725    -3.382105    2.353457
        P_12 |   .4314799   1.608636     0.27   0.789    -2.728027    3.590987
        P_13 |   2.732815   1.158071     2.36   0.019      .458258    5.007372
        P_14 |   2.553002   1.394812     1.83   0.068    -.1865363    5.292539
        P_15 |   1.515235   1.077808     1.41   0.160    -.6016777    3.632148
        P_16 |   2.245539   1.158097     1.94   0.053    -.0290696    4.520148
        P_17 |   1.445429   1.285453     1.12   0.261    -1.079317    3.970175
        P_18 |  -10.76921    1.58844    -6.78   0.000    -13.88905    -7.64937
        P_19 |   1.565606   1.080135     1.45   0.148    -.5558778     3.68709
        P_20 |   3.989614   1.191167     3.35   0.001     1.650054    6.329174
        P_21 |   1.375128   1.080639     1.27   0.204     -.747346    3.497602
        P_22 |    1.56632   1.086639     1.44   0.150    -.5679391    3.700579
        P_23 |   2.410105   1.159144     2.08   0.038      .133441    4.686769
        P_24 |   3.651432   1.148688     3.18   0.002     1.395304     5.90756
        P_25 |   3.327648   1.242153     2.68   0.008     .8879463    5.767351
        P_26 |   2.207769     1.1484     1.92   0.055    -.0477927    4.463331
        P_27 |   1.798727   1.082851     1.66   0.097    -.3280903    3.925544
        P_28 |   1.747069   1.170993     1.49   0.136     -.552867    4.047006
        P_29 |   .9989307   1.173196     0.85   0.395    -1.305333    3.303194
        P_30 |   3.439417   1.177936     2.92   0.004     1.125844     5.75299
        P_31 |   2.523952   1.282949     1.97   0.050      .004123     5.04378
        P_32 |   4.537952   1.160159     3.91   0.000     2.259294     6.81661
        P_33 |  -.0011469    1.17605    -0.00   0.999    -2.311016    2.308723
        P_34 |   2.656984   1.334833     1.99   0.047     .0352493    5.278718
        P_35 |   3.595286   1.239674     2.90   0.004     1.160453    6.030118
        P_36 |   3.208951   1.104018     2.91   0.004     1.040559    5.377343
        P_37 |   2.127313   1.314779     1.62   0.106    -.4550332    4.709658
        P_38 |   3.783299   1.164305     3.25   0.001     1.496497      6.0701
        P_39 |   3.404398     1.1537     2.95   0.003     1.138426     5.67037
        P_40 |   3.294786   1.134699     2.90   0.004     1.066134    5.523437
        P_41 |   2.428429   1.095813     2.22   0.027     .2761519    4.580705
        P_42 |  -6.663175   1.272512    -5.24   0.000    -9.162505   -4.163846
        P_43 |   2.029016   1.287116     1.58   0.115    -.4989979    4.557029
        P_44 |  -1.277396   1.186579    -1.08   0.282    -3.607946    1.053153
        P_45 |   1.987073   1.185148     1.68   0.094    -.3406645    4.314811
        P_46 |  -5.988933   1.309662    -4.57   0.000    -8.561229   -3.416638
        P_47 |   2.216274   1.236982     1.79   0.074    -.2132701    4.645819
        P_48 |   2.987553   1.209796     2.47   0.014      .611403    5.363704
        P_49 |  -.8079913   1.131404    -0.71   0.475    -3.030173     1.41419
        P_50 |   3.988512   1.342339     2.97   0.003     1.352035    6.624989
        P_51 |   1.105228   1.075235     1.03   0.304    -1.006631    3.217088
        P_52 |   2.702428   1.385275     1.95   0.052     -.018379    5.423234
        P_53 |   1.410663   1.208138     1.17   0.243    -.9622292    3.783555
        P_54 |   .7910079   1.168044     0.68   0.499    -1.503137    3.085152
        P_55 |  -2.714083   1.074411    -2.53   0.012    -4.824324   -.6038419
        P_56 |  -7.704412   5.726544    -1.35   0.179    -18.95187    3.543042
        P_57 |   3.340829    1.08274     3.09   0.002     1.214229    5.467429
        P_58 |    1.95585   1.097218     1.78   0.075    -.1991861    4.110887
        P_59 |   1.710084   1.386163     1.23   0.218    -1.012466    4.432634
        P_60 |   1.830757   1.246063     1.47   0.142    -.6166237    4.278138
        P_61 |   .9380361   1.090859     0.86   0.390     -1.20451    3.080582
        P_62 |   2.031725   1.058475     1.92   0.055    -.0472167    4.110666
        P_63 |   .7454705   1.122968     0.66   0.507    -1.460142    2.951083
        P_64 |   2.018356   1.257222     1.61   0.109    -.4509419    4.487655
        P_65 |   .2703691    2.46435     0.11   0.913    -4.569839    5.110577
        P_66 |   1.184863   1.078728     1.10   0.272    -.9338572    3.303583
        P_67 |     2.2683   1.036415     2.19   0.029     .2326863    4.303913
        P_68 |   .6489325   1.168645     0.56   0.579    -1.646392    2.944257
        P_69 |   .0711595   1.121489     0.06   0.949    -2.131547    2.273866
        P_70 |   7.181118   3.243105     2.21   0.027     .8113658    13.55087
        P_71 |   3.158976   1.689374     1.87   0.062    -.1591095     6.47706
        P_72 |   1.779406   1.362664     1.31   0.192    -.8969891    4.455802
        P_73 |   2.519889   1.065123     2.37   0.018     .4278904    4.611887
        P_74 |   5.543211   1.129864     4.91   0.000     3.324056    7.762366
        P_75 |   2.678457   1.170959     2.29   0.023     .3785874    4.978326
        P_76 |   1.977095   1.328134     1.49   0.137    -.6314809     4.58567
        P_77 |   4.406082   1.556046     2.83   0.005     1.349865    7.462299
        P_78 |   3.092975   1.406585     2.20   0.028     .3303153    5.855636
        P_79 |    7.08875   5.590941     1.27   0.205    -3.892367    18.06987
        P_80 |     2.8121   1.151864     2.44   0.015     .5497355    5.074465
        P_81 |   4.446008   1.444362     3.08   0.002     1.609149    7.282867
        P_82 |          0  (omitted)
       P_L_1 |   1.425662   1.111575     1.28   0.200    -.7575728    3.608896
       P_L_2 |  -1.915544   .8429025    -2.27   0.023    -3.571081   -.2600071
       P_L_3 |   .2974326   .9387519     0.32   0.751    -1.546362    2.141227
       P_L_4 |   .5794289   1.210682     0.48   0.632     -1.79846    2.957318
       P_L_5 |   .3945497   1.034059     0.38   0.703    -1.636437    2.425536
       P_L_6 |    .312692    .909903     0.34   0.731     -1.47444    2.099824
       P_L_7 |  -.4333182   1.052748    -0.41   0.681    -2.501011    1.634374
       P_L_8 |  -.3089228   .8717515    -0.35   0.723    -2.021122    1.403276
       P_L_9 |   1.530661   .8766576     1.75   0.081    -.1911739    3.252497
      P_L_10 |   .6260391   1.121811     0.56   0.577      -1.5773    2.829378
      P_L_11 |   -.905296   1.080955    -0.84   0.403     -3.02839    1.217798
      P_L_12 |   1.947037   .9074268     2.15   0.032     .1647681    3.729306
      P_L_13 |   9.820051   .8826198    11.13   0.000     8.086505     11.5536
      P_L_14 |  -.4596672    1.01775    -0.45   0.652    -2.458621    1.539287
      P_L_15 |  -1.857316   1.236551    -1.50   0.134    -4.286014    .5713814
      P_L_16 |  -2.238105   .9338963    -2.40   0.017    -4.072363    -.403848
      P_L_17 |   .8678917   .9592261     0.90   0.366    -1.016116    2.751899
      P_L_18 |   1.665194   .9176795     1.81   0.070    -.1372121      3.4676
      P_L_19 |  -33.13777   2.638252   -12.56   0.000    -38.31953     -27.956
      P_L_20 |  -1.582858   .8663825    -1.83   0.068    -3.284513    .1187957
      P_L_21 |  -1.364027   .8858464    -1.54   0.124     -3.10391    .3758561
      P_L_22 |   .2948002   .8766476     0.34   0.737    -1.427015    2.016616
      P_L_23 |   .4258993   .8180797     0.52   0.603    -1.180884    2.032682
      P_L_24 |   2.452537   1.175261     2.09   0.037     .1442172    4.760857
      P_L_25 |   .2642443     .87097     0.30   0.762     -1.44642    1.974909
      P_L_26 |   .3918495   .8980918     0.44   0.663    -1.372085    2.155784
      P_L_27 |  -3.509633    .856621    -4.10   0.000    -5.192115   -1.827151
      P_L_28 |   .1831258   .8333765     0.22   0.826    -1.453702    1.819953
      P_L_29 |   1.605171   1.333155     1.20   0.229    -1.013268    4.223609
      P_L_30 |   .7936522   .9090124     0.87   0.383    -.9917309    2.579035
      P_L_31 |   1.475639   .9998635     1.48   0.141    -.4881834    3.439462
      P_L_32 |   2.422722   1.244564     1.95   0.052    -.0217151    4.867159
      P_L_33 |   .1373278   .8281416     0.17   0.868    -1.489218    1.763873
      P_L_34 |   .5343556   .8244424     0.65   0.517    -1.084924    2.153636
      P_L_35 |   2.811653   4.874594     0.58   0.564    -6.762494     12.3858
      P_L_36 |  -.2006712   .8902944    -0.23   0.822     -1.94929    1.547948
      P_L_37 |  -.1134019   .8656258    -0.13   0.896     -1.81357    1.586766
      P_L_38 |  -6.913799   .9575202    -7.22   0.000    -8.794456   -5.033143
      P_L_39 |  -2.757892   1.982434    -1.39   0.165    -6.651572    1.135788
      P_L_40 |   2.668769   1.017163     2.62   0.009     .6709688    4.666569
      P_L_41 |   2.143838   1.053661     2.03   0.042     .0743514    4.213325
      P_L_42 |  -6.574999   .9637889    -6.82   0.000    -8.467968    -4.68203
      P_L_43 |   2.801971   .9122095     3.07   0.002     1.010308    4.593633
      P_L_44 |   1.336153   1.036348     1.29   0.198    -.6993288    3.371635
      P_L_45 |  -1.626525   .8801296    -1.85   0.065    -3.355179      .10213
      P_L_46 |  -1.395319   .9984194    -1.40   0.163    -3.356305    .5656681
      P_L_47 |  -1.014889   1.194978    -0.85   0.396    -3.361935    1.332157
      P_L_48 |   2.686995   1.025745     2.62   0.009     .6723379    4.701653
      P_L_49 |   1.356384   .8706691     1.56   0.120    -.3536894    3.066457
      P_L_50 |   1.969922   1.246873     1.58   0.115    -.4790511    4.418895
      P_L_51 |   3.371527   .8093013     4.17   0.000     1.781986    4.961069
      P_L_52 |   .4084044   .7991852     0.51   0.610    -1.161268    1.978077
      P_L_53 |   .8067199   1.684598     0.48   0.632    -2.501983    4.115423
      P_L_54 |  -1.562302   2.584791    -0.60   0.546    -6.639067    3.514464
      P_L_55 |  -.0021831   1.026003    -0.00   0.998    -2.017345    2.012979
      P_L_56 |  -.0323939   .8028232    -0.04   0.968    -1.609212    1.544424
      P_L_57 |   .3229105   .7893054     0.41   0.683    -1.227357    1.873178
      P_L_58 |   -.728972   .9676689    -0.75   0.452    -2.629562    1.171618
      P_L_59 |   3.627972   .8357776     4.34   0.000     1.986429    5.269516
      P_L_60 |  -1.581214   1.169012    -1.35   0.177    -3.877259    .7148319
      P_L_61 |  -7.357853   5.786224    -1.27   0.204    -18.72252    4.006817
      P_L_62 |  -.9109017   1.087627    -0.84   0.403    -3.047101    1.225297
      P_L_63 |  -.9392045   2.079594    -0.45   0.652    -5.023716    3.145307
      P_L_64 |   3.285975   .9249386     3.55   0.000     1.469311    5.102638
      P_L_65 |  -1.808728   1.021507    -1.77   0.077    -3.815061    .1976053
      P_L_66 |   3.355158   1.237895     2.71   0.007     .9238195    5.786497
      P_L_67 |   2.948893    1.31552     2.24   0.025     .3650912    5.532694
      P_L_68 |   4.345799   1.171456     3.71   0.000     2.044953    6.646646
      P_L_69 |  -4.279479   1.810818    -2.36   0.018     -7.83609   -.7228672
      P_L_70 |          0  (omitted)
      P_L_71 |   .2339806   .8694984     0.27   0.788    -1.473793    1.941755
      P_L_72 |   5.208755   1.103292     4.72   0.000     3.041789     7.37572
      P_L_73 |          0  (omitted)
 CorruptPast |  -.0031774   .2147309    -0.01   0.988    -.4249285    .4185737
AlreadyAud~d |  -.1155593   .2016973    -0.57   0.567    -.5117112    .2805927
    Auditada |  -.2289871   .1393063    -1.64   0.101    -.5025973    .0446232
     trend_1 |  -.1753778   .2699382    -0.65   0.516     -.705561    .3548055
     trend_2 |  -.0425117   .2641966    -0.16   0.872    -.5614178    .4763945
     trend_3 |  -.0333482   .2488009    -0.13   0.893    -.5220157    .4553194
     trend_4 |   .2822791   .2661253     1.06   0.289    -.2404151    .8049733
     trend_5 |  -.0878584   .2699215    -0.33   0.745    -.6180089    .4422921
     trend_6 |  -.2438192   .2446817    -1.00   0.319    -.7243963    .2367579
     trend_7 |  -.3894639   .2830299    -1.38   0.169    -.9453604    .1664325
     trend_8 |  -.0729097   .2433494    -0.30   0.765      -.55087    .4050507
     trend_9 |  -.2152766   .2736965    -0.79   0.432    -.7528416    .3222883
    trend_10 |  -.2662623   .3148699    -0.85   0.398    -.8846954    .3521709
    trend_11 |  -1.396178   .3293408    -4.24   0.000    -2.043033   -.7493222
    trend_12 |  -1.473768   .3246594    -4.54   0.000    -2.111428   -.8361069
    trend_13 |  -1.458518   .3232159    -4.51   0.000    -2.093343   -.8236924
    trend_14 |  -1.306644   .3395344    -3.85   0.000     -1.97352   -.6397672
    trend_15 |  -1.786123   .3012537    -5.93   0.000    -2.377813   -1.194434
    trend_16 |   .1141185   .1985838     0.57   0.566    -.2759182    .5041553
    trend_17 |  -.1492792   .1897317    -0.79   0.432    -.5219296    .2233712
    trend_18 |  -.0999994   .1912243    -0.52   0.601    -.4755813    .2755826
    trend_19 |  -.1049296    .194744    -0.54   0.590    -.4874246    .2775653
    trend_20 |   .2331229   .2442713     0.95   0.340    -.2466483     .712894
    trend_21 |   -.488259   .3109142    -1.57   0.117    -1.098923    .1224048
    trend_22 |   -.093873   .1973358    -0.48   0.634    -.4814586    .2937126
    trend_23 |  -.4064516   .3077534    -1.32   0.187    -1.010907     .198004
    trend_24 |  -.2645481   .3087338    -0.86   0.392    -.8709295    .3418332
    trend_25 |   .1230222   .1942913     0.63   0.527    -.2585837     .504628
    trend_26 |   1.525439   .1910899     7.98   0.000     1.150121    1.900756
    trend_27 |  -.2714038    .299364    -0.91   0.365     -.859382    .3165744
    trend_28 |   2.107798   .1971501    10.69   0.000     1.720577    2.495019
    trend_29 |    .100075   .3090879     0.32   0.746    -.5070018    .7071518
    trend_30 |  -.8899418   .3091009    -2.88   0.004    -1.497044   -.2828395
    trend_31 |   .8562185   .1905258     4.49   0.000     .4820086    1.230428
    trend_32 |  -.6758851    .190447    -3.55   0.000     -1.04994   -.3018298
    trend_33 |  -.4951033   .2074924    -2.39   0.017    -.9026371   -.0875694
    trend_34 |  -.3939007   .3341302    -1.18   0.239    -1.050163    .2623616
    trend_35 |  -.1833022   .3094517    -0.59   0.554    -.7910934    .4244891
    trend_36 |  -1.457405   .2095081    -6.96   0.000    -1.868898   -1.045912
    trend_37 |  -.1864089   .2112816    -0.88   0.378    -.6013853    .2285674
    trend_38 |  -.4694612   .2068977    -2.27   0.024     -.875827   -.0630953
    trend_39 |   .3845797   .4553408     0.84   0.399     -.509751     1.27891
    trend_40 |  -.3844414   .1923351    -2.00   0.046     -.762205   -.0066777
    trend_41 |  -.3511836   .1935167    -1.81   0.070     -.731268    .0289008
    trend_42 |  -.4414539    .196934    -2.24   0.025    -.8282502   -.0546577
    trend_43 |  -.5801539   .1915778    -3.03   0.003    -.9564302   -.2038776
    trend_44 |  -.8277388    .197323    -4.19   0.000    -1.215299   -.4401785
    trend_45 |   .3409323   .1989884     1.71   0.087     -.049899    .7317636
    trend_46 |  -.1414685   .1909277    -0.74   0.459    -.5164679    .2335309
    trend_47 |   .0475611   .1965924     0.24   0.809    -.3385642    .4336865
    trend_48 |   .0989651   .1948835     0.51   0.612    -.2838039    .4817341
    trend_49 |   .0183206   .1956386     0.09   0.925    -.3659315    .4025727
    trend_50 |   .3698408    .190964     1.94   0.053    -.0052298    .7449115
    trend_51 |   .5208979   .2037176     2.56   0.011      .120778    .9210178
    trend_52 |   .2435659   .1899691     1.28   0.200    -.1295508    .6166825
    trend_53 |  -.0614628   .1914054    -0.32   0.748    -.4374005    .3144748
    trend_54 |  -.3296429   .3227089    -1.02   0.307    -.9634726    .3041868
    trend_55 |   4.326462   .4900784     8.83   0.000     3.363903     5.28902
    trend_56 |   5.858099   .4174148    14.03   0.000     5.038259     6.67794
    trend_57 |   .5188345   .4519007     1.15   0.251    -.3687396    1.406409
    trend_58 |   .4602818   .1977632     2.33   0.020     .0718568    .8487068
    trend_59 |   1.269377   .1976664     6.42   0.000     .8811419    1.657611
    trend_60 |   1.325228   .1894208     7.00   0.000     .9531882    1.697268
    trend_61 |   1.063683   .4273672     2.49   0.013     .2242947    1.903071
    trend_62 |   1.506128   .3197665     4.71   0.000     .8780771    2.134178
    trend_63 |   1.882993    .370412     5.08   0.000      1.15547    2.610516
    trend_64 |    1.99689   .2232361     8.95   0.000     1.558434    2.435346
    trend_65 |    1.18343   .3446937     3.43   0.001     .5064206     1.86044
    trend_66 |   .4577447   .2113725     2.17   0.031     .0425899    .8728995
    trend_67 |   2.058813   .3372784     6.10   0.000     1.396368    2.721259
    trend_68 |   1.091172   .2649478     4.12   0.000       .57079    1.611553
    trend_69 |   1.171418   .3528109     3.32   0.001     .4784648     1.86437
    trend_70 |   .6875421    .328439     2.09   0.037      .042458    1.332626
    trend_71 |   1.955647   .3094015     6.32   0.000     1.347954     2.56334
    trend_72 |   1.131509   .3291804     3.44   0.001     .4849684    1.778049
    trend_73 |   .9971168   .2406584     4.14   0.000     .5244418    1.469792
    trend_74 |   2.174039     .27185     8.00   0.000       1.6401    2.707977
    trend_75 |    .565245   .3240569     1.74   0.082    -.0712323    1.201722
    trend_76 |   .8672065   .2208778     3.93   0.000     .4333825    1.301031
    trend_77 |   1.030332   .3447131     2.99   0.003     .3532843     1.70738
    trend_78 |   1.468423   .4072152     3.61   0.000     .6686153    2.268231
    trend_79 |   .5206007   .2524829     2.06   0.040     .0247012      1.0165
    trend_80 |   5.273803   .3974752    13.27   0.000     4.493126    6.054481
    trend_81 |   1.669215   .3649692     4.57   0.000     .9523823    2.386048
    trend_82 |   .4640096   .3453349     1.34   0.180    -.2142595    1.142279
    trend_83 |   .5039198   .3170404     1.59   0.113    -.1187765    1.126616
    trend_84 |   1.343506   .3343635     4.02   0.000     .6867858    2.000226
    trend_85 |   .3549037     .38068     0.93   0.352    -.3927865    1.102594
    trend_86 |   1.092688    .212813     5.13   0.000     .6747038    1.510672
    trend_87 |   .9040175   .2866641     3.15   0.002     .3409831    1.467052
    trend_88 |   .7717226   .2086368     3.70   0.000     .3619409    1.181504
    trend_89 |   1.868449     .19214     9.72   0.000     1.491068    2.245829
    trend_90 |    2.74249   .3300524     8.31   0.000     2.094237    3.390743
    trend_91 |    .692306   .2340041     2.96   0.003     .2327007    1.151911
    trend_92 |  -.3981764    .306072    -1.30   0.194    -.9993296    .2029768
    trend_93 |   .9133783   .2304625     3.96   0.000     .4607289    1.366028
    trend_94 |  -1.334767   .2217383    -6.02   0.000    -1.770282   -.8992533
    trend_95 |  -.0597797   .2592919    -0.23   0.818    -.5690526    .4494932
    trend_96 |  -.4268629   .2677233    -1.59   0.111    -.9526958      .09897
    trend_97 |  -.0105634   .2183841    -0.05   0.961    -.4394896    .4183628
    trend_98 |   .6881946   .2518048     2.73   0.006     .1936271    1.182762
    trend_99 |  -.8032373   .3280115    -2.45   0.015    -1.447482   -.1589929
   trend_100 |  -.8176192   .2991465    -2.73   0.006     -1.40517   -.2300682
   trend_101 |   .1948059   .2657952     0.73   0.464    -.3272401    .7168518
   trend_102 |   .5762099   .2016416     2.86   0.004     .1801674    .9722524
   trend_103 |  -.6757939   .3168899    -2.13   0.033    -1.298195   -.0533932
   trend_104 |  -.0233759     .18811    -0.12   0.901     -.392841    .3460893
   trend_105 |  -.1686555    .229505    -0.73   0.463    -.6194242    .2821132
   trend_106 |  -.2395289   .1930698    -1.24   0.215    -.6187355    .1396777
   trend_107 |  -.4944316   .1902627    -2.60   0.010     -.868125   -.1207383
   trend_108 |  -.2036968   .1972135    -1.03   0.302     -.591042    .1836484
   trend_109 |   .1234346   .1911398     0.65   0.519    -.2519813    .4988506
   trend_110 |   .4847109   .1894592     2.56   0.011     .1125958     .856826
   trend_111 |   .0426008   .1970643     0.22   0.829    -.3444515    .4296531
   trend_112 |   -.603617   .1950882    -3.09   0.002     -.986788    -.220446
   trend_113 |  -.2468531   .1910258    -1.29   0.197    -.6220453     .128339
   trend_114 |  -1.110668   .1888827    -5.88   0.000     -1.48165   -.7396847
   trend_115 |  -.0935479   .2319892    -0.40   0.687    -.5491957       .3621
   trend_116 |   .5056294   .1945535     2.60   0.010     .1235087    .8877501
   trend_117 |   -1.39822   .1915455    -7.30   0.000    -1.774433   -1.022008
   trend_118 |  -.2509344   .2069593    -1.21   0.226    -.6574213    .1555524
   trend_119 |    -.69273   .2223929    -3.11   0.002     -1.12953   -.2559301
   trend_120 |  -.5659622   .1965859    -2.88   0.004    -.9520749   -.1798495
   trend_121 |   .4888445   .1935726     2.53   0.012     .1086504    .8690386
   trend_122 |  -.0705998   .2202176    -0.32   0.749    -.5031271    .3619276
   trend_123 |   .0186747   .1950682     0.10   0.924    -.3644569    .4018064
   trend_124 |   1.089478   .1866794     5.84   0.000     .7228231    1.456134
   trend_125 |  -.1098529   .1939869    -0.57   0.571    -.4908608    .2711549
   trend_126 |  -.3071551   .1930644    -1.59   0.112    -.6863511    .0720409
   trend_127 |    .221152   .1998179     1.11   0.269    -.1713085    .6136125
   trend_128 |   .8405906   .1940234     4.33   0.000      .459511     1.22167
   trend_129 |   -.314585    .194747    -1.62   0.107    -.6970859    .0679159
   trend_130 |  -.1014333   .1874428    -0.54   0.589    -.4695879    .2667213
   trend_131 |    .702675   .2986707     2.35   0.019     .1160586    1.289291
   trend_132 |   .0907256   .1965214     0.46   0.645    -.2952603    .4767114
   trend_133 |    .583253   .1996583     2.92   0.004      .191106    .9753999
   trend_134 |  -.3624421   .2025451    -1.79   0.074    -.7602592    .0353749
   trend_135 |   .6663039     .19785     3.37   0.001     .2777084    1.054899
   trend_136 |   .1786685   .1968099     0.91   0.364    -.2078841    .5652211
   trend_137 |   .0296824   .1993514     0.15   0.882     -.361862    .4212268
   trend_138 |  -.0001946   .1912945    -0.00   0.999    -.3759143    .3755251
   trend_139 |   .3294964   .2147265     1.53   0.125     -.092246    .7512388
   trend_140 |  -.3574665   .2229827    -1.60   0.109    -.7954247    .0804918
   trend_141 |  -.2432919   .3611475    -0.67   0.501    -.9526185    .4660348
   trend_142 |   .2601363   .1878164     1.39   0.167    -.1087522    .6290248
   trend_143 |  -.5949562   .1991592    -2.99   0.003     -.986123   -.2037894
   trend_144 |  -.7068408   .2012473    -3.51   0.000    -1.102109   -.3115728
   trend_145 |  -.2007764   .1915887    -1.05   0.295    -.5770741    .1755213
   trend_146 |    .940467   .3406573     2.76   0.006      .271385    1.609549
   trend_147 |   .3976213   .2258412     1.76   0.079    -.0459513    .8411939
   trend_148 |   2.668069   .2063503    12.93   0.000     2.262778     3.07336
   trend_149 |   2.047114   .2000114    10.23   0.000     1.654273    2.439955
   trend_150 |   .7010347   .2414481     2.90   0.004     .2268087    1.175261
   trend_151 |   1.895549   .1942322     9.76   0.000     1.514059    2.277038
   trend_152 |   1.588922   .2383415     6.67   0.000     1.120798    2.057047
   trend_153 |   2.161062   .2129598    10.15   0.000      1.74279    2.579334
   trend_154 |   .8853225   .2179284     4.06   0.000     .4572912    1.313354
   trend_155 |   1.543732   .2011956     7.67   0.000     1.148566    1.938899
   trend_156 |   .6137232   .2069027     2.97   0.003     .2073475    1.020099
   trend_157 |   1.610788   .2217977     7.26   0.000     1.175158    2.046419
   trend_158 |   .8830883   .2217488     3.98   0.000     .4475535    1.318623
   trend_159 |  -.1632526   .2219968    -0.74   0.462    -.5992745    .2727694
   trend_160 |   .1321227   .1920139     0.69   0.492    -.2450101    .5092555
   trend_161 |   -.217504   .1911896    -1.14   0.256    -.5930177    .1580098
   trend_162 |   .0303307   .2186308     0.14   0.890    -.3990802    .4597416
   trend_163 |   .9556457   .2513108     3.80   0.000     .4620485    1.449243
   trend_164 |   .2072329   .2032735     1.02   0.308    -.1920148    .6064805
   trend_165 |   .9702477   .3880376     2.50   0.013     .2081066    1.732389
   trend_166 |   1.461584   .2254216     6.48   0.000     1.018835    1.904332
   trend_167 |   2.513306   .2318949    10.84   0.000     2.057843    2.968769
   trend_168 |  -.0392446   .2032185    -0.19   0.847    -.4383843    .3598951
   trend_169 |   .7783444   .2338503     3.33   0.001     .3190411    1.237648
   trend_170 |   .6468643   .2039423     3.17   0.002     .2463031    1.047426
   trend_171 |   .7647574   .1922649     3.98   0.000     .3871317    1.142383
   trend_172 |   1.078913   .1884017     5.73   0.000     .7088745    1.448951
   trend_173 |   .4173261   .2543131     1.64   0.101     -.082168    .9168201
   trend_174 |  -.3658269    .198388    -1.84   0.066    -.7554789    .0238252
   trend_175 |   .3395512   .1973606     1.72   0.086     -.048083    .7271853
   trend_176 |   1.360893   .2112767     6.44   0.000     .9459266     1.77586
   trend_177 |   .3699529   .2517629     1.47   0.142    -.1245324    .8644383
   trend_178 |    5.67879   .6830044     8.31   0.000     4.337307    7.020273
   trend_179 |    2.17596   .2007478    10.84   0.000     1.781673    2.570247
   trend_180 |   .1424644   .2067234     0.69   0.491    -.2635592     .548488
   trend_181 |   .4599642    .192607     2.39   0.017     .0816665    .8382619
   trend_182 |   .7052143   .1859989     3.79   0.000     .3398955    1.070533
   trend_183 |  -.6186175   .2194118    -2.82   0.005    -1.049562   -.1876728
   trend_184 |   .7881969   .1902434     4.14   0.000     .4145415    1.161852
   trend_185 |   .8513206   .2290915     3.72   0.000     .4013641    1.301277
   trend_186 |  -.2002733   .3091022    -0.65   0.517    -.8073782    .4068316
   trend_187 |   .1036678   .2274418     0.46   0.649    -.3430487    .5503842
   trend_188 |   1.727246   .2194276     7.87   0.000      1.29627    2.158222
   trend_189 |   .6371828   .4433282     1.44   0.151    -.2335542     1.50792
   trend_190 |   1.135029   .2159323     5.26   0.000     .7109185     1.55914
   trend_191 |  -.2607974   .2008408    -1.30   0.195    -.6552669    .1336721
   trend_192 |   6.394175   .1991706    32.10   0.000     6.002986    6.785364
   trend_193 |   1.535095   .1929225     7.96   0.000     1.156177    1.914012
   trend_194 |  -.3793982   .2055029    -1.85   0.065    -.7830246    .0242282
   trend_195 |   .0837438   .2039658     0.41   0.682    -.3168636    .4843512
   trend_196 |   .5884166   .2023029     2.91   0.004     .1910753    .9857579
   trend_197 |   .9011437   .2045687     4.41   0.000      .499352    1.302935
   trend_198 |  -.3073048   .2047445    -1.50   0.134    -.7094417    .0948321
   trend_199 |    .995839   .1996463     4.99   0.000     .6037155    1.387963
   trend_200 |   .7410892   .2047008     3.62   0.000     .3390383     1.14314
   trend_201 |    .681908   .2024941     3.37   0.001     .2841912    1.079625
   trend_202 |   .2029907   .2076615     0.98   0.329    -.2048754    .6108568
   trend_203 |   -.494057    .200995    -2.46   0.014    -.8888296   -.0992845
   trend_204 |   1.430553   .2027978     7.05   0.000      1.03224    1.828867
   trend_205 |   1.193668    .235559     5.07   0.000     .7310088    1.656327
   trend_206 |    -.56031   .2638015    -2.12   0.034     -1.07844   -.0421799
   trend_207 |   .2032778   .2093964     0.97   0.332    -.2079958    .6145514
   trend_208 |  -.1167674   .2066276    -0.57   0.572    -.5226029    .2890681
   trend_209 |   .4692799   .2111702     2.22   0.027     .0545225    .8840374
   trend_210 |  -.1937353    .199554    -0.97   0.332    -.5856775    .1982069
   trend_211 |   .1144595   .2249566     0.51   0.611    -.3273758    .5562948
   trend_212 |  -.3927438   .3544673    -1.11   0.268     -1.08895    .3034624
   trend_213 |  -.4308684   .2116758    -2.04   0.042    -.8466191   -.0151178
   trend_214 |   .3860901   .2163191     1.78   0.075    -.0387802    .8109604
   trend_215 |   .3241327   .2524877     1.28   0.200    -.1717761    .8200416
   trend_216 |  -.3459182   .2127017    -1.63   0.104    -.7636836    .0718473
   trend_217 |   1.133413   .2240799     5.06   0.000     .6932993    1.573526
   trend_218 |  -.1819578   .2132829    -0.85   0.394    -.6008647    .2369492
   trend_219 |  -.0814652   .1953876    -0.42   0.677    -.4652242    .3022938
   trend_220 |   .0257812   .2179977     0.12   0.906    -.4023862    .4539485
   trend_221 |   -.110079   .2127465    -0.52   0.605    -.5279326    .3077746
   trend_222 |   .2237123   .1975287     1.13   0.258     -.164252    .6116766
   trend_223 |   .5776972   .2103747     2.75   0.006     .1645022    .9908922
   trend_224 |   .2154865   .2272119     0.95   0.343    -.2307784    .6617515
   trend_225 |  -.0757967   .2115404    -0.36   0.720    -.4912812    .3396879
   trend_226 |   .2911156   .2131395     1.37   0.173    -.1275097     .709741
   trend_227 |   .1229686   .2247091     0.55   0.584    -.3183804    .5643177
   trend_228 |  -.4194594   .2057167    -2.04   0.042    -.8235058   -.0154131
   trend_229 |  -.0223863   .2340637    -0.10   0.924    -.4821087    .4373361
   trend_230 |    .417623   .2097629     1.99   0.047     .0056295    .8296164
   trend_231 |   .0969658   .2236356     0.43   0.665    -.3422748    .5362064
   trend_232 |  -.1979197   .2252319    -0.88   0.380    -.6402957    .2444563
   trend_233 |   .2695092   .2495092     1.08   0.281    -.2205497     .759568
   trend_234 |   .1519234   .2257788     0.67   0.501    -.2915267    .5953735
   trend_235 |  -.0393907   .2230249    -0.18   0.860    -.4774319    .3986506
   trend_236 |   .1832369   .2237706     0.82   0.413    -.2562688    .6227426
   trend_237 |   .1351102   .1989208     0.68   0.497    -.2555884    .5258087
   trend_238 |   .1275667   .2117762     0.60   0.547    -.2883811    .5435144
   trend_239 |   .1443146   .2278361     0.63   0.527    -.3031762    .5918054
   trend_240 |  -.1800057   .2224014    -0.81   0.419    -.6168223     .256811
   trend_241 |   .3617241    .228734     1.58   0.114    -.0875304    .8109785
   trend_242 |   1.647025   .2042272     8.06   0.000     1.245904    2.048146
   trend_243 |    .576508    .203196     2.84   0.005     .1774126    .9756033
   trend_244 |    1.53093   .2240897     6.83   0.000     1.090798    1.971063
   trend_245 |   .0498201   .2227895     0.22   0.823    -.3877588     .487399
   trend_246 |   .1416909   .2217025     0.64   0.523    -.2937529    .5771347
   trend_247 |   .5466873   .1885164     2.90   0.004     .1764239    .9169507
   trend_248 |   .1899635   .2214781     0.86   0.391    -.2450396    .6249665
   trend_249 |  -.1137655   .2052586    -0.55   0.580    -.5169121    .2893811
   trend_250 |   .3731271   .2084986     1.79   0.074    -.0363833    .7826374
   trend_251 |   .1389869   .2245877     0.62   0.536    -.3021238    .5800976
   trend_252 |   .1270425    .202674     0.63   0.531    -.2710277    .5251127
   trend_253 |   .1348109   .2195556     0.61   0.539    -.2964164    .5660381
   trend_254 |   .3310821   .2000545     1.65   0.098    -.0618432    .7240074
   trend_255 |   1.952014   .2071676     9.42   0.000     1.545118     2.35891
   trend_256 |   .2190475    .233336     0.94   0.348    -.2392457    .6773406
   trend_257 |          0  (omitted)
   trend_258 |   .8888047   .2328405     3.82   0.000     .4314849    1.346125
   trend_259 |  -.2760844   .3289875    -0.84   0.402    -.9222459     .370077
   trend_260 |   4.167867   1.236302     3.37   0.001     1.739658    6.596077
   trend_261 |  -.9286044   .2359928    -3.93   0.000    -1.392116   -.4650931
   trend_262 |   1.696364   .2306782     7.35   0.000     1.243291    2.149437
   trend_263 |   3.037717   .2234684    13.59   0.000     2.598805    3.476629
   trend_264 |  -.5995261   .2289722    -2.62   0.009    -1.049248   -.1498039
   trend_265 |  -.6746649   .2491597    -2.71   0.007    -1.164037   -.1852926
   trend_266 |  -2.033776   .1939674   -10.49   0.000    -2.414746   -1.652807
   trend_267 |   7.275207   .2313759    31.44   0.000     6.820764     7.72965
   trend_268 |  -.1834253     .26563    -0.69   0.490    -.7051468    .3382962
   trend_269 |   .4524986   .2103704     2.15   0.032      .039312    .8656851
   trend_270 |  -.1899137   .1997897    -0.95   0.342    -.5823188    .2024915
   trend_271 |  -.1242059   .2216273    -0.56   0.575    -.5595021    .3110903
   trend_272 |  -.2923313   .2045775    -1.43   0.154      -.69414    .1094775
   trend_273 |  -.1850324   .3150635    -0.59   0.557    -.8038457     .433781
   trend_274 |   2.512312   .1952869    12.86   0.000     2.128751    2.895874
   trend_275 |  -2.794323   .4020055    -6.95   0.000    -3.583898   -2.004747
   trend_276 |   2.815911   .2223381    12.66   0.000     2.379219    3.252603
   trend_277 |   -1.31062   .2279516    -5.75   0.000    -1.758338   -.8629022
   trend_278 |   1.191436   .2676195     4.45   0.000     .6658067    1.717065
   trend_279 |   2.061226   .2497473     8.25   0.000     1.570699    2.551752
   trend_280 |   1.489164   .2415401     6.17   0.000     1.014758    1.963571
   trend_281 |   2.960894   1.170212     2.53   0.012      .662492    5.259296
   trend_282 |   1.238259   .2297343     5.39   0.000     .7870396    1.689478
   trend_283 |  -.0282814   .1985804    -0.14   0.887    -.4183113    .3617486
   trend_284 |   -2.42468   .2229121   -10.88   0.000    -2.862499    -1.98686
   trend_285 |  -1.992018   .2243097    -8.88   0.000    -2.432583   -1.551453
   trend_286 |   .8397804   .1905348     4.41   0.000     .4655528    1.214008
   trend_287 |   .2906759   .2148517     1.35   0.177    -.1313125    .7126643
   trend_288 |  -.4891038   .4361703    -1.12   0.263    -1.345782    .3675744
   trend_289 |   .4449421   .1833269     2.43   0.016     .0848714    .8050128
   trend_290 |  -.2696495   .1845414    -1.46   0.145    -.6321056    .0928066
   trend_291 |   -.060884   .1943271    -0.31   0.754    -.4425601     .320792
   trend_292 |   .5559616   .2302737     2.41   0.016     .1036831     1.00824
   trend_293 |   .1608688   .2449488     0.66   0.512    -.3202329    .6419705
   trend_294 |   1.049963   .3667531     2.86   0.004     .3296267      1.7703
   trend_295 |  -.2057743   .2168049    -0.95   0.343     -.631599    .2200503
   trend_296 |   .5701325    .204902     2.78   0.006     .1676863    .9725788
   trend_297 |   .4729925   .2139681     2.21   0.027     .0527397    .8932453
   trend_298 |   .1163896   .2398947     0.49   0.628    -.3547854    .5875645
   trend_299 |   4.709928   .2184696    21.56   0.000     4.280834    5.139022
   trend_300 |    .943842   .2131468     4.43   0.000     .5252023    1.362482
   trend_301 |   .5938504   .2120809     2.80   0.005     .1773042    1.010397
   trend_302 |   .3054323   .1978496     1.54   0.123    -.0831624    .6940269
   trend_303 |   .0227226   .2079726     0.11   0.913    -.3857544    .4311996
   trend_304 |   .4273968    .293678     1.46   0.146    -.1494135    1.004207
   trend_305 |   .2472778   .2072928     1.19   0.233    -.1598642    .6544198
   trend_306 |   .6789281   .3013948     2.25   0.025     .0869613    1.270895
   trend_307 |  -.0504115   .2087362    -0.24   0.809    -.4603885    .3595655
   trend_308 |   .2918033   .2080521     1.40   0.161      -.11683    .7004366
   trend_309 |   .7188622   .2905188     2.47   0.014     .1482568    1.289468
   trend_310 |   .1183788   .2268756     0.52   0.602    -.3272255    .5639832
   trend_311 |   .3810749   .2294644     1.66   0.097    -.0696141    .8317638
   trend_312 |   .4553863   .2948163     1.54   0.123    -.1236598    1.034432
   trend_313 |   .1469135   .2405637     0.61   0.542    -.3255756    .6194025
   trend_314 |  -.3374738   .2058212    -1.64   0.102    -.7417254    .0667778
   trend_315 |  -.0094849   .1958728    -0.05   0.961    -.3941969    .3752272
   trend_316 |   .0926767   .3203057     0.29   0.772    -.5364328    .7217863
   trend_317 |   .4798408   .3107444     1.54   0.123    -.1304895    1.090171
   trend_318 |   .0756442   .3366179     0.22   0.822     -.585504    .7367924
   trend_319 |  -.0360708   .2368574    -0.15   0.879    -.5012803    .4291387
   trend_320 |  -.4455782   .3126371    -1.43   0.155    -1.059626    .1684696
   trend_321 |  -.0106161    .193374    -0.05   0.956    -.3904201     .369188
   trend_322 |  -.1531062   .3073074    -0.50   0.619     -.756686    .4504735
   trend_323 |   .3265371   .2719894     1.20   0.230    -.2076749    .8607491
   trend_324 |   .0759167   .3125261     0.24   0.808     -.537913    .6897465
   trend_325 |   .1644258   .2710954     0.61   0.544    -.3680302    .6968819
   trend_326 |   .1924261   .2898714     0.66   0.507    -.3769078      .76176
   trend_327 |  -.1050945   .2091239    -0.50   0.615    -.5158328    .3056439
   trend_328 |   .0707679   .1922469     0.37   0.713    -.3068226    .4483584
   trend_329 |  -.0531396   .2051021    -0.26   0.796    -.4559788    .3496995
   trend_330 |   .6947884   .2536338     2.74   0.006     .1966284    1.192948
   trend_331 |   3.539768   .2079204    17.02   0.000     3.131394    3.948143
   trend_332 |   -.774617   .2177852    -3.56   0.000    -1.202367    -.346867
   trend_333 |   5.378686   .9503519     5.66   0.000     3.512109    7.245264
   trend_334 |   .1677478   .2487284     0.67   0.500    -.3207774    .6562731
   trend_335 |   93.71556   .5569635   168.26   0.000     92.62164    94.80949
   trend_336 |    9.58648   .2642602    36.28   0.000     9.067449    10.10551
   trend_337 |   .5352004   .1902371     2.81   0.005     .1615573    .9088434
   trend_338 |   .8939811   .2007825     4.45   0.000     .4996261    1.288336
   trend_339 |  -.2543128   .2024876    -1.26   0.210    -.6520169    .1433913
   trend_340 |   .3574175   .2052679     1.74   0.082    -.0457474    .7605823
   trend_341 |   .4447705   .2829875     1.57   0.117    -.1110427    1.000584
   trend_342 |   .0987893   .2439253     0.40   0.686    -.3803021    .5778807
   trend_343 |     1.7998   .4874733     3.69   0.000     .8423577    2.757241
   trend_344 |   2.682071   .1994826    13.45   0.000     2.290269    3.073873
   trend_345 |          0  (omitted)
   trend_346 |  -.1096436   .1882949    -0.58   0.561    -.4794719    .2601846
   trend_347 |   3.971254   .4119996     9.64   0.000     3.162049    4.780458
   trend_348 |    1.90981     .39211     4.87   0.000     1.139671     2.67995
   trend_349 |  -.8573832   .4671764    -1.84   0.067     -1.77496    .0601938
   trend_350 |  -3.326306   .2762175   -12.04   0.000    -3.868822   -2.783789
   trend_351 |   1.153257    .342072     3.37   0.001     .4813963    1.825117
   trend_352 |   2.356781    .357059     6.60   0.000     1.655485    3.058078
   trend_353 |   1.185379   .2241437     5.29   0.000     .7451403    1.625617
   trend_354 |    6.52866   .4717984    13.84   0.000     5.602005    7.455315
   trend_355 |  -7.988117   .5922991   -13.49   0.000    -9.151447   -6.824788
   trend_356 |    .268139   .3214555     0.83   0.405    -.3632288    .8995069
   trend_357 |  -.4124908   .2546083    -1.62   0.106    -.9125646    .0875831
   trend_358 |  -.4555809   .2811843    -1.62   0.106    -1.007852    .0966907
   trend_359 |  -.1318726    .250191    -0.53   0.598    -.6232705    .3595253
   trend_360 |  -.2515916   .3959835    -0.64   0.525    -1.029339    .5261561
   trend_361 |  -.0390878   .2623494    -0.15   0.882    -.5543659    .4761903
   trend_362 |   .3915069   .2550939     1.53   0.125    -.1095207    .8925345
   trend_363 |   .9978005   .3504173     2.85   0.005      .309549    1.686052
   trend_364 |   .2255003   .3173038     0.71   0.478    -.3977133    .8487139
   trend_365 |   .7247748   .2513453     2.88   0.004     .2311098     1.21844
   trend_366 |  -.3357459   .2545132    -1.32   0.188    -.8356331    .1641413
   trend_367 |  -.1499292   .3149553    -0.48   0.634    -.7685301    .4686717
   trend_368 |   .1438384   .3066172     0.47   0.639    -.4583857    .7460626
   trend_369 |   .4530099   .3508828     1.29   0.197    -.2361558    1.142176
   trend_370 |   .5947025   .3104152     1.92   0.056    -.0149811    1.204386
   trend_371 |  -.4590007   .2566108    -1.79   0.074    -.9630076    .0450062
   trend_372 |  -.2508351   .2998542    -0.84   0.403    -.8397761    .3381059
   trend_373 |  -.4530157   .2520062    -1.80   0.073    -.9479789    .0419475
   trend_374 |   .1613607   .3575037     0.45   0.652    -.5408091    .8635304
   trend_375 |  -.2703362   .2548104    -1.06   0.289     -.770807    .2301347
   trend_376 |   .0255788    .287324     0.09   0.929    -.5387516    .5899093
   trend_377 |  -.5267304   .2512895    -2.10   0.037    -1.020286   -.0331749
   trend_378 |  -.1149938   .3190834    -0.36   0.719    -.7417027     .511715
   trend_379 |  -.1342566   .3643573    -0.37   0.713    -.8498875    .5813742
   trend_380 |  -.0619919   .2815618    -0.22   0.826    -.6150048    .4910211
   trend_381 |    .686793    .347759     1.97   0.049     .0037627    1.369823
   trend_382 |  -.3073053   .2703926    -1.14   0.256    -.8383811    .2237704
   trend_383 |   .1335604   .2787916     0.48   0.632    -.4140116    .6811325
   trend_384 |    .809116   .3411174     2.37   0.018     .1391303    1.479102
   trend_385 |   .3923941   .2521366     1.56   0.120    -.1028252    .8876134
   trend_386 |   .6337227   .3177822     1.99   0.047     .0095696    1.257876
   trend_387 |  -.2574239   .2524144    -1.02   0.308    -.7531887     .238341
   trend_388 |  -.3336439   .2070546    -1.61   0.108    -.7403179    .0730302
   trend_389 |  -.1304283    .201788    -0.65   0.518    -.5267584    .2659018
   trend_390 |  -.2897453   .1977105    -1.47   0.143    -.6780668    .0985761
   trend_391 |   .0853674   .2015986     0.42   0.672    -.3105906    .4813253
   trend_392 |  -.1097123   .1936505    -0.57   0.571    -.4900595    .2706349
   trend_393 |  -.5440735   .2006414    -2.71   0.007    -.9381515   -.1499955
   trend_394 |   .0671969   .1973871     0.34   0.734    -.3204893     .454883
   trend_395 |  -.0143675   .2216815    -0.06   0.948    -.4497701    .4210352
   trend_396 |  -.4839483   .2000093    -2.42   0.016    -.8767848   -.0911119
   trend_397 |  -.3225441   .2676719    -1.20   0.229     -.848276    .2031879
   trend_398 |  -.4673576   .1959862    -2.38   0.017    -.8522922   -.0824229
   trend_399 |  -.6327347   .2128762    -2.97   0.003    -1.050843   -.2146264
   trend_400 |  -.0577382   .2233695    -0.26   0.796    -.4964562    .3809797
   trend_401 |  -.0383123   .2022063    -0.19   0.850    -.4354639    .3588394
   trend_402 |  -.2470183   .1977733    -1.25   0.212     -.635463    .1414265
   trend_403 |   .8352157    .274838     3.04   0.002     .2954088    1.375023
   trend_404 |  -.7321562   .2398165    -3.05   0.002    -1.203178   -.2611348
   trend_405 |   .7574737   .1990548     3.81   0.000     .3665119    1.148436
   trend_406 |  -.3860728   .3186698    -1.21   0.226    -1.011969    .2398237
   trend_407 |    1.84663   .2475283     7.46   0.000     1.360462    2.332799
   trend_408 |   .7079926   .2872795     2.46   0.014     .1437495    1.272236
   trend_409 |  -.3720697   .2038002    -1.83   0.068    -.7723517    .0282124
   trend_410 |  -.2846779   .1961662    -1.45   0.147    -.6699662    .1006103
   trend_411 |   .7392563   .2315921     3.19   0.001     .2843884    1.194124
   trend_412 |   1.237497   .2147068     5.76   0.000     .8157932    1.659201
   trend_413 |   .4619371   .2182154     2.12   0.035     .0333422     .890532
   trend_414 |   1.748588   .2241868     7.80   0.000     1.308265    2.188911
   trend_415 |   .0922031   .2022787     0.46   0.649    -.3050908    .4894969
   trend_416 |   .1412365   .2317529     0.61   0.542    -.3139474    .5964204
   trend_417 |   .3862741   .2289158     1.69   0.092    -.0633373    .8358856
   trend_418 |   .6944917   .2370109     2.93   0.004     .2289808    1.160003
   trend_419 |   .2236308   .2141271     1.04   0.297    -.1969342    .6441959
   trend_420 |   .1594177   .2019548     0.79   0.430    -.2372399    .5560753
   trend_421 |   .4195009   .2135859     1.96   0.050    -1.28e-06     .839003
   trend_422 |   .1770544   .1985046     0.89   0.373    -.2128267    .5669356
   trend_423 |   .7328276   .2312066     3.17   0.002     .2787167    1.186938
   trend_424 |   .6498555   .2497439     2.60   0.010     .1593357    1.140375
   trend_425 |   .0659592   .2193304     0.30   0.764    -.3648256     .496744
   trend_426 |    .060311   .2524156     0.24   0.811    -.4354563    .5560783
   trend_427 |   -.014004   .1899632    -0.07   0.941     -.387109     .359101
   trend_428 |   .4224422   .2028704     2.08   0.038     .0239863    .8208982
   trend_429 |   .6641598   .1890376     3.51   0.000     .2928727    1.035447
   trend_430 |    .290467   .2457517     1.18   0.238    -.1922118    .7731458
   trend_431 |    .271459   .2158394     1.26   0.209    -.1524693    .6953873
   trend_432 |   .1124586   .2144166     0.52   0.600    -.3086752    .5335924
   trend_433 |   -.212347   .2036593    -1.04   0.298    -.6123524    .1876584
   trend_434 |   .0556009   .2550846     0.22   0.828    -.4454085    .5566104
   trend_435 |   .3245549   .2194185     1.48   0.140     -.106403    .7555128
   trend_436 |   .2211711   .2494847     0.89   0.376    -.2688396    .7111817
   trend_437 |  -.0028636   .2501309    -0.01   0.991    -.4941436    .4884163
   trend_438 |    .088507   .2170848     0.41   0.684    -.3378673    .5148814
   trend_439 |   -.549548   .2411568    -2.28   0.023    -1.023202   -.0758942
   trend_440 |   .0410977   .2176515     0.19   0.850    -.3863897     .468585
   trend_441 |   .0608056   .2417479     0.25   0.801    -.4140093    .5356204
   trend_442 |  -.0116865   .2483342    -0.05   0.962    -.4994376    .4760645
   trend_443 |   .3291621   .2418317     1.36   0.174    -.1458174    .8041417
   trend_444 |  -.1368664   .2181715    -0.63   0.531    -.5653751    .2916424
   trend_445 |   .8736288   .8717001     1.00   0.317    -.8384696    2.585727
   trend_446 |   .7870521    .224371     3.51   0.000     .3463671    1.227737
   trend_447 |   .3257736   .1934208     1.68   0.093    -.0541225    .7056696
   trend_448 |  -.0689491   .2200183    -0.31   0.754    -.5010851     .363187
   trend_449 |  -1.382804   .2159431    -6.40   0.000    -1.806936   -.9586717
   trend_450 |  -.5349332   .2162846    -2.47   0.014    -.9597359   -.1101305
   trend_451 |  -.8790632    .220978    -3.98   0.000    -1.313084   -.4450422
   trend_452 |   .2112242   .2215234     0.95   0.341    -.2238679    .6463163
   trend_453 |   -.488382   .2269884    -2.15   0.032    -.9342078   -.0425561
   trend_454 |  -.6404311    .219143    -2.92   0.004    -1.070848   -.2100142
   trend_455 |  -.2589257   .2175473    -1.19   0.234    -.6862085    .1683571
   trend_456 |  -.6577105   .2022525    -3.25   0.001    -1.054953   -.2604682
   trend_457 |  -4.027038   .2250895   -17.89   0.000    -4.469135   -3.584942
   trend_458 |   1.502955   .2117572     7.10   0.000     1.087044    1.918865
   trend_459 |   .1564681   .2186614     0.72   0.475    -.2730028     .585939
   trend_460 |    1.20458   .1903087     6.33   0.000     .8307959    1.578363
   trend_461 |   .7631833   .1910358     3.99   0.000     .3879717    1.138395
   trend_462 |   2.299821    .192323    11.96   0.000     1.922081     2.67756
   trend_463 |   .3915449   .2102971     1.86   0.063    -.0214978    .8045876
   trend_464 |   1.540216   .2037352     7.56   0.000     1.140062    1.940371
   trend_465 |   1.784976   .2248375     7.94   0.000     1.343375    2.226577
   trend_466 |   .9708427   .1927972     5.04   0.000     .5921715    1.349514
   trend_467 |   1.669808   .1916147     8.71   0.000     1.293459    2.046156
   trend_468 |   2.610599   .1984487    13.16   0.000     2.220828     3.00037
   trend_469 |    .744627    .193517     3.85   0.000      .364542    1.124712
   trend_470 |   1.158703   .1912336     6.06   0.000     .7831033    1.534304
   trend_471 |   1.097799   .2007524     5.47   0.000     .7035025    1.492095
   trend_472 |   3.017296   .2105184    14.33   0.000     2.603818    3.430773
   trend_473 |   2.112261   .1842419    11.46   0.000     1.750393    2.474129
   trend_474 |   .2931033   .2212937     1.32   0.186    -.1415376    .7277443
   trend_475 |   .1224854   .1913847     0.64   0.522    -.2534115    .4983823
   trend_476 |   .1099984   .2008884     0.55   0.584    -.2845647    .5045615
   trend_477 |   .2156198   .1900896     1.13   0.257    -.1577334     .588973
   trend_478 |  -.0344324   .1905786    -0.18   0.857    -.4087461    .3398813
   trend_479 |  -.0579682   .2060408    -0.28   0.779    -.4626512    .3467147
   trend_480 |   .5907559   .2036029     2.90   0.004     .1908613    .9906505
   trend_481 |  -.3741543   .1918519    -1.95   0.052    -.7509689    .0026602
   trend_482 |   .0146841   .2030963     0.07   0.942    -.3842155    .4135837
   trend_483 |   .1151484   .1907318     0.60   0.546    -.2594663     .489763
   trend_484 |  -.2474127   .2079096    -1.19   0.235    -.6557661    .1609408
   trend_485 |  -.0904391   .2030245    -0.45   0.656    -.4891978    .3083196
   trend_486 |   .1614575   .2068842     0.78   0.435     -.244882     .567797
   trend_487 |  -.0813916   .2073491    -0.39   0.695    -.4886442    .3258609
   trend_488 |  -.0291308   .1990661    -0.15   0.884    -.4201147    .3618532
   trend_489 |   .4915314    .205317     2.39   0.017     .0882701    .8947928
   trend_490 |  -.1444115   .2028523    -0.71   0.477    -.5428318    .2540089
   trend_491 |   .0705741   .5577208     0.13   0.899     -1.02484    1.165989
   trend_492 |  -.3148009   .2933584    -1.07   0.284    -.8909836    .2613818
   trend_493 |  -.3451954   .4263439    -0.81   0.418    -1.182574    .4921827
   trend_494 |  -.3507487   .1915124    -1.83   0.068    -.7268964     .025399
   trend_495 |  -.9681543   .4528961    -2.14   0.033    -1.857683   -.0786252
   trend_496 |  -1.378489   .4181287    -3.30   0.001    -2.199732   -.5572465
   trend_497 |  -1.082521   .4354178    -2.49   0.013    -1.937721   -.2273209
   trend_498 |  -1.141606   .2801311    -4.08   0.000    -1.691809    -.591403
   trend_499 |  -1.075966   .1987915    -5.41   0.000     -1.46641    -.685521
   trend_500 |  -.8131276   .4131199    -1.97   0.050    -1.624533   -.0017225
   trend_501 |  -.5185651   .2457262    -2.11   0.035    -1.001194   -.0359365
   trend_502 |   -1.62136    .540349    -3.00   0.003    -2.682654   -.5600653
   trend_503 |   -.471512   .4389165    -1.07   0.283    -1.333584      .39056
   trend_504 |  -.1912392   .9187008    -0.21   0.835    -1.995651    1.613173
   trend_505 |   .2122599   .4057433     0.52   0.601    -.5846569    1.009177
   trend_506 |   2.832545   .1982668    14.29   0.000     2.443131    3.221959
   trend_507 |   .4723753   .1953204     2.42   0.016     .0887482    .8560024
   trend_508 |   .6801824    .188345     3.61   0.000     .3102556    1.050109
   trend_509 |   -.118287   .1918028    -0.62   0.538    -.4950052    .2584311
   trend_510 |  -.0196349   .1884677    -0.10   0.917    -.3898025    .3505328
   trend_511 |   .4540901     .20156     2.25   0.025      .058208    .8499722
   trend_512 |   .6577205   .2094229     3.14   0.002     .2463949    1.069046
   trend_513 |   .2685531   .1951685     1.38   0.169    -.1147757    .6518818
   trend_514 |  -.2802225   .1882627    -1.49   0.137    -.6499876    .0895425
   trend_515 |   .7934652   .1953355     4.06   0.000     .4098086    1.177122
   trend_516 |  -.5430383   .2085225    -2.60   0.009    -.9525954   -.1334811
   trend_517 |   .1715437   .1959205     0.88   0.382    -.2132621    .5563495
   trend_518 |   .4746649   .1891466     2.51   0.012     .1031639     .846166
   trend_519 |   .2924925   .1890829     1.55   0.122    -.0788834    .6638685
   trend_520 |   -.053694   .1902744    -0.28   0.778    -.4274103    .3200223
   trend_521 |    .886128   .1985354     4.46   0.000     .4961863     1.27607
   trend_522 |   .3240043   .1983681     1.63   0.103    -.0656087    .7136173
   trend_523 |    .383477   .1901698     2.02   0.044     .0099661    .7569879
   trend_524 |   .9921474   .1893327     5.24   0.000     .6202808    1.364014
   trend_525 |    .066291   .1895085     0.35   0.727     -.305921    .4385029
   trend_526 |    .226822   .1989108     1.14   0.255     -.163857    .6175009
   trend_527 |   1.078051   .1923359     5.61   0.000     .7002853    1.455816
   trend_528 |    -.17947   .2075545    -0.86   0.388    -.5871259    .2281858
   trend_529 |   .6073819   .2117525     2.87   0.004     .1914806    1.023283
   trend_530 |   1.065591   .2061097     5.17   0.000     .6607725    1.470409
   trend_531 |   1.309453   .2094019     6.25   0.000     .8981688    1.720737
   trend_532 |   .2028259   .1966092     1.03   0.303    -.1833324    .5889842
   trend_533 |   .2055374   .1950993     1.05   0.293    -.1776554    .5887303
   trend_534 |   .1411665   .1989981     0.71   0.478     -.249684    .5320169
   trend_535 |  -.0845438   .1955878    -0.43   0.666     -.468696    .2996085
   trend_536 |   .4406924   .1998536     2.21   0.028     .0481618    .8332231
   trend_537 |   .1973278   .1994844     0.99   0.323    -.1944777    .5891332
   trend_538 |  -.0806813    .187254    -0.43   0.667    -.4484651    .2871026
   trend_539 |   -.108864   .1896899    -0.57   0.566    -.4814323    .2637044
   trend_540 |  -.1578487   .2001265    -0.79   0.431    -.5509154     .235218
   trend_541 |  -.1047832   .1908023    -0.55   0.583    -.4795363    .2699698
   trend_542 |  -.2327767   .1884468    -1.24   0.217    -.6029033      .13735
   trend_543 |   .9039589    .582643     1.55   0.121    -.2404051    2.048323
   trend_544 |  -.1686557   .2075562    -0.81   0.417     -.576315    .2390035
   trend_545 |  -.2262693   .1970807    -1.15   0.251    -.6133537    .1608151
   trend_546 |  -.2211348   .1972881    -1.12   0.263    -.6086266    .1663569
   trend_547 |   -1.14894    .205583    -5.59   0.000    -1.552724   -.7451562
   trend_548 |  -.0677446   .1886181    -0.36   0.720    -.4382079    .3027186
   trend_549 |  -.0064391   .1958787    -0.03   0.974    -.3911627    .3782845
   trend_550 |   -.214187   .1986846    -1.08   0.281    -.6044216    .1760477
   trend_551 |  -.6602553   .1969924    -3.35   0.001    -1.047166   -.2733442
   trend_552 |   .1238178   .1993126     0.62   0.535    -.2676503     .515286
   trend_553 |    .060917   .2140405     0.28   0.776     -.359478    .4813119
   trend_554 |  -.9604658   .1877698    -5.12   0.000    -1.329263   -.5916688
   trend_555 |  -.3218821    .190448    -1.69   0.092    -.6959394    .0521751
   trend_556 |  -.1238595   .1934736    -0.64   0.522    -.5038593    .2561403
   trend_557 |  -.0019879   .1936064    -0.01   0.992    -.3822485    .3782727
   trend_558 |  -.7034459   .1858627    -3.78   0.000    -1.068497   -.3383946
   trend_559 |   .0124527   .1937621     0.06   0.949    -.3681137    .3930191
   trend_560 |   .5011994   .2028982     2.47   0.014     .1026888      .89971
   trend_561 |   .5047319    .304595     1.66   0.098    -.0935203    1.102984
   trend_562 |   .1717607   .0438186     3.92   0.000     .0856971    .2578244
   trend_563 |   .5986752   .2752195     2.18   0.030     .0581191    1.139231
   trend_564 |   .5937886   .2320629     2.56   0.011      .137996    1.049581
   trend_565 |    .594746   .0655917     9.07   0.000     .4659179    .7235741
   trend_566 |   .6686742   .0703074     9.51   0.000      .530584    .8067644
   trend_567 |   .0837425   .3841015     0.22   0.827    -.6706679    .8381529
   trend_568 |   .1046975    .054166     1.93   0.054    -.0016895    .2110845
   trend_569 |   .0701985   .1958466     0.36   0.720    -.3144622    .4548591
   trend_570 |   1.087269     .09902    10.98   0.000     .8927845    1.281753
   trend_571 |   .4216585   .2288043     1.84   0.066     -.027734    .8710511
   trend_572 |   .9546654   .0754531    12.65   0.000     .8064687    1.102862
   trend_573 |   .0899553   .0514838     1.75   0.081    -.0111634    .1910741
   trend_574 |   .4795472   .0884163     5.42   0.000     .3058894    .6532049
   trend_575 |  -.0251573   .3082068    -0.08   0.935    -.6305034    .5801889
   trend_576 |   1.377356   .2354383     5.85   0.000     .9149333    1.839778
   trend_577 |          0  (omitted)
MismoParti~G |   .0726505    .214123     0.34   0.735    -.3479065    .4932074
       _cons |   .0557249   4.495563     0.01   0.990    -8.773971    8.885421
------------------------------------------------------------------------------
r; t=192.03 15:28:48

. areg prop Corrupt grade_1 grade_2 Turn_* yy_* HOMI_CAP_MUN  total mis_tot Cor
> ruptPast Already Auditada P_* MismoPartidoG,  absorb(clavedelae) cluster(clav
> e_mun)
note: Turn_4 omitted because of collinearity.
note: yy_1 omitted because of collinearity.
note: yy_2 omitted because of collinearity.
note: yy_3 omitted because of collinearity.
note: yy_11 omitted because of collinearity.
note: P_82 omitted because of collinearity.
note: P_L_70 omitted because of collinearity.
note: P_L_73 omitted because of collinearity.

Linear regression, absorbing indicators            Number of obs     = 340,009
Absorbed variable: clavedelaescuela                No. of categories =  21,759
                                                   F(132, 576)       =       .
                                                   Prob > F          =       .
                                                   R-squared         =  0.2683
                                                   Adj R-squared     =  0.2179
                                                   Root MSE          = 11.0165

                            (Std. err. adjusted for 577 clusters in clave_mun)
------------------------------------------------------------------------------
             |               Robust
        prop | Coefficient  std. err.      t    P>|t|     [95% conf. interval]
-------------+----------------------------------------------------------------
     Corrupt |   .4098744   .1834534     2.23   0.026     .0495553    .7701935
     grade_1 |  -2.638395   .1135495   -23.24   0.000    -2.861417   -2.415374
     grade_2 |  -.8626479   .0612944   -14.07   0.000    -.9830357   -.7422602
      Turn_1 |   2.421049   3.592128     0.67   0.501    -4.634219    9.476316
      Turn_2 |   1.256596   3.572901     0.35   0.725    -5.760907    8.274098
      Turn_3 |   .6670675   3.871536     0.17   0.863    -6.936981    8.271116
      Turn_4 |          0  (omitted)
        yy_1 |          0  (omitted)
        yy_2 |          0  (omitted)
        yy_3 |          0  (omitted)
        yy_4 |   -3.29697   .3423312    -9.63   0.000    -3.969339     -2.6246
        yy_5 |  -2.647514   .2765713    -9.57   0.000    -3.190725   -2.104303
        yy_6 |   1.081065   .2875035     3.76   0.000     .5163819    1.645748
        yy_7 |  -.3915193   .2166691    -1.81   0.071    -.8170772    .0340386
        yy_8 |   .2515816   .1977174     1.27   0.204    -.1367534    .6399166
        yy_9 |  -.5964463   .1726725    -3.45   0.001    -.9355907   -.2573018
       yy_10 |   2.574813   .2401311    10.72   0.000     2.103173    3.046452
       yy_11 |          0  (omitted)
HOMI_CAP_MUN |  -404.8021   263.2762    -1.54   0.125    -921.9006    112.2963
       total |  -7.21e-10   2.30e-10    -3.14   0.002    -1.17e-09   -2.69e-10
     mis_tot |  -.3988161   .3096107    -1.29   0.198     -1.00692    .2092875
 CorruptPast |  -.1447199   .2068059    -0.70   0.484    -.5509056    .2614657
AlreadyAud~d |  -.0902498   .2021059    -0.45   0.655    -.4872041    .3067046
    Auditada |  -.1258699   .1468493    -0.86   0.392    -.4142953    .1625555
         P_1 |   1.659702   1.397164     1.19   0.235    -1.084455     4.40386
         P_2 |  -.3390819   1.074427    -0.32   0.752    -2.449354     1.77119
         P_3 |   2.695924    1.31549     2.05   0.041     .1121821    5.279665
         P_4 |   .7549317   1.221411     0.62   0.537    -1.644031    3.153895
         P_5 |   1.436324    1.12227     1.28   0.201    -.7679167    3.640565
         P_6 |   .1909878   1.154439     0.17   0.869    -2.076436    2.458412
         P_7 |   2.987467   1.734449     1.72   0.086    -.4191486    6.394082
         P_8 |  -.3055312   1.401334    -0.22   0.827     -3.05788    2.446817
         P_9 |   1.883785   1.122305     1.68   0.094    -.3205232    4.088094
        P_10 |  -2.106025   1.188606    -1.77   0.077    -4.440555    .2285048
        P_11 |  -.8504934   1.520872    -0.56   0.576    -3.837624    2.136637
        P_12 |   2.350632   1.539833     1.53   0.127    -.6737399    5.375004
        P_13 |   -2.82361   1.104344    -2.56   0.011    -4.992643   -.6545771
        P_14 |   .7886608   1.433065     0.55   0.582     -2.02601    3.603332
        P_15 |  -.5262964   1.081327    -0.49   0.627    -2.650121    1.597529
        P_16 |   1.301478   1.157801     1.12   0.261    -.9725492    3.575505
        P_17 |  -1.036463   1.107989    -0.94   0.350    -3.212654    1.139728
        P_18 |   6.034994   1.090141     5.54   0.000     3.893858    8.176129
        P_19 |   .2759436   1.075633     0.26   0.798    -1.836698    2.388585
        P_20 |   3.469332   1.194721     2.90   0.004     1.122791    5.815873
        P_21 |  -.3980591   1.128786    -0.35   0.724    -2.615097    1.818979
        P_22 |   .8551321   1.106541     0.77   0.440    -1.318215    3.028479
        P_23 |  -1.213686   1.138178    -1.07   0.287    -3.449172    1.021799
        P_24 |   .3535563   1.108799     0.32   0.750    -1.824225    2.531338
        P_25 |   1.562567   1.226508     1.27   0.203    -.8464064     3.97154
        P_26 |   .1597005   1.229432     0.13   0.897    -2.255017    2.574418
        P_27 |  -.2518361   1.095746    -0.23   0.818    -2.403982    1.900309
        P_28 |   1.003431   1.491326     0.67   0.501    -1.925669    3.932531
        P_29 |  -2.731854   1.233724    -2.21   0.027    -5.155001   -.3087075
        P_30 |   1.503687    1.12699     1.33   0.183    -.7098232    3.717198
        P_31 |   2.939292   1.383019     2.13   0.034     .2229165    5.655667
        P_32 |   1.748821   1.193462     1.47   0.143    -.5952465    4.092889
        P_33 |  -.9987719    1.15926    -0.86   0.389    -3.275665    1.278121
        P_34 |   .8480771   1.180968     0.72   0.473    -1.471451    3.167605
        P_35 |   .9004747     1.1737     0.77   0.443    -1.404779    3.205729
        P_36 |   .8032517   1.095617     0.73   0.464    -1.348639    2.955142
        P_37 |   -1.39575   1.407916    -0.99   0.322    -4.161025    1.369524
        P_38 |   2.441571   1.195285     2.04   0.042     .0939224    4.789221
        P_39 |   1.613696   1.122221     1.44   0.151    -.5904477     3.81784
        P_40 |   .2286834   1.253907     0.18   0.855    -2.234104    2.691471
        P_41 |     1.1987   1.138427     1.05   0.293    -1.037273    3.434674
        P_42 |   1.492603   1.077882     1.38   0.167    -.6244547    3.609661
        P_43 |   .6038604   1.893284     0.32   0.750    -3.114722    4.322443
        P_44 |  -3.944485   1.287728    -3.06   0.002    -6.473701   -1.415269
        P_45 |   .4888625    1.26377     0.39   0.699    -1.993296    2.971022
        P_46 |   3.579767   1.077495     3.32   0.001     1.463469    5.696065
        P_47 |   1.293705   1.162409     1.11   0.266    -.9893723    3.576781
        P_48 |   1.357888    1.28504     1.06   0.291    -1.166047    3.881823
        P_49 |   3.114927   1.133975     2.75   0.006     .8876959    5.342157
        P_50 |   4.196053   1.904566     2.20   0.028     .4553116    7.936794
        P_51 |  -1.010852   1.077202    -0.94   0.348    -3.126575    1.104871
        P_52 |   1.470309   1.428012     1.03   0.304    -1.334437    4.275055
        P_53 |   .2504822   1.115847     0.22   0.822    -1.941142    2.442106
        P_54 |  -2.187489   1.192542    -1.83   0.067    -4.529751    .1547726
        P_55 |  -1.634767   1.095442    -1.49   0.136    -3.786315    .5167805
        P_56 |  -.8130266   2.184196    -0.37   0.710    -5.102986    3.476933
        P_57 |   2.942305   1.048993     2.80   0.005     .8819876    5.002621
        P_58 |   .5178352   1.094314     0.47   0.636    -1.631496    2.667167
        P_59 |    -1.6661   1.522412    -1.09   0.274    -4.656256    1.324056
        P_60 |   .2968443   1.110219     0.27   0.789    -1.883727    2.477415
        P_61 |  -.5735396   1.106346    -0.52   0.604    -2.746504    1.599425
        P_62 |   .5615157   1.079596     0.52   0.603     -1.55891    2.681941
        P_63 |  -1.507992   1.302097    -1.16   0.247    -4.065429    1.049444
        P_64 |    1.59531   1.213089     1.32   0.189    -.7873073    3.977927
        P_65 |  -.3748087   1.644335    -0.23   0.820    -3.604433    2.854816
        P_66 |   .0747914   1.046895     0.07   0.943    -1.981407    2.130989
        P_67 |   .7355232   1.079808     0.68   0.496    -1.385317    2.856363
        P_68 |  -.1138785   1.129214    -0.10   0.920    -2.331758    2.104001
        P_69 |  -.4362318   1.226994    -0.36   0.722     -2.84616    1.973696
        P_70 |   8.667134   6.177358     1.40   0.161    -3.465759    20.80003
        P_71 |   2.442855   1.416291     1.72   0.085    -.3388699     5.22458
        P_72 |   1.708723   1.304228     1.31   0.191    -.8528986    4.270345
        P_73 |  -.8111807   1.068588    -0.76   0.448    -2.909984    1.287623
        P_74 |   2.996179    1.31028     2.29   0.023     .4226692    5.569688
        P_75 |   -2.20306   1.511685    -1.46   0.146    -5.172148    .7660275
        P_76 |  -1.242217   1.445318    -0.86   0.390    -4.080953     1.59652
        P_77 |   2.204456   1.446849     1.52   0.128    -.6372868    5.046199
        P_78 |   3.199968   1.446751     2.21   0.027     .3584172    6.041519
        P_79 |  -11.56672   1.005832   -11.50   0.000    -13.54227   -9.591176
        P_80 |   1.409188    1.15196     1.22   0.222    -.8533665    3.671743
        P_81 |  -2.602572   1.362718    -1.91   0.057    -5.279074    .0739307
        P_82 |          0  (omitted)
       P_L_1 |   .5135173   1.279659     0.40   0.688    -1.999849    3.026884
       P_L_2 |  -1.520252   1.014557    -1.50   0.135    -3.512934    .4724298
       P_L_3 |  -.8660301   1.143532    -0.76   0.449     -3.11203     1.37997
       P_L_4 |  -.6240929   1.230896    -0.51   0.612    -3.041685    1.793499
       P_L_5 |  -1.680159   1.029111    -1.63   0.103    -3.701426    .3411088
       P_L_6 |  -.3669049   1.097651    -0.33   0.738    -2.522791    1.788981
       P_L_7 |  -2.108038   1.230111    -1.71   0.087    -4.524088    .3080125
       P_L_8 |  -.5269536   1.061681    -0.50   0.620    -2.612191    1.558284
       P_L_9 |  -1.957244   1.093493    -1.79   0.074    -4.104963    .1904755
      P_L_10 |  -1.461391   1.274113    -1.15   0.252    -3.963864    1.041082
      P_L_11 |  -1.074822   1.186983    -0.91   0.366    -3.406164     1.25652
      P_L_12 |  -.8419598   1.043634    -0.81   0.420    -2.891751    1.207831
      P_L_13 |   3.213914   1.031192     3.12   0.002     1.188559    5.239269
      P_L_14 |  -1.420648   1.201503    -1.18   0.238     -3.78051    .9392144
      P_L_15 |  -1.597448   1.074407    -1.49   0.138    -3.707681    .5127854
      P_L_16 |  -3.134519   1.132428    -2.77   0.006    -5.358711   -.9103274
      P_L_17 |   .5669372   1.126451     0.50   0.615    -1.645515     2.77939
      P_L_18 |   .2706096   1.015201     0.27   0.790    -1.723338    2.264557
      P_L_19 |  -2.850156   1.296758    -2.20   0.028    -5.397108    -.303205
      P_L_20 |  -2.199451   1.037963    -2.12   0.035    -4.238105   -.1607965
      P_L_21 |   -1.07707   1.053497    -1.02   0.307    -3.146234    .9920926
      P_L_22 |    -.37547   1.061715    -0.35   0.724    -2.460776    1.709836
      P_L_23 |  -.1610893   1.012496    -0.16   0.874    -2.149723    1.827544
      P_L_24 |    .216134   1.074517     0.20   0.841    -1.894315    2.326583
      P_L_25 |  -1.307666   1.107619    -1.18   0.238    -3.483131    .8677987
      P_L_26 |  -1.188658   1.125103    -1.06   0.291    -3.398463    1.021146
      P_L_27 |  -2.984632   1.235503    -2.42   0.016    -5.411273   -.5579919
      P_L_28 |  -.8200349   1.051473    -0.78   0.436    -2.885223    1.245154
      P_L_29 |   .6352357    1.57121     0.40   0.686    -2.450764    3.721235
      P_L_30 |  -.2383831   1.070255    -0.22   0.824    -2.340462    1.863695
      P_L_31 |  -.5021037   1.051628    -0.48   0.633    -2.567597     1.56339
      P_L_32 |   2.382612    1.33073     1.79   0.074    -.2310624    4.996287
      P_L_33 |   -1.13882   1.080005    -1.05   0.292     -3.26005    .9824086
      P_L_34 |  -.7767827   1.037648    -0.75   0.454    -2.814819    1.261253
      P_L_35 |   3.811265   4.914462     0.78   0.438    -5.841186    13.46372
      P_L_36 |  -2.183306   1.071579    -2.04   0.042    -4.287985   -.0786262
      P_L_37 |  -.9429933   1.058607    -0.89   0.373    -3.022193    1.136207
      P_L_38 |  -1.110388   1.055907    -1.05   0.293    -3.184286    .9635104
      P_L_39 |    -3.3322   2.136974    -1.56   0.119    -7.529412    .8650115
      P_L_40 |   3.563205   1.116742     3.19   0.001     1.369823    5.756587
      P_L_41 |    3.14514   1.135506     2.77   0.006     .9149032    5.375378
      P_L_42 |  -.8530393   1.047839    -0.81   0.416     -2.91109    1.205011
      P_L_43 |   1.703629   1.057121     1.61   0.108    -.3726532    3.779911
      P_L_44 |   .7478786   1.169358     0.64   0.523    -1.548848    3.044605
      P_L_45 |   -2.38306   1.033582    -2.31   0.021    -4.413109   -.3530107
      P_L_46 |   -1.16271   1.035755    -1.12   0.262    -3.197027    .8716062
      P_L_47 |  -1.621047   1.136419    -1.43   0.154    -3.853077    .6109832
      P_L_48 |   1.959659   1.630703     1.20   0.230     -1.24319    5.162508
      P_L_49 |  -.0110752   1.224094    -0.01   0.993    -2.415307    2.393157
      P_L_50 |  -.2908404   1.250366    -0.23   0.816    -2.746672    2.164991
      P_L_51 |   2.591335   1.009552     2.57   0.011      .608483    4.574186
      P_L_52 |  -.1994645   1.000839    -0.20   0.842    -2.165204    1.766275
      P_L_53 |  -.8082051   1.413233    -0.57   0.568    -3.583923    1.967513
      P_L_54 |    .734491   1.326322     0.55   0.580    -1.870527    3.339509
      P_L_55 |  -.8582507   1.140918    -0.75   0.452    -3.099118    1.382616
      P_L_56 |  -.8105214   .9811023    -0.83   0.409    -2.737496    1.116453
      P_L_57 |  -.4227775   .9937881    -0.43   0.671    -2.374668    1.529113
      P_L_58 |  -1.359216   1.054761    -1.29   0.198    -3.430862     .712431
      P_L_59 |  -.0940119   1.044168    -0.09   0.928    -2.144853     1.95683
      P_L_60 |  -1.353694   1.118031    -1.21   0.226    -3.549609    .8422217
      P_L_61 |  -2.628304   1.171746    -2.24   0.025    -4.929719   -.3268884
      P_L_62 |  -.8592588   1.027692    -0.84   0.403     -2.87774    1.159223
      P_L_63 |  -.0664498   1.436958    -0.05   0.963    -2.888766    2.755866
      P_L_64 |   .3720226   1.057596     0.35   0.725    -1.705192    2.449237
      P_L_65 |  -3.316702   1.062828    -3.12   0.002    -5.404192   -1.229211
      P_L_66 |  -.8069649   1.222417    -0.66   0.509    -3.207904    1.593974
      P_L_67 |  -.9101372   1.258354    -0.72   0.470    -3.381658    1.561384
      P_L_68 |   1.451215   1.117693     1.30   0.195    -.7440353    3.646465
      P_L_69 |  -2.675398   1.236772    -2.16   0.031     -5.10453   -.2462661
      P_L_70 |          0  (omitted)
      P_L_71 |  -.9191148   1.025006    -0.90   0.370     -2.93232     1.09409
      P_L_72 |  -1.059496     1.1807    -0.90   0.370    -3.378498    1.259506
      P_L_73 |          0  (omitted)
MismoParti~G |   .2812016    .160015     1.76   0.079    -.0330823    .5954855
       _cons |   3.694063   3.866389     0.96   0.340    -3.899878      11.288
------------------------------------------------------------------------------
r; t=26.24 15:29:14

. areg prop Corrupt Turn_* yy_* HOMI_CAP_MUN  total mis_tot CorruptPast Already
>  Auditada P_* MismoPartidoG,  absorb(clavedelae) cluster(clave_mun)
note: Turn_4 omitted because of collinearity.
note: yy_1 omitted because of collinearity.
note: yy_2 omitted because of collinearity.
note: yy_3 omitted because of collinearity.
note: yy_11 omitted because of collinearity.
note: P_82 omitted because of collinearity.
note: P_L_70 omitted because of collinearity.
note: P_L_73 omitted because of collinearity.

Linear regression, absorbing indicators            Number of obs     = 340,009
Absorbed variable: clavedelaescuela                No. of categories =  21,759
                                                   F(130, 576)       =       .
                                                   Prob > F          =       .
                                                   R-squared         =  0.2617
                                                   Adj R-squared     =  0.2108
                                                   Root MSE          = 11.0658

                            (Std. err. adjusted for 577 clusters in clave_mun)
------------------------------------------------------------------------------
             |               Robust
        prop | Coefficient  std. err.      t    P>|t|     [95% conf. interval]
-------------+----------------------------------------------------------------
     Corrupt |   .4082958    .183456     2.23   0.026     .0479716    .7686201
      Turn_1 |   2.501472   3.624332     0.69   0.490    -4.617047    9.619991
      Turn_2 |   1.327061   3.605365     0.37   0.713    -5.754205    8.408326
      Turn_3 |   .7242818   3.898833     0.19   0.853    -6.933381    8.381944
      Turn_4 |          0  (omitted)
        yy_1 |          0  (omitted)
        yy_2 |          0  (omitted)
        yy_3 |          0  (omitted)
        yy_4 |  -2.142389    .329006    -6.51   0.000    -2.788586   -1.496191
        yy_5 |  -1.494005   .2703427    -5.53   0.000    -2.024982   -.9630268
        yy_6 |   2.234265   .2976354     7.51   0.000     1.649682    2.818848
        yy_7 |  -.4013143   .2165061    -1.85   0.064    -.8265519    .0239234
        yy_8 |   .2329076   .1977672     1.18   0.239    -.1555252    .6213405
        yy_9 |  -.6104101   .1726866    -3.53   0.000    -.9495823   -.2712379
       yy_10 |   2.564069   .2400399    10.68   0.000     2.092609    3.035529
       yy_11 |          0  (omitted)
HOMI_CAP_MUN |  -401.3223   263.1127    -1.53   0.128    -918.0997     115.455
       total |  -7.22e-10   2.30e-10    -3.14   0.002    -1.17e-09   -2.70e-10
     mis_tot |  -.3919049   .3094787    -1.27   0.206    -.9997493    .2159395
 CorruptPast |  -.1438677   .2067811    -0.70   0.487    -.5500046    .2622693
AlreadyAud~d |  -.0892727   .2019868    -0.44   0.659    -.4859931    .3074477
    Auditada |  -.1236603   .1469975    -0.84   0.401    -.4123767    .1650562
         P_1 |   1.657951   1.402389     1.18   0.238    -1.096468    4.412369
         P_2 |   -.351557   1.079006    -0.33   0.745    -2.470824     1.76771
         P_3 |   2.693543   1.318479     2.04   0.042     .1039307    5.283156
         P_4 |   .7438061   1.226331     0.61   0.544    -1.664819    3.152431
         P_5 |   1.431038   1.127038     1.27   0.205    -.7825665    3.644642
         P_6 |   .1792178   1.158489     0.15   0.877    -2.096161    2.454596
         P_7 |   2.981104   1.741038     1.71   0.087    -.4384523    6.400661
         P_8 |  -.3158387   1.404313    -0.22   0.822    -3.074038    2.442361
         P_9 |   1.874849   1.126482     1.66   0.097    -.3376644    4.087362
        P_10 |  -2.162473    1.19315    -1.81   0.070    -4.505927    .1809817
        P_11 |  -.8782976   1.522957    -0.58   0.564    -3.869524    2.112929
        P_12 |   2.335888   1.544185     1.51   0.131    -.6970324    5.368808
        P_13 |  -2.834533   1.108102    -2.56   0.011    -5.010946   -.6581192
        P_14 |   .7756452   1.437481     0.54   0.590    -2.047699    3.598989
        P_15 |  -.5265759   1.085971    -0.48   0.628    -2.659523    1.606371
        P_16 |    1.27122   1.163125     1.09   0.275    -1.013263    3.555703
        P_17 |  -1.031566   1.112926    -0.93   0.354    -3.217453    1.154321
        P_18 |   5.977109   1.093294     5.47   0.000     3.829781    8.124438
        P_19 |   .2725582   1.080054     0.25   0.801    -1.848767    2.393883
        P_20 |   3.450761   1.200267     2.87   0.004     1.093327    5.808196
        P_21 |  -.4026729   1.133194    -0.36   0.722    -2.628369    1.823024
        P_22 |   .8411922   1.110786     0.76   0.449    -1.340492    3.022876
        P_23 |  -1.218601   1.144142    -1.07   0.287      -3.4658    1.028599
        P_24 |   .3569988   1.113027     0.32   0.749    -1.829088    2.543086
        P_25 |     1.5289   1.230217     1.24   0.214    -.8873583    3.945159
        P_26 |   .1426259   1.234405     0.12   0.908    -2.281858     2.56711
        P_27 |   -.257956   1.100275    -0.23   0.815    -2.418996    1.903084
        P_28 |   1.005966   1.494255     0.67   0.501    -1.928886    3.940818
        P_29 |   -2.74085   1.237237    -2.22   0.027    -5.170896   -.3108036
        P_30 |    1.49968    1.13122     1.33   0.185      -.72214    3.721499
        P_31 |   2.958119   1.380566     2.14   0.033     .2465621    5.669677
        P_32 |   1.745075   1.196996     1.46   0.145     -.605934    4.096083
        P_33 |  -.9814734   1.163879    -0.84   0.399    -3.267438    1.304491
        P_34 |   .8513759   1.184897     0.72   0.473     -1.47587    3.178621
        P_35 |   .8867121   1.178575     0.75   0.452    -1.428116    3.201541
        P_36 |   .7911246   1.100678     0.72   0.473    -1.370707    2.952956
        P_37 |  -1.399986   1.408527    -0.99   0.321    -4.166461    1.366489
        P_38 |   2.456901   1.198203     2.05   0.041     .1035209     4.81028
        P_39 |   1.608846   1.126527     1.43   0.154    -.6037557    3.821447
        P_40 |   .2332228   1.257044     0.19   0.853    -2.235726    2.702171
        P_41 |   1.196574   1.142611     1.05   0.295    -1.047618    3.440767
        P_42 |   1.452145   1.082375     1.34   0.180    -.6737386    3.578029
        P_43 |    .602408    1.90817     0.32   0.752    -3.145411    4.350227
        P_44 |  -3.836945   1.291481    -2.97   0.003    -6.373532   -1.300358
        P_45 |   .4703704   1.267671     0.37   0.711    -2.019451    2.960192
        P_46 |   3.559574   1.081987     3.29   0.001     1.434453    5.684694
        P_47 |   1.300482   1.167167     1.11   0.266    -.9919393    3.592904
        P_48 |   1.370483   1.287316     1.06   0.288    -1.157923    3.898889
        P_49 |   3.082383   1.138156     2.71   0.007     .8469401    5.317825
        P_50 |    4.21271   1.907457     2.21   0.028     .4662905    7.959129
        P_51 |  -1.004309   1.081719    -0.93   0.354    -3.128903    1.120285
        P_52 |   1.463216   1.430241     1.02   0.307    -1.345907     4.27234
        P_53 |   .2508816   1.120327     0.22   0.823    -1.949542    2.451305
        P_54 |  -2.186461   1.192595    -1.83   0.067    -4.528826    .1559036
        P_55 |  -1.653779   1.099913    -1.50   0.133    -3.814109    .5065505
        P_56 |  -.8327808   2.189117    -0.38   0.704    -5.132407    3.466845
        P_57 |   2.912549    1.05335     2.77   0.006     .8436741    4.981424
        P_58 |   .5158557   1.098441     0.47   0.639    -1.641583    2.673294
        P_59 |  -1.685063   1.520266    -1.11   0.268    -4.671004    1.300879
        P_60 |   .2838273   1.114706     0.25   0.799    -1.905556    2.473211
        P_61 |  -.5801518   1.110678    -0.52   0.602    -2.761625    1.601321
        P_62 |   .5578291   1.084137     0.51   0.607    -1.571515    2.687173
        P_63 |  -1.542107   1.305428    -1.18   0.238    -4.106086    1.021871
        P_64 |   1.591826   1.218423     1.31   0.192    -.8012684     3.98492
        P_65 |   -.391045   1.647858    -0.24   0.813    -3.627587    2.845497
        P_66 |   .0699048    1.05132     0.07   0.947    -1.994984    2.134794
        P_67 |   .7330052   1.084351     0.68   0.499    -1.396759     2.86277
        P_68 |  -.1138212   1.133525    -0.10   0.920    -2.340168    2.112525
        P_69 |  -.4327732   1.230955    -0.35   0.725    -2.850481    1.984934
        P_70 |   8.655016   6.169767     1.40   0.161    -3.462967      20.773
        P_71 |   2.433969   1.418632     1.72   0.087     -.352354    5.220292
        P_72 |   1.694028   1.307382     1.30   0.196    -.8737884    4.261844
        P_73 |  -.8258431   1.073149    -0.77   0.442    -2.933605    1.281918
        P_74 |   2.938903   1.310953     2.24   0.025     .3640732    5.513734
        P_75 |  -2.229789   1.514778    -1.47   0.142    -5.204951    .7453724
        P_76 |  -1.252089   1.449077    -0.86   0.388    -4.098209     1.59403
        P_77 |   2.202572   1.450161     1.52   0.129    -.6456775    5.050821
        P_78 |   3.143554   1.448718     2.17   0.030     .2981406    5.988968
        P_79 |  -11.68332   1.009868   -11.57   0.000    -13.66679   -9.699844
        P_80 |   1.411108   1.156148     1.22   0.223    -.8596708    3.681887
        P_81 |  -2.612132   1.367465    -1.91   0.057    -5.297958    .0736945
        P_82 |          0  (omitted)
       P_L_1 |   .5135606   1.269154     0.40   0.686    -1.979174    3.006295
       P_L_2 |  -1.532355   1.000581    -1.53   0.126    -3.497586    .4328768
       P_L_3 |   -.872083   1.131898    -0.77   0.441    -3.095234    1.351068
       P_L_4 |  -.6094172   1.215357    -0.50   0.616    -2.996488    1.777654
       P_L_5 |  -1.649164   1.014989    -1.62   0.105    -3.642694    .3443667
       P_L_6 |   -.361919   1.085429    -0.33   0.739      -2.4938    1.769962
       P_L_7 |  -2.089059   1.218318    -1.71   0.087    -4.481945     .303828
       P_L_8 |  -.5190624   1.048263    -0.50   0.621    -2.577946    1.539821
       P_L_9 |  -1.958109   1.080631    -1.81   0.071    -4.080566    .1643488
      P_L_10 |  -1.454422   1.263231    -1.15   0.250    -3.935523    1.026679
      P_L_11 |  -1.074092    1.17471    -0.91   0.361    -3.381328    1.233145
      P_L_12 |   -.828094   1.028891    -0.80   0.421    -2.848929    1.192741
      P_L_13 |   3.215152   1.017647     3.16   0.002       1.2164    5.213904
      P_L_14 |  -1.427823   1.190567    -1.20   0.231    -3.766206    .9105589
      P_L_15 |  -1.638492   1.060818    -1.54   0.123    -3.722035     .445051
      P_L_16 |  -3.135388   1.120404    -2.80   0.005    -5.335962    -.934813
      P_L_17 |   .5527133   1.113999     0.50   0.620    -1.635283    2.740709
      P_L_18 |   .2653275   1.001117     0.27   0.791    -1.700958    2.231613
      P_L_19 |  -2.853696   1.285425    -2.22   0.027    -5.378387   -.3290053
      P_L_20 |  -2.203677   1.024266    -2.15   0.032    -4.215429   -.1919252
      P_L_21 |  -1.064281   1.039476    -1.02   0.306    -3.105907    .9773444
      P_L_22 |   -.368348   1.048586    -0.35   0.726    -2.427867    1.691171
      P_L_23 |  -.1637549   .9981942    -0.16   0.870    -2.124299    1.796789
      P_L_24 |   .2244902   1.061817     0.21   0.833    -1.861015    2.309995
      P_L_25 |  -1.288688     1.0944    -1.18   0.239    -3.438188     .860813
      P_L_26 |  -1.192007   1.111162    -1.07   0.284    -3.374431    .9904166
      P_L_27 |  -2.944581   1.225194    -2.40   0.017    -5.350974   -.5381891
      P_L_28 |  -.8069174    1.03804    -0.78   0.437    -2.845723    1.231888
      P_L_29 |   .6364079   1.559816     0.41   0.683    -2.427212    3.700028
      P_L_30 |  -.2343659   1.056686    -0.22   0.825    -2.309794    1.841063
      P_L_31 |  -.4896851   1.038121    -0.47   0.637     -2.52865     1.54928
      P_L_32 |   2.413357   1.321352     1.83   0.068    -.1818983    5.008612
      P_L_33 |  -1.117243   1.067103    -1.05   0.296     -3.21313    .9786432
      P_L_34 |  -.7680843   1.023876    -0.75   0.453    -2.779069    1.242901
      P_L_35 |   3.756785   4.970009     0.76   0.450    -6.004765    13.51833
      P_L_36 |  -2.191084   1.058872    -2.07   0.039    -4.270806   -.1113621
      P_L_37 |  -.9325361   1.045495    -0.89   0.373    -2.985983    1.120911
      P_L_38 |  -1.061031   1.041234    -1.02   0.309     -3.10611    .9840485
      P_L_39 |  -3.358734   2.143697    -1.57   0.118    -7.569151    .8516823
      P_L_40 |   3.462338   1.103419     3.14   0.002     1.295122    5.629554
      P_L_41 |   3.201332    1.12206     2.85   0.004      .997504     5.40516
      P_L_42 |  -.7947545   1.033159    -0.77   0.442    -2.823973    1.234464
      P_L_43 |   1.721046   1.042963     1.65   0.099    -.3274294    3.769521
      P_L_44 |   .7331752   1.156838     0.63   0.526     -1.53896     3.00531
      P_L_45 |   -2.37579    1.01986    -2.33   0.020    -4.378888   -.3726929
      P_L_46 |  -1.158966   1.022132    -1.13   0.257    -3.166525    .8485937
      P_L_47 |  -1.625194   1.123813    -1.45   0.149    -3.832465    .5820759
      P_L_48 |    1.99272   1.627466     1.22   0.221    -1.203773    5.189212
      P_L_49 |  -.0094615   1.212287    -0.01   0.994    -2.390503     2.37158
      P_L_50 |  -.2899851   1.236138    -0.23   0.815    -2.717872    2.137902
      P_L_51 |   2.595291   .9954469     2.61   0.009     .6401423    4.550439
      P_L_52 |  -.1995721   .9866357    -0.20   0.840    -2.137414     1.73827
      P_L_53 |  -.8186996   1.401415    -0.58   0.559    -3.571206    1.933807
      P_L_54 |   .7664379   1.315578     0.58   0.560    -1.817478    3.350353
      P_L_55 |  -.8367909   1.127063    -0.74   0.458    -3.050446    1.376864
      P_L_56 |  -.7989563    .966541    -0.83   0.409    -2.697331    1.099418
      P_L_57 |  -.4205804    .979496    -0.43   0.668      -2.3444    1.503239
      P_L_58 |  -1.363885   1.040136    -1.31   0.190    -3.406806    .6790357
      P_L_59 |  -.0881753   1.030395    -0.09   0.932    -2.111964    1.935613
      P_L_60 |  -1.332014   1.105654    -1.20   0.229     -3.50362    .8395917
      P_L_61 |  -2.660826   1.162572    -2.29   0.022    -4.944223   -.3774282
      P_L_62 |  -.8553407   1.014014    -0.84   0.399    -2.846956    1.136275
      P_L_63 |  -.0602837   1.427617    -0.04   0.966    -2.864254    2.743687
      P_L_64 |   .3836316   1.044123     0.37   0.713    -1.667121    2.434385
      P_L_65 |  -3.295573   1.049519    -3.14   0.002    -5.356924   -1.234222
      P_L_66 |  -.7968635   1.210575    -0.66   0.511    -3.174542    1.580816
      P_L_67 |  -.9161376   1.246413    -0.74   0.463    -3.364207    1.531932
      P_L_68 |   1.451423   1.105345     1.31   0.190    -.7195743    3.622421
      P_L_69 |  -2.726549   1.225627    -2.22   0.026    -5.133792   -.3193067
      P_L_70 |          0  (omitted)
      P_L_71 |  -.9010477   1.012186    -0.89   0.374    -2.889074    1.086978
      P_L_72 |  -1.032918   1.168423    -0.88   0.377    -3.327807     1.26197
      P_L_73 |          0  (omitted)
MismoParti~G |   .2812903   .1600434     1.76   0.079    -.0330495    .5956301
       _cons |   2.451695   3.903349     0.63   0.530    -5.214837    10.11823
------------------------------------------------------------------------------
r; t=25.53 15:29:40

. areg prop Corrupt Turn_* yy_*  Auditada P_*,  absorb(clavedelae) cluster(clav
> e_mun)
note: Turn_4 omitted because of collinearity.
note: yy_1 omitted because of collinearity.
note: yy_2 omitted because of collinearity.
note: yy_3 omitted because of collinearity.
note: yy_11 omitted because of collinearity.
note: P_82 omitted because of collinearity.
note: P_L_70 omitted because of collinearity.
note: P_L_73 omitted because of collinearity.

Linear regression, absorbing indicators            Number of obs     = 340,009
Absorbed variable: clavedelaescuela                No. of categories =  21,759
                                                   F(124, 576)       =       .
                                                   Prob > F          =       .
                                                   R-squared         =  0.2615
                                                   Adj R-squared     =  0.2106
                                                   Root MSE          = 11.0676

                            (Std. err. adjusted for 577 clusters in clave_mun)
------------------------------------------------------------------------------
             |               Robust
        prop | Coefficient  std. err.      t    P>|t|     [95% conf. interval]
-------------+----------------------------------------------------------------
     Corrupt |   .4736654   .1705668     2.78   0.006     .1386566    .8086741
      Turn_1 |   2.718733   3.385851     0.80   0.422    -3.931387    9.368853
      Turn_2 |   1.544619   3.366713     0.46   0.647    -5.067911    8.157149
      Turn_3 |   .9353533    3.68984     0.25   0.800    -6.311828    8.182535
      Turn_4 |          0  (omitted)
        yy_1 |          0  (omitted)
        yy_2 |          0  (omitted)
        yy_3 |          0  (omitted)
        yy_4 |  -1.741054   .2789679    -6.24   0.000    -2.288972   -1.193135
        yy_5 |  -1.150796   .2552728    -4.51   0.000    -1.652175   -.6494168
        yy_6 |   2.411633   .3063118     7.87   0.000     1.810009    3.013257
        yy_7 |  -.3022684   .2091106    -1.45   0.149    -.7129807    .1084439
        yy_8 |   .2965899   .1927323     1.54   0.124    -.0819539    .6751337
        yy_9 |  -.6859819   .1653278    -4.15   0.000    -1.010701    -.361263
       yy_10 |   2.496656   .2436355    10.25   0.000     2.018133    2.975178
       yy_11 |          0  (omitted)
    Auditada |  -.1828241    .143119    -1.28   0.202    -.4639229    .0982747
         P_1 |    1.68305   1.360534     1.24   0.217    -.9891634    4.355264
         P_2 |  -.2303547   1.055345    -0.22   0.827    -2.303149     1.84244
         P_3 |   2.756989   1.302377     2.12   0.035     .1990015    5.314977
         P_4 |   .6877649   1.183833     0.58   0.561    -1.637391    3.012921
         P_5 |   1.420603    1.09917     1.29   0.197    -.7382672    3.579473
         P_6 |   .0153278   1.150387     0.01   0.989    -2.244137    2.274793
         P_7 |   2.706649    1.22499     2.21   0.028     .3006567    5.112641
         P_8 |  -.0612056   1.352319    -0.05   0.964    -2.717283    2.594872
         P_9 |   1.785319   1.104114     1.62   0.106    -.3832618    3.953899
        P_10 |  -3.069699    1.07125    -2.87   0.004    -5.173731   -.9656672
        P_11 |  -.9443812   1.491004    -0.63   0.527    -3.872849    1.984086
        P_12 |   2.071505   1.512758     1.37   0.171    -.8996898    5.042699
        P_13 |   -2.80585   1.068673    -2.63   0.009    -4.904821   -.7068787
        P_14 |   .8514521     1.4025     0.61   0.544    -1.903186     3.60609
        P_15 |  -.5951407   1.058287    -0.56   0.574    -2.673713    1.483432
        P_16 |   1.259313   1.125803     1.12   0.264    -.9518666    3.470493
        P_17 |  -1.203182   1.067159    -1.13   0.260     -3.29918     .892816
        P_18 |   6.210795   1.084225     5.73   0.000     4.081278    8.340312
        P_19 |   .1675982   1.059974     0.16   0.874    -1.914288    2.249484
        P_20 |   3.309495   1.150805     2.88   0.004      1.04921     5.56978
        P_21 |  -.5753291    1.11889    -0.51   0.607     -2.77293    1.622272
        P_22 |   .6044908   1.097626     0.55   0.582    -1.551346    2.760327
        P_23 |  -1.362129   1.157312    -1.18   0.240    -3.635195    .9109361
        P_24 |   .4817564   1.093504     0.44   0.660    -1.665984    2.629497
        P_25 |   1.465427   1.196543     1.22   0.221    -.8846928    3.815546
        P_26 |   .7770171   1.076254     0.72   0.471    -1.336843    2.890877
        P_27 |  -.2742386   1.084803    -0.25   0.801     -2.40489    1.856413
        P_28 |   .9498479   1.472558     0.65   0.519     -1.94239    3.842086
        P_29 |  -2.806248   1.214777    -2.31   0.021    -5.192181   -.4203159
        P_30 |   1.577162   1.100404     1.43   0.152    -.5841319    3.738456
        P_31 |   3.025957   1.324743     2.28   0.023     .4240414    5.627873
        P_32 |   1.625475   1.139397     1.43   0.154    -.6124057    3.863355
        P_33 |  -.8230604   1.132708    -0.73   0.468    -3.047802    1.401682
        P_34 |   .9786223   1.146163     0.85   0.394    -1.272546    3.229791
        P_35 |   .7218071   1.198234     0.60   0.547    -1.631634    3.075248
        P_36 |   .9641017   1.069368     0.90   0.368    -1.136235    3.064438
        P_37 |  -1.610283   1.428502    -1.13   0.260    -4.415991    1.195424
        P_38 |   2.140421   1.136959     1.88   0.060    -.0926708    4.373513
        P_39 |   1.549191   1.115097     1.39   0.165    -.6409603    3.739342
        P_40 |  -.1328387   1.242467    -0.11   0.915    -2.573158     2.30748
        P_41 |   .9724599   1.119173     0.87   0.385    -1.225699    3.170618
        P_42 |   1.613532   1.061016     1.52   0.129    -.4703993    3.697463
        P_43 |   .6495547   1.944515     0.33   0.738     -3.16965     4.46876
        P_44 |  -3.810837   1.248102    -3.05   0.002    -6.262223   -1.359451
        P_45 |   .4924686    1.24025     0.40   0.691    -1.943496    2.928433
        P_46 |   3.623993   1.060489     3.42   0.001     1.541097     5.70689
        P_47 |   1.405552   1.137603     1.24   0.217    -.8288029    3.639908
        P_48 |   1.274243   1.273154     1.00   0.317    -1.226346    3.774833
        P_49 |   2.842854   1.102492     2.58   0.010     .6774598    5.008248
        P_50 |   3.542431   1.891865     1.87   0.062    -.1733635    7.258226
        P_51 |  -1.043038   1.061626    -0.98   0.326    -3.128168    1.042093
        P_52 |   1.400136   1.376929     1.02   0.310    -1.304279     4.10455
        P_53 |   .2495967   1.088082     0.23   0.819    -1.887495    2.386688
        P_54 |   -2.28235   1.198446    -1.90   0.057    -4.636208    .0715071
        P_55 |  -1.687963   1.072526    -1.57   0.116    -3.794502    .4185765
        P_56 |  -1.131334   2.033534    -0.56   0.578    -5.125379    2.862712
        P_57 |   2.947561   1.032722     2.85   0.004     .9192018    4.975921
        P_58 |   .5327675   1.074517     0.50   0.620    -1.577681    2.643216
        P_59 |  -1.622365   1.522337    -1.07   0.287    -4.612373    1.367643
        P_60 |   .4274657   1.085575     0.39   0.694    -1.704703    2.559635
        P_61 |  -.5041926   1.091195    -0.46   0.644    -2.647398    1.639013
        P_62 |   .7441906   1.062992     0.70   0.484    -1.343622    2.832003
        P_63 |  -1.477241   1.254128    -1.18   0.239    -3.940461      .98598
        P_64 |    1.50898   1.184837     1.27   0.203    -.8181486    3.836108
        P_65 |  -.4861861   1.636431    -0.30   0.766    -3.700286    2.727914
        P_66 |   .0149487   1.031607     0.01   0.988    -2.011221    2.041119
        P_67 |   .6937255   1.062946     0.65   0.514    -1.393997    2.781448
        P_68 |   -.117112   1.115736    -0.10   0.916    -2.308519    2.074295
        P_69 |  -.6793233   1.214964    -0.56   0.576    -3.065624    1.706977
        P_70 |   8.657066    6.22293     1.39   0.165    -3.565335    20.87947
        P_71 |   2.398048   1.408509     1.70   0.089    -.3683914    5.164488
        P_72 |   1.552743   1.297894     1.20   0.232    -.9964394    4.101925
        P_73 |  -.8622973   1.048051    -0.82   0.411    -2.920764     1.19617
        P_74 |   2.832662   1.279748     2.21   0.027     .3191206    5.346204
        P_75 |  -2.159591   1.485248    -1.45   0.146    -5.076753    .7575702
        P_76 |  -1.233678   1.417979    -0.87   0.385    -4.018719    1.551362
        P_77 |   2.170969   1.435295     1.51   0.131    -.6480804    4.990018
        P_78 |   3.278636    1.42823     2.30   0.022     .4734627     6.08381
        P_79 |  -11.33946   .9674456   -11.72   0.000    -13.23961    -9.43931
        P_80 |     1.2948   1.120338     1.16   0.248    -.9056454    3.495245
        P_81 |  -3.993135   1.070414    -3.73   0.000    -6.095526   -1.890744
        P_82 |          0  (omitted)
       P_L_1 |   .7385236   1.221257     0.60   0.546    -1.660137    3.137184
       P_L_2 |  -1.641062   .9593341    -1.71   0.088    -3.525281    .2431579
       P_L_3 |  -.6432583   1.104763    -0.58   0.561    -2.813114    1.526597
       P_L_4 |  -.3466772   1.156307    -0.30   0.764    -2.617769    1.924414
       P_L_5 |   -1.63142   .9754606    -1.67   0.095    -3.547313    .2844737
       P_L_6 |  -.2065751   1.044311    -0.20   0.843    -2.257696    1.844546
       P_L_7 |  -1.902002   1.189389    -1.60   0.110    -4.238071    .4340675
       P_L_8 |  -.3929378   1.022772    -0.38   0.701    -2.401756     1.61588
       P_L_9 |  -1.092754   .9555627    -1.14   0.253    -2.969566    .7840582
      P_L_10 |  -1.343297   1.225649    -1.10   0.274    -3.750583    1.063989
      P_L_11 |  -1.052635   1.126816    -0.93   0.351    -3.265804    1.160535
      P_L_12 |  -.7449599   .9827574    -0.76   0.449    -2.675185    1.185265
      P_L_13 |   3.491726   .9485588     3.68   0.000      1.62867    5.354782
      P_L_14 |  -1.324418   1.173539    -1.13   0.260    -3.629356    .9805205
      P_L_15 |  -1.774842   1.013562    -1.75   0.080     -3.76557    .2158859
      P_L_16 |  -3.070118   1.088241    -2.82   0.005    -5.207522   -.9327145
      P_L_17 |   .8381479   1.072844     0.78   0.435    -1.269016    2.945312
      P_L_18 |   .4271631   .9482744     0.45   0.653    -1.435334     2.28966
      P_L_19 |  -2.482837   1.238086    -2.01   0.045     -4.91455   -.0511228
      P_L_20 |  -2.176989   .9877555    -2.20   0.028    -4.117031   -.2369475
      P_L_21 |  -.7449298   1.009962    -0.74   0.461    -2.728587    1.238727
      P_L_22 |  -.2307336   1.009188    -0.23   0.819     -2.21287    1.751403
      P_L_23 |  -.0320891   .9547516    -0.03   0.973    -1.907308     1.84313
      P_L_24 |   .2839508   .9931208     0.29   0.775    -1.666629     2.23453
      P_L_25 |  -1.497301   1.075459    -1.39   0.164      -3.6096    .6149978
      P_L_26 |  -1.172241   1.075098    -1.09   0.276    -3.283831    .9393483
      P_L_27 |  -3.572027   1.027684    -3.48   0.001    -5.590491   -1.553563
      P_L_28 |  -.6886662   .9919821    -0.69   0.488    -2.637009    1.259677
      P_L_29 |   .8506085   1.537968     0.55   0.580      -2.1701    3.871317
      P_L_30 |   -.092366   1.015584    -0.09   0.928    -2.087065    1.902333
      P_L_31 |  -.5957061    1.01341    -0.59   0.557    -2.586136    1.394724
      P_L_32 |   2.604585   1.312619     1.98   0.048     .0264807    5.182689
      P_L_33 |  -1.177921   1.057138    -1.11   0.266    -3.254236    .8983941
      P_L_34 |  -.7106211   .9967766    -0.71   0.476    -2.668381    1.247139
      P_L_35 |   3.498977    4.99592     0.70   0.484    -6.313465    13.31142
      P_L_36 |  -2.151478   1.025319    -2.10   0.036    -4.165297   -.1376581
      P_L_37 |  -.9659173   1.006132    -0.96   0.337    -2.942051    1.010217
      P_L_38 |  -.8836616   .9930122    -0.89   0.374    -2.834028    1.066705
      P_L_39 |  -3.408185   2.168687    -1.57   0.117    -7.667682     .851313
      P_L_40 |   3.574669   1.069456     3.34   0.001      1.47416    5.675178
      P_L_41 |   3.383168   1.100654     3.07   0.002     1.221384    5.544953
      P_L_42 |  -.6118136   .9859644    -0.62   0.535    -2.548337     1.32471
      P_L_43 |    1.94043   .9969561     1.95   0.052    -.0176825    3.898543
      P_L_44 |   .9149893   1.123819     0.81   0.416    -1.292293    3.122271
      P_L_45 |  -2.244072   .9860087    -2.28   0.023    -4.180683   -.3074614
      P_L_46 |  -1.083975   .9883554    -1.10   0.273    -3.025195    .8572453
      P_L_47 |  -1.412306   1.097616    -1.29   0.199    -3.568123    .7435111
      P_L_48 |   1.936888   1.686784     1.15   0.251    -1.376109    5.249886
      P_L_49 |   .2236157   1.189765     0.19   0.851     -2.11319    2.560422
      P_L_50 |   .0277843   1.178953     0.02   0.981    -2.287787    2.343355
      P_L_51 |    2.50967   .9571407     2.62   0.009     .6297584    4.389581
      P_L_52 |  -.1087052   .9453909    -0.11   0.908    -1.965539    1.748129
      P_L_53 |  -.7620627   1.376785    -0.55   0.580    -3.466194    1.942069
      P_L_54 |   .7377534   1.314123     0.56   0.575    -1.843304    3.318811
      P_L_55 |  -.5940617    1.08979    -0.55   0.586    -2.734509    1.546386
      P_L_56 |  -.6599877   .9236926    -0.71   0.475    -2.474204    1.154229
      P_L_57 |  -.3024438   .9369389    -0.32   0.747    -2.142677     1.53779
      P_L_58 |   -1.03498   .9834924    -1.05   0.293    -2.966649    .8966881
      P_L_59 |    -.63617   .9713257    -0.65   0.513    -2.543942    1.271602
      P_L_60 |  -1.210287    1.07915    -1.12   0.263    -3.329835    .9092613
      P_L_61 |  -2.316807   1.108804    -2.09   0.037    -4.494599   -.1390158
      P_L_62 |  -.7227836   .9698562    -0.75   0.456    -2.627669    1.182102
      P_L_63 |   .0618073   1.411182     0.04   0.965    -2.709882    2.833496
      P_L_64 |   1.593475   .9169955     1.74   0.083    -.2075877    3.394538
      P_L_65 |  -2.162906   .9372554    -2.31   0.021    -4.003761   -.3220511
      P_L_66 |  -.3363017   1.174879    -0.29   0.775    -2.643871    1.971268
      P_L_67 |  -.6216904   1.211962    -0.51   0.608    -3.002094    1.758713
      P_L_68 |   1.707757   1.061899     1.61   0.108    -.3779094    3.793423
      P_L_69 |  -2.474379   1.193088    -2.07   0.039    -4.817712   -.1310466
      P_L_70 |          0  (omitted)
      P_L_71 |  -.8438448    .982305    -0.86   0.391    -2.773181    1.085492
      P_L_72 |   .2749981   .9506917     0.29   0.772    -1.592247    2.142243
      P_L_73 |          0  (omitted)
       _cons |   1.238529   3.526614     0.35   0.726    -5.688062     8.16512
------------------------------------------------------------------------------
r; t=23.01 15:30:03

. areg prop Corrupt Turn_* yy_*  Auditada,  absorb(clavedelae) cluster(clave_mu
> n)
note: Turn_4 omitted because of collinearity.
note: yy_1 omitted because of collinearity.
note: yy_2 omitted because of collinearity.
note: yy_3 omitted because of collinearity.
note: yy_11 omitted because of collinearity.

Linear regression, absorbing indicators            Number of obs     = 340,009
Absorbed variable: clavedelaescuela                No. of categories =  21,759
                                                   F(12, 576)        =   40.34
                                                   Prob > F          =  0.0000
                                                   R-squared         =  0.2573
                                                   Adj R-squared     =  0.2065
                                                   Root MSE          = 11.0963

                            (Std. err. adjusted for 577 clusters in clave_mun)
------------------------------------------------------------------------------
             |               Robust
        prop | Coefficient  std. err.      t    P>|t|     [95% conf. interval]
-------------+----------------------------------------------------------------
     Corrupt |   .4351001   .1737782     2.50   0.013     .0937839    .7764164
      Turn_1 |   3.117626   3.677099     0.85   0.397    -4.104531    10.33978
      Turn_2 |   1.934428   3.656065     0.53   0.597    -5.246416    9.115273
      Turn_3 |   1.382405   3.931159     0.35   0.725    -6.338748    9.103559
      Turn_4 |          0  (omitted)
        yy_1 |          0  (omitted)
        yy_2 |          0  (omitted)
        yy_3 |          0  (omitted)
        yy_4 |  -1.101665   .2153071    -5.12   0.000    -1.524548   -.6787824
        yy_5 |  -.6926592   .1777409    -3.90   0.000    -1.041759   -.3435598
        yy_6 |   2.905136   .2490126    11.67   0.000     2.416053    3.394219
        yy_7 |   .2893793   .1232489     2.35   0.019     .0473072    .5314513
        yy_8 |   .7815691    .119292     6.55   0.000     .5472689    1.015869
        yy_9 |  -.3140984   .0883591    -3.55   0.000    -.4876437   -.1405532
       yy_10 |   2.426506   .1994104    12.17   0.000     2.034846    2.818166
       yy_11 |          0  (omitted)
    Auditada |  -.1861948   .1428912    -1.30   0.193    -.4668462    .0944565
       _cons |   .5137956   3.677975     0.14   0.889    -6.710081    7.737672
------------------------------------------------------------------------------
r; t=4.96 15:30:08

. 
. cap log close
