----------------------------------------------------------------------------------------------
      name:  <unnamed>
       log:  /Users/nicolasajzenman/Dropbox/Corruption_G/Tables/Table3.txt
  log type:  text
 opened on:  29 May 2020, 17:47:52

. 
. ** TABLE III
. areg prop Corrupt Turn_* yy_*  Auditada,  absorb(clavedelae) cluster(clave_mun)
note: Turn_5 omitted because of collinearity
note: yy_8 omitted because of collinearity

Linear regression, absorbing indicators         Number of obs     =  1,584,495
Absorbed variable: clavedelaescuela             No. of categories =     63,516
                                                F(  12,    576)   =          .
                                                Prob > F          =          .
                                                R-squared         =     0.2232
                                                Adj R-squared     =     0.1907
                                                Root MSE          =    13.6722

                            (Std. Err. adjusted for 577 clusters in clave_mun)
------------------------------------------------------------------------------
             |               Robust
        prop |      Coef.   Std. Err.      t    P>|t|     [95% Conf. Interval]
-------------+----------------------------------------------------------------
     Corrupt |   .1351263   .0972193     1.39   0.165    -.0558213     .326074
      Turn_1 |  -2.017438   .1569471   -12.85   0.000    -2.325696   -1.709179
      Turn_2 |  -.8407027   .5967668    -1.41   0.159    -2.012807    .3314017
      Turn_3 |   .6186821   .6008885     1.03   0.304    -.5615176    1.798882
      Turn_4 |  -1.913231   1.361786    -1.40   0.161    -4.587903    .7614416
      Turn_5 |          0  (omitted)
        yy_1 |  -.3979798   .1795364    -2.22   0.027    -.7506056    -.045354
        yy_2 |  -.2236418   .1289091    -1.73   0.083     -.476831    .0295474
        yy_3 |   2.041334   .1339413    15.24   0.000     1.778261    2.304406
        yy_4 |   .6461727   .0935398     6.91   0.000      .462452    .8298934
        yy_5 |   .5401049   .1089613     4.96   0.000     .3260949    .7541148
        yy_6 |   .1980469    .076243     2.60   0.010     .0482988     .347795
        yy_7 |   1.279264   .1175598    10.88   0.000     1.048366    1.510162
        yy_8 |          0  (omitted)
    Auditada |   .0140149   .0911006     0.15   0.878     -.164915    .1929448
       _cons |   6.470531   .2180166    29.68   0.000     6.042327    6.898736
------------------------------------------------------------------------------

. areg prop Corrupt Turn_* yy_*  Auditada P_*,  absorb(clavedelae) cluster(clave_mun)
note: Turn_5 omitted because of collinearity
note: yy_8 omitted because of collinearity
note: P_81 omitted because of collinearity
note: P_L_69 omitted because of collinearity
note: P_L_72 omitted because of collinearity

Linear regression, absorbing indicators         Number of obs     =  1,572,418
Absorbed variable: clavedelaescuela             No. of categories =     63,130
                                                F( 128,    568)   =          .
                                                Prob > F          =          .
                                                R-squared         =     0.2247
                                                Adj R-squared     =     0.1922
                                                Root MSE          =    13.6834

                            (Std. Err. adjusted for 569 clusters in clave_mun)
------------------------------------------------------------------------------
             |               Robust
        prop |      Coef.   Std. Err.      t    P>|t|     [95% Conf. Interval]
-------------+----------------------------------------------------------------
     Corrupt |   .0701686   .0999666     0.70   0.483    -.1261807     .266518
      Turn_1 |  -1.804271   .1838951    -9.81   0.000    -2.165469   -1.443074
      Turn_2 |   -.616787   .6137089    -1.01   0.315    -1.822203    .5886289
      Turn_3 |   1.197936   .7485636     1.60   0.110    -.2723542    2.668227
      Turn_4 |  -1.592998   1.469608    -1.08   0.279    -4.479527    1.293532
      Turn_5 |          0  (omitted)
        yy_1 |  -.6742486   .1954181    -3.45   0.001    -1.058079   -.2904183
        yy_2 |  -.4155648    .149928    -2.77   0.006    -.7100458   -.1210839
        yy_3 |   1.917894   .1610245    11.91   0.000     1.601618    2.234171
        yy_4 |   .4931846   .1338861     3.68   0.000     .2302123    .7561569
        yy_5 |   .5336569   .1427687     3.74   0.000     .2532379    .8140759
        yy_6 |   .1729958   .1210893     1.43   0.154    -.0648417    .4108333
        yy_7 |   1.481287   .1581391     9.37   0.000     1.170678    1.791896
        yy_8 |          0  (omitted)
    Auditada |   .0706618   .0923114     0.77   0.444    -.1106516    .2519752
         P_1 |   3.342346   1.401227     2.39   0.017      .590127    6.094565
         P_2 |   1.936376   .7539121     2.57   0.010     .4555798    3.417172
         P_3 |   2.633714   .9556106     2.76   0.006     .7567517    4.510676
         P_4 |   .2941487   .9743868     0.30   0.763    -1.619693     2.20799
         P_5 |   2.119622   .8410639     2.52   0.012     .4676468    3.771597
         P_6 |     1.8426   .7803007     2.36   0.019     .3099724    3.375227
         P_7 |   2.467088   .7890715     3.13   0.002     .9172334    4.016942
         P_8 |   1.326401   .9146378     1.45   0.148    -.4700844    3.122886
         P_9 |   1.907878   .8272041     2.31   0.021     .2831254     3.53263
        P_10 |  -1.026506   .7627225    -1.35   0.179    -2.524606    .4715951
        P_11 |   1.216252   1.327609     0.92   0.360     -1.39137    3.823873
        P_12 |   2.752605   1.231367     2.24   0.026     .3340172    5.171193
        P_13 |  -.2742023   .7580622    -0.36   0.718     -1.76315    1.214745
        P_14 |   1.918311   1.045483     1.83   0.067    -.1351733    3.971795
        P_15 |   1.161821   .7641538     1.52   0.129    -.3390908    2.662733
        P_16 |    2.20385   .7842688     2.81   0.005     .6634291    3.744271
        P_17 |   1.394898   .7635833     1.83   0.068     -.104894    2.894689
        P_18 |   4.806347   1.251721     3.84   0.000      2.34778    7.264913
        P_19 |   1.528572   .7557748     2.02   0.044      .044117    3.013026
        P_20 |   4.818166   .8311369     5.80   0.000     3.185689    6.450643
        P_21 |   1.663115   .8394791     1.98   0.048     .0142524    3.311977
        P_22 |   2.191831   .7881536     2.78   0.006     .6437799    3.739882
        P_23 |   1.096156   .8517356     1.29   0.199    -.5767797    2.769092
        P_24 |   2.003996   .7939318     2.52   0.012     .4445952    3.563396
        P_25 |   1.135218    .868703     1.31   0.192    -.5710442    2.841481
        P_26 |   .9978963   .7585457     1.32   0.189    -.4920007    2.487793
        P_27 |   1.680499   .7675055     2.19   0.029     .1730035    3.187994
        P_28 |   2.017274   .8073337     2.50   0.013     .4315504    3.602998
        P_29 |   1.230975   .8734851     1.41   0.159    -.4846805     2.94663
        P_30 |   2.263948   .7806047     2.90   0.004     .7307241    3.797172
        P_31 |   4.070607   1.976209     2.06   0.040     .1890378    7.952175
        P_32 |   2.259118   .7984136     2.83   0.005     .6909146    3.827322
        P_33 |   2.042148   .8018037     2.55   0.011     .4672854     3.61701
        P_34 |   2.758469   .7838678     3.52   0.000     1.218835    4.298102
        P_35 |   1.558132   1.026562     1.52   0.130    -.4581891    3.574454
        P_36 |   1.330311   1.528227     0.87   0.384    -1.671354    4.331977
        P_37 |    2.91193   .8207098     3.55   0.000     1.299934    4.523927
        P_38 |   1.784888   .8420465     2.12   0.034     .1309826    3.438792
        P_39 |   2.975526   1.122518     2.65   0.008     .7707336    5.180319
        P_40 |   1.707493   1.102855     1.55   0.122    -.4586785    3.873664
        P_41 |   1.291596   .7852238     1.64   0.101    -.2507012    2.833892
        P_42 |   4.519827   .8973206     5.04   0.000     2.757355    6.282298
        P_43 |   4.087124   .9421788     4.34   0.000     2.236544    5.937703
        P_44 |     2.2328   .9393413     2.38   0.018     .3877933    4.077807
        P_45 |      .9657   .9840665     0.98   0.327    -.9671536    2.898554
        P_46 |   2.862793   .8807821     3.25   0.001     1.132805    4.592781
        P_47 |   2.087352   .8556218     2.44   0.015     .4067827    3.767921
        P_48 |   1.233921   .8361565     1.48   0.141    -.4084151    2.876257
        P_49 |   1.742283   .7418843     2.35   0.019     .2851113    3.199454
        P_50 |   2.721205   .9037751     3.01   0.003      .946056    4.496354
        P_51 |   2.178572    .767391     2.84   0.005     .6713011    3.685842
        P_52 |   2.282057   .7711909     2.96   0.003     .7673231    3.796791
        P_53 |   1.728583   .7849115     2.20   0.028     .1868996    3.270266
        P_54 |   2.347248   .9031905     2.60   0.010     .5732465    4.121249
        P_55 |   1.090375    .758322     1.44   0.151    -.3990825    2.579833
        P_56 |   3.799917    2.30072     1.65   0.099    -.7190404    8.318874
        P_57 |   1.768247   .7371712     2.40   0.017     .3203331    3.216162
        P_58 |   2.094622    .769415     2.72   0.007     .5833757    3.605868
        P_59 |   .9647703   .8649092     1.12   0.265    -.7340404    2.663581
        P_60 |   1.769952   .7814105     2.27   0.024     .2351452    3.304759
        P_61 |   2.057372   .7555901     2.72   0.007     .5732799    3.541463
        P_62 |   3.323708   1.029983     3.23   0.001     1.300668    5.346748
        P_63 |   2.201343   .8146462     2.70   0.007     .6012563     3.80143
        P_64 |   3.699116   1.111891     3.33   0.001     1.515196    5.883035
        P_65 |   1.676597   .7335634     2.29   0.023     .2357687    3.117425
        P_66 |   2.142977   .7535279     2.84   0.005     .6629359    3.623018
        P_67 |   .9358143   .8757265     1.07   0.286    -.7842433    2.655872
        P_68 |   4.008547   .8223399     4.87   0.000     2.393349    5.623745
        P_69 |   1.619576   1.090494     1.49   0.138    -.5223178     3.76147
        P_70 |   2.487586   .8332319     2.99   0.003     .8509945    4.124178
        P_71 |   3.494695   1.005132     3.48   0.001     1.520465    5.468924
        P_72 |   1.891983   .7478456     2.53   0.012     .4231024    3.360863
        P_73 |   4.056043   1.192613     3.40   0.001     1.713572    6.398513
        P_74 |   1.229949   .9713853     1.27   0.206    -.6779972    3.137894
        P_75 |    2.06123   .9685422     2.13   0.034     .1588685    3.963592
        P_76 |   3.214879   .7550052     4.26   0.000     1.731936    4.697822
        P_77 |   5.413144   1.099791     4.92   0.000     3.252991    7.573297
        P_78 |   1.476668   1.131202     1.31   0.192    -.7451823    3.698517
        P_79 |   1.954689   .7747918     2.52   0.012     .4328827    3.476496
        P_80 |  -1.096683    .780519    -1.41   0.161    -2.629739    .4363729
        P_81 |          0  (omitted)
       P_L_1 |   1.025045   .5243604     1.95   0.051    -.0048775    2.054967
       P_L_2 |   .5851591   .4890988     1.20   0.232     -.375504    1.545822
       P_L_3 |   1.080389   .6084179     1.78   0.076    -.1146343    2.275413
       P_L_4 |   1.119625   .7626008     1.47   0.143    -.3782365    2.617487
       P_L_5 |  -.2870399   .6386764    -0.45   0.653    -1.541496    .9674159
       P_L_6 |   1.262572   .5108617     2.47   0.014      .259163     2.26598
       P_L_7 |   1.676965    .762661     2.20   0.028      .178985    3.174945
       P_L_8 |   1.196812   .5259294     2.28   0.023     .1638085    2.229816
       P_L_9 |   1.299651   .5131362     2.53   0.012     .2917751    2.307527
      P_L_10 |  -.2155855   .9131342    -0.24   0.813    -2.009117    1.577946
      P_L_11 |   1.198327    .802115     1.49   0.136    -.3771467    2.773801
      P_L_12 |   1.525616   .5152319     2.96   0.003      .513624    2.537609
      P_L_13 |   1.020112   .5709673     1.79   0.075    -.1013533    2.141577
      P_L_14 |   .2835276   .5939587     0.48   0.633    -.8830959    1.450151
      P_L_15 |  -.5058931   .6265223    -0.81   0.420    -1.736476    .7246901
      P_L_16 |   -.484212   .5421539    -0.89   0.372    -1.549083    .5806592
      P_L_17 |   1.842538    .528867     3.48   0.001     .8037642    2.881312
      P_L_18 |   1.651807   .4922201     3.36   0.001      .685013    2.618601
      P_L_19 |  -.8430088   .8423016    -1.00   0.317    -2.497415    .8113972
      P_L_20 |   .3584563   .5416731     0.66   0.508    -.7054705    1.422383
      P_L_21 |   .6280406   .5231287     1.20   0.230    -.3994622    1.655544
      P_L_22 |    .764662    .543332     1.41   0.160    -.3025232    1.831847
      P_L_23 |   1.166447   .5527012     2.11   0.035      .080859    2.252034
      P_L_24 |   2.131387   .8003344     2.66   0.008     .5594104    3.703363
      P_L_25 |    .243241   .5976798     0.41   0.684    -.9306913    1.417173
      P_L_26 |   .3707517   .9129382     0.41   0.685    -1.422395    2.163899
      P_L_27 |  -.1880516   .5288537    -0.36   0.722    -1.226799     .850696
      P_L_28 |   .8011093   .5163236     1.55   0.121    -.2130274    1.815246
      P_L_29 |   .6842864   .6539499     1.05   0.296    -.6001688    1.968742
      P_L_30 |    .891835   .5893937     1.51   0.131    -.2658223    2.049492
      P_L_31 |   .6158408   .5948015     1.04   0.301    -.5524381     1.78412
      P_L_32 |   .7829652   .9182097     0.85   0.394    -1.020536    2.586466
      P_L_33 |   -.447709   .5959222    -0.75   0.453    -1.618189    .7227712
      P_L_34 |   1.055822   .5670446     1.86   0.063    -.0579385    2.169582
      P_L_35 |   3.160295   .9281475     3.40   0.001     1.337275    4.983316
      P_L_36 |   .0477643    .587984     0.08   0.935    -1.107124    1.202653
      P_L_37 |   .3625341   .5451234     0.67   0.506    -.7081696    1.433238
      P_L_38 |    .718351   .7003631     1.03   0.305    -.6572667    2.093969
      P_L_39 |   .2009099   1.590721     0.13   0.900    -2.923505    3.325324
      P_L_40 |   .6219599   .5699257     1.09   0.276    -.4974592    1.741379
      P_L_41 |   1.251708   .5960154     2.10   0.036     .0810444    2.422371
      P_L_42 |   .0842972   .7256098     0.12   0.908    -1.340909    1.509503
      P_L_43 |   1.130308   .5631889     2.01   0.045     .0241212    2.236495
      P_L_44 |   .5626891   .7330947     0.77   0.443    -.8772184    2.002597
      P_L_45 |   .2806025   .5329377     0.53   0.599    -.7661668    1.327372
      P_L_46 |   1.854884   .5675567     3.27   0.001     .7401177     2.96965
      P_L_47 |   .9533026   .5312727     1.79   0.073    -.0901963    1.996802
      P_L_48 |   5.133778   .6740811     7.62   0.000     3.809782    6.457774
      P_L_49 |   1.437547   .5555565     2.59   0.010     .3463512    2.528743
      P_L_50 |   .7472875   .6088559     1.23   0.220    -.4485964    1.943171
      P_L_51 |   1.192181   .4814925     2.48   0.014      .246458    2.137904
      P_L_52 |   1.864095   .8701777     2.14   0.033     .1549356    3.573254
      P_L_53 |   2.720733   .7809587     3.48   0.001     1.186813    4.254652
      P_L_54 |   1.829905    .611531     2.99   0.003     .6287672    3.031044
      P_L_55 |   1.105797   .5076058     2.18   0.030     .1087835    2.102811
      P_L_56 |   1.012451   .4658167     2.17   0.030     .0975173    1.927384
      P_L_57 |   .9059823   .6720448     1.35   0.178    -.4140139    2.225979
      P_L_58 |  -2.106365   .5574598    -3.78   0.000      -3.2013   -1.011431
      P_L_59 |   .8508983   .7266931     1.17   0.242    -.5764353    2.278232
      P_L_60 |   -.502491   1.716292    -0.29   0.770    -3.873545    2.868563
      P_L_61 |   .9333635   .7019301     1.33   0.184    -.4453319    2.312059
      P_L_62 |    2.70522   .9237939     2.93   0.004     .8907507    4.519689
      P_L_63 |   1.918488   .4513467     4.25   0.000     1.031976    2.805001
      P_L_64 |  -3.535281   .5130218    -6.89   0.000    -4.542933    -2.52763
      P_L_65 |   2.357096   .7286903     3.23   0.001     .9258397    3.788353
      P_L_66 |   .2206928   .7777501     0.28   0.777    -1.306925     1.74831
      P_L_67 |   1.963312   .7766978     2.53   0.012     .4377613    3.488862
      P_L_68 |   2.810975   1.552811     1.81   0.071    -.2389776    5.860928
      P_L_69 |          0  (omitted)
      P_L_70 |   1.143168   .5114042     2.24   0.026      .138694    2.147642
      P_L_71 |   2.558301   .4969397     5.15   0.000     1.582238    3.534365
      P_L_72 |          0  (omitted)
       _cons |   3.400806   1.111598     3.06   0.002     1.217461     5.58415
------------------------------------------------------------------------------

. areg prop Corrupt Turn_* yy_* HOMI_CAP_MUN  total mis_tot CorruptPast Already Auditada P_* M
> ismoPartidoG,  absorb(clavedelae) cluster(clave_mun)
note: Turn_5 omitted because of collinearity
note: yy_8 omitted because of collinearity
note: P_81 omitted because of collinearity
note: P_L_69 omitted because of collinearity
note: P_L_72 omitted because of collinearity

Linear regression, absorbing indicators         Number of obs     =  1,572,418
Absorbed variable: clavedelaescuela             No. of categories =     63,130
                                                F( 134,    568)   =          .
                                                Prob > F          =          .
                                                R-squared         =     0.2248
                                                Adj R-squared     =     0.1923
                                                Root MSE          =    13.6827

                              (Std. Err. adjusted for 569 clusters in clave_mun)
--------------------------------------------------------------------------------
               |               Robust
          prop |      Coef.   Std. Err.      t    P>|t|     [95% Conf. Interval]
---------------+----------------------------------------------------------------
       Corrupt |  -.0258495    .106456    -0.24   0.808    -.2349449    .1832459
        Turn_1 |  -1.558293   .1960655    -7.95   0.000    -1.943395   -1.173191
        Turn_2 |  -.4009353   .6190355    -0.65   0.517    -1.616814    .8149428
        Turn_3 |   1.442291   .7409548     1.95   0.052    -.0130544    2.897637
        Turn_4 |   -1.42192   1.444527    -0.98   0.325    -4.259186    1.415345
        Turn_5 |          0  (omitted)
          yy_1 |  -.9707753   .2392235    -4.06   0.000    -1.440646   -.5009045
          yy_2 |   -.674349   .1878663    -3.59   0.000    -1.043346   -.3053516
          yy_3 |   1.771334   .1752895    10.11   0.000     1.427039    2.115629
          yy_4 |   .3986987   .1493737     2.67   0.008     .1053066    .6920909
          yy_5 |   .4588178     .15583     2.94   0.003     .1527443    .7648912
          yy_6 |   .1846541   .1270763     1.45   0.147    -.0649427    .4342508
          yy_7 |   1.487654   .1573838     9.45   0.000     1.178529    1.796779
          yy_8 |          0  (omitted)
  HOMI_CAP_MUN |    3.93794   155.2457     0.03   0.980    -300.9877    308.8636
         total |  -4.50e-10   1.56e-10    -2.88   0.004    -7.57e-10   -1.44e-10
       mis_tot |  -.2115037   .2387316    -0.89   0.376    -.6804082    .2574009
   CorruptPast |   -.271053   .1397181    -1.94   0.053    -.5454802    .0033742
AlreadyAudited |   .0281433   .1438593     0.20   0.845    -.2544178    .3107045
      Auditada |   .0885155   .0974377     0.91   0.364    -.1028666    .2798976
           P_1 |   3.405235   1.383663     2.46   0.014     .6875136    6.122956
           P_2 |   1.837848   .7340925     2.50   0.013     .3959804    3.279715
           P_3 |    2.51248   .9523835     2.64   0.009     .6418569    4.383104
           P_4 |   .1747183   .9723398     0.18   0.857    -1.735102    2.084539
           P_5 |   2.014069   .8145401     2.47   0.014     .4141909    3.613947
           P_6 |   1.895782   .7584439     2.50   0.013     .4060844    3.385479
           P_7 |   2.492359   .8592728     2.90   0.004     .8046192    4.180099
           P_8 |    1.24842   .9083828     1.37   0.170    -.5357792    3.032619
           P_9 |   1.907318   .8049689     2.37   0.018     .3262392    3.488397
          P_10 |   -.641113   .7908421    -0.81   0.418    -2.194445    .9122189
          P_11 |    1.18297   1.301623     0.91   0.364    -1.373612    3.739551
          P_12 |   2.741576   1.245227     2.20   0.028     .2957645    5.187387
          P_13 |  -.2664215   .7558959    -0.35   0.725    -1.751114    1.218271
          P_14 |   1.870583   1.017126     1.84   0.066    -.1272037    3.868371
          P_15 |   1.059151   .7428998     1.43   0.155    -.4000153    2.518317
          P_16 |   2.168549   .7641107     2.84   0.005     .6677217    3.669377
          P_17 |    1.50343    .762383     1.97   0.049     .0059961    3.000864
          P_18 |   4.618716   1.280518     3.61   0.000     2.103587    7.133845
          P_19 |   1.576114   .7349349     2.14   0.032     .1325918    3.019636
          P_20 |    4.85163   .8121696     5.97   0.000     3.256407    6.446852
          P_21 |   1.686646    .816388     2.07   0.039     .0831381    3.290154
          P_22 |   2.322299   .7789631     2.98   0.003      .792299    3.852299
          P_23 |   1.133037   .8333167     1.36   0.174    -.5037214    2.769795
          P_24 |   2.050686   .7769693     2.64   0.009      .524602     3.57677
          P_25 |   1.063775   .8415038     1.26   0.207     -.589064    2.716614
          P_26 |   .5493919   .7558441     0.73   0.468    -.9351987    2.033983
          P_27 |   1.661359   .7435857     2.23   0.026     .2008457    3.121872
          P_28 |   1.984635   .7957673     2.49   0.013     .4216297    3.547641
          P_29 |    1.16482   .8704776     1.34   0.181     -.544928    2.874568
          P_30 |   2.306858   .7705229     2.99   0.003     .7934362     3.82028
          P_31 |   4.078734   1.936326     2.11   0.036     .2755012    7.881966
          P_32 |   2.321942   .7881995     2.95   0.003     .7738007    3.870084
          P_33 |   2.097319   .7895309     2.66   0.008     .5465624    3.648076
          P_34 |   2.881378   .7704167     3.74   0.000     1.368165    4.394591
          P_35 |   1.517642   .9821313     1.55   0.123    -.4114103    3.446695
          P_36 |   1.206819   1.525995     0.79   0.429    -1.790463      4.2041
          P_37 |   3.050545   .7938215     3.84   0.000     1.491361    4.609729
          P_38 |   1.847651   .8007909     2.31   0.021      .274778    3.420524
          P_39 |    2.88204   1.076773     2.68   0.008      .767097    4.996982
          P_40 |   1.870577    1.08177     1.73   0.084    -.2541802    3.995335
          P_41 |   1.340689   .7813938     1.72   0.087    -.1940851    2.875463
          P_42 |   4.405784   .9061718     4.86   0.000     2.625927     6.18564
          P_43 |   3.959027   .9380428     4.22   0.000     2.116571    5.801484
          P_44 |    2.11462   .9309858     2.27   0.023     .2860246    3.943215
          P_45 |    .856493   .9715522     0.88   0.378    -1.051781    2.764767
          P_46 |   2.754956   .8824935     3.12   0.002     1.021607    4.488305
          P_47 |   1.921185   .8389982     2.29   0.022     .2732669    3.569102
          P_48 |   1.217041   .8144012     1.49   0.136    -.3825648    2.816646
          P_49 |   1.627014   .7287377     2.23   0.026     .1956643    3.058364
          P_50 |   3.150649   .8649433     3.64   0.000     1.451772    4.849527
          P_51 |   2.152596   .7476395     2.88   0.004     .6841208    3.621072
          P_52 |   2.227533   .7546033     2.95   0.003     .7453792    3.709686
          P_53 |   1.752686   .7639617     2.29   0.022     .2521517    3.253221
          P_54 |   2.420029   .8685615     2.79   0.006     .7140448    4.126014
          P_55 |   .9684676   .7413961     1.31   0.192     -.487745     2.42468
          P_56 |   3.855577    2.21511     1.74   0.082    -.4952298    8.206384
          P_57 |   1.653757   .7196001     2.30   0.022     .2403545    3.067159
          P_58 |    2.02505    .749037     2.70   0.007     .5538291     3.49627
          P_59 |   .7994725   .8566807     0.93   0.351    -.8831763    2.482121
          P_60 |   1.728223   .7745294     2.23   0.026     .2069321    3.249515
          P_61 |   2.024907   .7388088     2.74   0.006     .5737764    3.476038
          P_62 |    3.03917   1.032796     2.94   0.003     1.010605    5.067735
          P_63 |   2.087105   .8033581     2.60   0.010     .5091897     3.66502
          P_64 |   3.642948   1.100633     3.31   0.001      1.48114    5.804755
          P_65 |   1.654123   .7128341     2.32   0.021     .2540106    3.054236
          P_66 |   2.107701   .7335559     2.87   0.004      .666888    3.548514
          P_67 |   .9316744   .8704326     1.07   0.285    -.7779852    2.641334
          P_68 |   4.013324   .7971674     5.03   0.000     2.447568     5.57908
          P_69 |   1.494605   1.072122     1.39   0.164    -.6112031    3.600412
          P_70 |   2.442973   .8258501     2.96   0.003     .8208805    4.065066
          P_71 |   3.465455    .978054     3.54   0.000     1.544411    5.386499
          P_72 |   1.819524   .7315045     2.49   0.013     .3827402    3.256308
          P_73 |   4.105946   1.185944     3.46   0.001     1.776575    6.435317
          P_74 |   1.005675   .9663901     1.04   0.298    -.8924597    2.903809
          P_75 |   1.982737   .9640542     2.06   0.040     .0891906    3.876283
          P_76 |   3.163802   .7343306     4.31   0.000     1.721467    4.606137
          P_77 |   5.240148   1.074613     4.88   0.000     3.129448    7.350849
          P_78 |    1.53448   1.140136     1.35   0.179    -.7049161    3.773877
          P_79 |   1.914812   .7613022     2.52   0.012     .4195008    3.410123
          P_80 |  -.3046798   .9622556    -0.32   0.752    -2.194694    1.585334
          P_81 |          0  (omitted)
         P_L_1 |   .7782939   .5159528     1.51   0.132    -.2351144    1.791702
         P_L_2 |   .4957123   .4717559     1.05   0.294    -.4308867    1.422311
         P_L_3 |   .9413388   .5920467     1.59   0.112    -.2215294    2.104207
         P_L_4 |     1.1097   .7553717     1.47   0.142    -.3739625    2.593363
         P_L_5 |  -.0917925   .5721835    -0.16   0.873    -1.215646    1.032061
         P_L_6 |   1.150699   .5020399     2.29   0.022     .1646181    2.136781
         P_L_7 |   1.542347    .763787     2.02   0.044     .0421554    3.042539
         P_L_8 |    1.09831   .5136814     2.14   0.033     .0893631    2.107257
         P_L_9 |   .7255749   .5897137     1.23   0.219    -.4327108    1.883861
        P_L_10 |  -.3356374   .9107043    -0.37   0.713    -2.124397    1.453122
        P_L_11 |   1.173445   .8020857     1.46   0.144    -.4019712    2.748861
        P_L_12 |   1.464811   .5100058     2.87   0.004     .4630839    2.466539
        P_L_13 |   .8692396   .5855669     1.48   0.138    -.2809013     2.01938
        P_L_14 |   .1556442   .5907444     0.26   0.792    -1.004666    1.315954
        P_L_15 |  -.4341993   .6094797    -0.71   0.477    -1.631308    .7629098
        P_L_16 |  -.5395216   .5151849    -1.05   0.295    -1.551422    .4723783
        P_L_17 |    1.81236   .5085759     3.56   0.000     .8134413    2.811279
        P_L_18 |   1.658857   .4894541     3.39   0.001     .6974959    2.620218
        P_L_19 |    -1.0104   .8640219    -1.17   0.243    -2.707468     .686668
        P_L_20 |   .3700406   .5304677     0.70   0.486     -.671877    1.411958
        P_L_21 |   .6085142   .5133891     1.19   0.236    -.3998587    1.616887
        P_L_22 |   .6334808    .529263     1.20   0.232    -.4060708    1.673032
        P_L_23 |   1.069964   .5379239     1.99   0.047     .0134011    2.126527
        P_L_24 |   2.210281   .7863871     2.81   0.005     .6656997    3.754863
        P_L_25 |   .3479942   .5599887     0.62   0.535    -.7519072    1.447896
        P_L_26 |   .3762877    .893766     0.42   0.674    -1.379202    2.131778
        P_L_27 |   .2507751   .5723605     0.44   0.661    -.8734265    1.374977
        P_L_28 |   .7517973   .5074993     1.48   0.139     -.245007    1.748602
        P_L_29 |   .6094812   .6678925     0.91   0.362    -.7023595    1.921322
        P_L_30 |   .7950892   .5808806     1.37   0.172    -.3458469    1.936025
        P_L_31 |   .6719719   .6163615     1.09   0.276    -.5386541    1.882598
        P_L_32 |   .6980784   .9067195     0.77   0.442    -1.082854    2.479011
        P_L_33 |  -.4081249   .5548251    -0.74   0.462    -1.497884    .6816344
        P_L_34 |   1.065307   .5599444     1.90   0.058    -.0345076    2.165121
        P_L_35 |   3.193058   .9281509     3.44   0.001     1.370031    5.016085
        P_L_36 |   .0406682   .5647732     0.07   0.943    -1.068631    1.149967
        P_L_37 |   .3151434   .5324576     0.59   0.554    -.7306829     1.36097
        P_L_38 |   .7029088   .6906413     1.02   0.309    -.6536139    2.059432
        P_L_39 |   .1911884   1.511833     0.13   0.899    -2.778277    3.160654
        P_L_40 |   .4579714   .5591255     0.82   0.413    -.6402345    1.556177
        P_L_41 |   1.118246   .5782354     1.93   0.054    -.0174943    2.253987
        P_L_42 |  -.0461355   .7285757    -0.06   0.950    -1.477167    1.384896
        P_L_43 |   .9761059   .5562388     1.75   0.080      -.11643    2.068642
        P_L_44 |   .4424512   .7391159     0.60   0.550    -1.009283    1.894185
        P_L_45 |   .2467706   .5148181     0.48   0.632     -.764409     1.25795
        P_L_46 |   1.782328   .5420563     3.29   0.001     .7176486    2.847008
        P_L_47 |   .9207197   .5110475     1.80   0.072    -.0830538    1.924493
        P_L_48 |   5.215181   .6609876     7.89   0.000     3.916903    6.513459
        P_L_49 |    1.32448     .54224     2.44   0.015     .2594393     2.38952
        P_L_50 |    .675477   .6401438     1.06   0.292     -.581861    1.932815
        P_L_51 |   1.140349    .464109     2.46   0.014     .2287698    2.051929
        P_L_52 |   1.854827   .8617191     2.15   0.032     .1622821    3.547372
        P_L_53 |      2.617   .7463839     3.51   0.000     1.150991    4.083009
        P_L_54 |   1.675011   .6073748     2.76   0.006     .4820361    2.867986
        P_L_55 |   1.033957   .4926946     2.10   0.036     .0662313    2.001683
        P_L_56 |   .9342366   .4477901     2.09   0.037       .05471    1.813763
        P_L_57 |   .8123577     .67117     1.21   0.227    -.5059204    2.130636
        P_L_58 |  -1.946453   .5534002    -3.52   0.000    -3.033413   -.8594923
        P_L_59 |   .7134894   .6989791     1.02   0.308    -.6594098    2.086389
        P_L_60 |  -.7003808   1.671041    -0.42   0.675    -3.982554    2.581792
        P_L_61 |   .8555015   .7104223     1.20   0.229     -.539874    2.250877
        P_L_62 |    2.64838    .895083     2.96   0.003     .8903036    4.406457
        P_L_63 |    1.23486   .5205925     2.37   0.018     .2123386    2.257381
        P_L_64 |   -4.30042   .5490635    -7.83   0.000    -5.378862   -3.221977
        P_L_65 |   2.213088   .7432694     2.98   0.003     .7531957     3.67298
        P_L_66 |   .1309025   .7610638     0.17   0.863     -1.36394    1.625745
        P_L_67 |   1.904395   .7584221     2.51   0.012     .4147405    3.394049
        P_L_68 |   2.663538   1.578258     1.69   0.092    -.4363969    5.763472
        P_L_69 |          0  (omitted)
        P_L_70 |    1.13094   .4881164     2.32   0.021     .1722068    2.089674
        P_L_71 |   1.838175   .6569294     2.80   0.005     .5478681    3.128483
        P_L_72 |          0  (omitted)
 MismoPartidoG |   .0053639   .1230796     0.04   0.965    -.2363829    .2471106
         _cons |   3.866337   1.128767     3.43   0.001      1.64927    6.083405
--------------------------------------------------------------------------------

. areg prop Corrupt grade_1 grade_2 grade_3 Turn_* yy_* HOMI_CAP_MUN  total mis_tot CorruptPas
> t Already Auditada P_* MismoPartidoG,  absorb(clavedelae) cluster(clave_mun)
note: Turn_5 omitted because of collinearity
note: yy_8 omitted because of collinearity
note: P_81 omitted because of collinearity
note: P_L_69 omitted because of collinearity
note: P_L_72 omitted because of collinearity

Linear regression, absorbing indicators         Number of obs     =  1,572,418
Absorbed variable: clavedelaescuela             No. of categories =     63,130
                                                F( 138,    568)   =          .
                                                Prob > F          =          .
                                                R-squared         =     0.2270
                                                Adj R-squared     =     0.1946
                                                Root MSE          =    13.6631

                              (Std. Err. adjusted for 569 clusters in clave_mun)
--------------------------------------------------------------------------------
               |               Robust
          prop |      Coef.   Std. Err.      t    P>|t|     [95% Conf. Interval]
---------------+----------------------------------------------------------------
       Corrupt |  -.0248914   .1064049    -0.23   0.815    -.2338865    .1841037
       grade_1 |   1.637237   .0790273    20.72   0.000     1.482016    1.792459
       grade_2 |   1.354317   .0656053    20.64   0.000     1.225459    1.483176
       grade_3 |   .1472626   .0431237     3.41   0.001     .0625612     .231964
        Turn_1 |  -1.558308   .1958706    -7.96   0.000    -1.943028   -1.173589
        Turn_2 |  -.3932616    .619412    -0.63   0.526    -1.609879    .8233561
        Turn_3 |   1.452998   .7438023     1.95   0.051    -.0079405    2.913937
        Turn_4 |  -1.440069   1.452945    -0.99   0.322     -4.29387    1.413732
        Turn_5 |          0  (omitted)
          yy_1 |  -.9777099   .2391592    -4.09   0.000    -1.447454   -.5079656
          yy_2 |  -.6812609    .187801    -3.63   0.000     -1.05013   -.3123918
          yy_3 |   1.766595   .1752291    10.08   0.000     1.422419    2.110771
          yy_4 |   .3843774   .1493188     2.57   0.010     .0910929    .6776618
          yy_5 |    .448671   .1557956     2.88   0.004     .1426651    .7546768
          yy_6 |   .1761653   .1271262     1.39   0.166    -.0735296    .4258602
          yy_7 |   1.484065   .1574374     9.43   0.000     1.174834    1.793295
          yy_8 |          0  (omitted)
  HOMI_CAP_MUN |   4.215372    155.127     0.03   0.978    -300.4771    308.9079
         total |  -4.50e-10   1.56e-10    -2.89   0.004    -7.57e-10   -1.44e-10
       mis_tot |  -.2107457   .2389229    -0.88   0.378    -.6800259    .2585345
   CorruptPast |  -.2715548   .1396533    -1.94   0.052    -.5458547    .0027451
AlreadyAudited |   .0272474   .1437831     0.19   0.850     -.255164    .3096588
      Auditada |   .0876119    .097445     0.90   0.369    -.1037846    .2790085
           P_1 |   3.409232   1.382139     2.47   0.014     .6945047    6.123959
           P_2 |   1.837866   .7319861     2.51   0.012      .400136    3.275596
           P_3 |   2.508998   .9517201     2.64   0.009     .6396778    4.378319
           P_4 |   .1714739   .9704374     0.18   0.860     -1.73461    2.077558
           P_5 |   2.014725   .8125539     2.48   0.013     .4187475    3.610702
           P_6 |   1.894294   .7564682     2.50   0.013     .4084774     3.38011
           P_7 |   2.496472   .8585539     2.91   0.004     .8101443      4.1828
           P_8 |   1.250055   .9064527     1.38   0.168    -.5303536    3.030463
           P_9 |    1.90766   .8030725     2.38   0.018      .330306    3.485014
          P_10 |  -.6387547   .7889941    -0.81   0.419    -2.188457    .9109474
          P_11 |   1.187507   1.301365     0.91   0.362    -1.368568    3.743583
          P_12 |   2.739872   1.243982     2.20   0.028      .296505    5.183239
          P_13 |  -.2648404   .7537959    -0.35   0.725    -1.745408    1.215727
          P_14 |   1.876333    1.01538     1.85   0.065    -.1180251    3.870691
          P_15 |   1.060375    .740794     1.43   0.153    -.3946551    2.515405
          P_16 |   2.170013   .7622326     2.85   0.005     .6728747    3.667152
          P_17 |   1.504413   .7607192     1.98   0.048     .0102469    2.998579
          P_18 |   4.616147   1.277965     3.61   0.000     2.106032    7.126262
          P_19 |   1.581464   .7328147     2.16   0.031     .1421067    3.020822
          P_20 |   4.852905    .810248     5.99   0.000     3.261457    6.444353
          P_21 |   1.691221   .8145153     2.08   0.038     .0913914    3.291051
          P_22 |   2.321605   .7765727     2.99   0.003     .7963008     3.84691
          P_23 |   1.135271   .8318673     1.36   0.173    -.4986403    2.769183
          P_24 |   2.049653   .7751996     2.64   0.008     .5270455    3.572261
          P_25 |   1.062624   .8394066     1.27   0.206    -.5860955    2.711344
          P_26 |   .5469138   .7539203     0.73   0.468    -.9338982    2.027726
          P_27 |   1.662972   .7415339     2.24   0.025     .2064888    3.119455
          P_28 |   1.983243    .793527     2.50   0.013     .4246379    3.541849
          P_29 |    1.16925   .8687887     1.35   0.179    -.5371802    2.875681
          P_30 |   2.307639   .7685013     3.00   0.003     .7981874     3.81709
          P_31 |   4.077552    1.93004     2.11   0.035      .286665    7.868438
          P_32 |   2.322002   .7863597     2.95   0.003      .777474     3.86653
          P_33 |   2.097645   .7874665     2.66   0.008     .5509432    3.644347
          P_34 |   2.886217     .76867     3.75   0.000     1.376434       4.396
          P_35 |   1.518936   .9803953     1.55   0.122     -.406707    3.444579
          P_36 |   1.200051   1.526976     0.79   0.432    -1.799158    4.199261
          P_37 |   3.058686   .7914375     3.86   0.000     1.504184    4.613187
          P_38 |   1.849142   .7988122     2.31   0.021      .280156    3.418129
          P_39 |   2.885436     1.0754     2.68   0.008     .7731905    4.997681
          P_40 |   1.874371   1.080205     1.74   0.083    -.2473135    3.996055
          P_41 |   1.343234   .7794078     1.72   0.085    -.1876387    2.874108
          P_42 |    4.41044   .9019369     4.89   0.000     2.638902    6.181979
          P_43 |   3.963496    .936632     4.23   0.000     2.123811    5.803181
          P_44 |   2.110753   .9296051     2.27   0.024     .2848703    3.936637
          P_45 |   .8591377   .9700141     0.89   0.376    -1.046115     2.76439
          P_46 |   2.755948    .879121     3.13   0.002     1.029223    4.482673
          P_47 |   1.920643   .8369802     2.29   0.022     .2766887    3.564597
          P_48 |   1.220329   .8128507     1.50   0.134    -.3762313    2.816889
          P_49 |   1.629114    .726799     2.24   0.025     .2015725    3.056656
          P_50 |    3.14696   .8651911     3.64   0.000     1.447595    4.846324
          P_51 |   2.152345   .7455149     2.89   0.004     .6880422    3.616647
          P_52 |    2.23494   .7526205     2.97   0.003     .7566808    3.713199
          P_53 |   1.752038   .7622213     2.30   0.022     .2549213    3.249154
          P_54 |   2.417681   .8658321     2.79   0.005     .7170579    4.118305
          P_55 |    .986932   .7392868     1.33   0.182    -.4651376    2.439002
          P_56 |   3.845474    2.21534     1.74   0.083    -.5057847    8.196732
          P_57 |   1.645103   .7175524     2.29   0.022     .2357228    3.054483
          P_58 |   2.026284   .7469205     2.71   0.007     .5592204    3.493347
          P_59 |   .8054304   .8554967     0.94   0.347    -.8748928    2.485754
          P_60 |   1.721093   .7721084     2.23   0.026     .2045565    3.237629
          P_61 |    2.02499    .736712     2.75   0.006     .5779779    3.472002
          P_62 |   3.037762   1.030811     2.95   0.003     1.013095    5.062428
          P_63 |   2.084778    .801395     2.60   0.010     .5107183    3.658837
          P_64 |   3.683261   1.099811     3.35   0.001     1.523068    5.843455
          P_65 |   1.654889   .7107601     2.33   0.020     .2588504    3.050928
          P_66 |   2.108756   .7314225     2.88   0.004     .6721335    3.545379
          P_67 |   .9352494   .8685482     1.08   0.282     -.770709    2.641208
          P_68 |   4.019988   .7953303     5.05   0.000      2.45784    5.582135
          P_69 |   1.496079   1.072366     1.40   0.164    -.6102081    3.602366
          P_70 |    2.44345   .8240458     2.97   0.003     .8249013    4.061999
          P_71 |   3.464203   .9760221     3.55   0.000      1.54715    5.381256
          P_72 |   1.819083   .7293373     2.49   0.013     .3865557     3.25161
          P_73 |   4.111558   1.190874     3.45   0.001     1.772503    6.450613
          P_74 |   1.017407   .9624036     1.06   0.291    -.8728979    2.907711
          P_75 |   1.978643   .9616354     2.06   0.040     .0898476    3.867439
          P_76 |   3.162915   .7320746     4.32   0.000     1.725011    4.600819
          P_77 |   5.244151   1.073931     4.88   0.000     3.134789    7.353513
          P_78 |   1.602902   1.139577     1.41   0.160    -.6353984    3.841202
          P_79 |   1.911126   .7600363     2.51   0.012     .4183016    3.403951
          P_80 |  -.2996667   .9609058    -0.31   0.755    -2.187029    1.587696
          P_81 |          0  (omitted)
         P_L_1 |    .778637   .5177174     1.50   0.133    -.2382373    1.795511
         P_L_2 |   .4957228   .4736442     1.05   0.296    -.4345851    1.426031
         P_L_3 |   .9377702   .5936027     1.58   0.115    -.2281541    2.103695
         P_L_4 |   1.109169   .7563216     1.47   0.143    -.3763599    2.594697
         P_L_5 |  -.0937376   .5730576    -0.16   0.870    -1.219308    1.031833
         P_L_6 |   1.149564   .5038008     2.28   0.023     .1600242    2.139104
         P_L_7 |   1.537136   .7622704     2.02   0.044     .0399228    3.034349
         P_L_8 |   1.101207   .5154175     2.14   0.033     .0888504    2.113564
         P_L_9 |    .714476   .5912619     1.21   0.227    -.4468506    1.875803
        P_L_10 |  -.3433923   .9097726    -0.38   0.706    -2.130321    1.443537
        P_L_11 |   1.172479   .8024016     1.46   0.145    -.4035578    2.748515
        P_L_12 |   1.460733   .5118942     2.85   0.004     .4552961     2.46617
        P_L_13 |   .8765601   .5840418     1.50   0.134    -.2705851    2.023705
        P_L_14 |   .1484224   .5930915     0.25   0.802    -1.016498    1.313343
        P_L_15 |  -.4304242    .610874    -0.70   0.481    -1.630272    .7694236
        P_L_16 |  -.5416889   .5170428    -1.05   0.295    -1.557238    .4738603
        P_L_17 |   1.810731   .5099889     3.55   0.000     .8090369    2.812425
        P_L_18 |    1.65482   .4908786     3.37   0.001     .6906613    2.618979
        P_L_19 |  -.9985758   .8599236    -1.16   0.246    -2.687594    .6904426
        P_L_20 |   .3672743   .5319569     0.69   0.490    -.6775684    1.412117
        P_L_21 |   .6056866   .5144502     1.18   0.240    -.4047704    1.616144
        P_L_22 |   .6325487   .5309726     1.19   0.234    -.4103606    1.675458
        P_L_23 |   1.069089   .5397745     1.98   0.048     .0088919    2.129287
        P_L_24 |    2.20724   .7892361     2.80   0.005      .657063    3.757418
        P_L_25 |   .3487257   .5627734     0.62   0.536    -.7566452    1.454097
        P_L_26 |   .3783422   .8943922     0.42   0.672    -1.378378    2.135062
        P_L_27 |   .2482295   .5743521     0.43   0.666    -.8798838    1.376343
        P_L_28 |    .751109   .5092906     1.47   0.141    -.2492137    1.751432
        P_L_29 |   .6106255   .6699142     0.91   0.362    -.7051859    1.926437
        P_L_30 |   .7979506   .5821805     1.37   0.171    -.3455389     1.94144
        P_L_31 |   .6699734   .6178501     1.08   0.279    -.5435763    1.883523
        P_L_32 |   .7071018    .906473     0.78   0.436    -1.073347     2.48755
        P_L_33 |  -.4070999   .5566015    -0.73   0.465    -1.500348    .6861485
        P_L_34 |   1.063998   .5613842     1.90   0.059    -.0386444     2.16664
        P_L_35 |   3.177881   .9273667     3.43   0.001     1.356395    4.999368
        P_L_36 |   .0427899   .5664697     0.08   0.940    -1.069841    1.155421
        P_L_37 |   .3142398   .5340999     0.59   0.557    -.7348121    1.363292
        P_L_38 |    .715516   .6938975     1.03   0.303    -.6474023    2.078434
        P_L_39 |   .1873402    1.51413     0.12   0.902    -2.786638    3.161318
        P_L_40 |   .4424549   .5609389     0.79   0.431    -.6593128    1.544223
        P_L_41 |   1.128396   .5801021     1.95   0.052    -.0110108    2.267803
        P_L_42 |  -.0480166   .7309869    -0.07   0.948    -1.483784    1.387751
        P_L_43 |   .9814221   .5577944     1.76   0.079    -.1141694    2.077014
        P_L_44 |    .443172   .7397275     0.60   0.549    -1.009763    1.896107
        P_L_45 |   .2521373   .5167009     0.49   0.626    -.7627404    1.267015
        P_L_46 |   1.785169   .5416169     3.30   0.001     .7213528    2.848986
        P_L_47 |    .921197   .5125095     1.80   0.073    -.0854481    1.927842
        P_L_48 |    5.21523   .6620423     7.88   0.000      3.91488     6.51558
        P_L_49 |   1.319827   .5435706     2.43   0.015     .2521729     2.38748
        P_L_50 |   .6684989   .6408786     1.04   0.297    -.5902823     1.92728
        P_L_51 |   1.140327   .4660141     2.45   0.015     .2250061    2.055649
        P_L_52 |   1.860391   .8595841     2.16   0.031     .1720395    3.548742
        P_L_53 |   2.616956   .7475493     3.50   0.001     1.148658    4.085255
        P_L_54 |   1.676022   .6097322     2.75   0.006     .4784173    2.873627
        P_L_55 |   1.033057   .4946131     2.09   0.037     .0615634    2.004551
        P_L_56 |    .933518   .4497313     2.08   0.038     .0501786    1.816857
        P_L_57 |   .8194203   .6735787     1.22   0.224    -.5035888    2.142429
        P_L_58 |  -1.944187   .5549892    -3.50   0.000    -3.034269   -.8541057
        P_L_59 |    .704389   .7002809     1.01   0.315    -.6710671    2.079845
        P_L_60 |  -.6942466   1.671917    -0.42   0.678    -3.978142    2.589649
        P_L_61 |   .8533319   .7106358     1.20   0.230    -.5424628    2.249127
        P_L_62 |   2.644791    .896647     2.95   0.003     .8836424    4.405939
        P_L_63 |   1.262743   .5206227     2.43   0.016     .2401621    2.285323
        P_L_64 |  -4.290462   .5483383    -7.82   0.000     -5.36748   -3.213444
        P_L_65 |   2.164443    .741633     2.92   0.004     .7077653    3.621121
        P_L_66 |   .1248635   .7600949     0.16   0.870    -1.368076    1.617803
        P_L_67 |   1.897575   .7601343     2.50   0.013     .4045577    3.390592
        P_L_68 |   2.662999   1.578531     1.69   0.092    -.4374724     5.76347
        P_L_69 |          0  (omitted)
        P_L_70 |   1.133682   .4896894     2.32   0.021     .1718589    2.095505
        P_L_71 |   1.834329   .6580688     2.79   0.005     .5417833    3.126874
        P_L_72 |          0  (omitted)
 MismoPartidoG |   .0063689   .1230605     0.05   0.959    -.2353403    .2480781
         _cons |   3.083315   1.128424     2.73   0.006     .8669223    5.299707
--------------------------------------------------------------------------------

. areg prop Corrupt grade_1 grade_2 grade_3 Turn_* yy_* HOMI_CAP_MUN  total mis_tot P_* Corrup
> tPast Already Auditada trend* MismoPartidoG,  absorb(clavedelae) cluster(clave_mun)
note: Turn_5 omitted because of collinearity
note: yy_8 omitted because of collinearity
note: P_81 omitted because of collinearity
note: P_L_69 omitted because of collinearity
note: P_L_72 omitted because of collinearity
note: trend_45 omitted because of collinearity
note: trend_46 omitted because of collinearity
note: trend_47 omitted because of collinearity
note: trend_48 omitted because of collinearity
note: trend_49 omitted because of collinearity
note: trend_50 omitted because of collinearity
note: trend_52 omitted because of collinearity
note: trend_53 omitted because of collinearity
note: trend_577 omitted because of collinearity
note: trend_345 omitted because of collinearity

Linear regression, absorbing indicators         Number of obs     =  1,572,418
Absorbed variable: clavedelaescuela             No. of categories =     63,130
                                                F( 210,    568)   =          .
                                                Prob > F          =          .
                                                R-squared         =     0.2299
                                                Adj R-squared     =     0.1973
                                                Root MSE          =    13.6377

                              (Std. Err. adjusted for 569 clusters in clave_mun)
--------------------------------------------------------------------------------
               |               Robust
          prop |      Coef.   Std. Err.      t    P>|t|     [95% Conf. Interval]
---------------+----------------------------------------------------------------
       Corrupt |   .0125465   .1162374     0.11   0.914    -.2157612    .2408541
       grade_1 |   1.636257   .0790059    20.71   0.000     1.481078    1.791437
       grade_2 |   1.353252   .0655573    20.64   0.000     1.224488    1.482016
       grade_3 |   .1469544   .0431265     3.41   0.001     .0622476    .2316612
        Turn_1 |  -1.357225   .1269827   -10.69   0.000    -1.606638   -1.107813
        Turn_2 |  -.0071735   .5842835    -0.01   0.990    -1.154793    1.140446
        Turn_3 |   2.706598   .6281246     4.31   0.000     1.472867    3.940328
        Turn_4 |  -.6020954   1.586862    -0.38   0.705    -3.718929    2.514738
        Turn_5 |          0  (omitted)
          yy_1 |   3.326141   1.064548     3.12   0.002      1.23521    5.417072
          yy_2 |   2.970076   .9090047     3.27   0.001     1.184655    4.755497
          yy_3 |   4.809728   .7776954     6.18   0.000     3.282218    6.337237
          yy_4 |   2.844889   .6254967     4.55   0.000      1.61632    4.073458
          yy_5 |   2.214649   .4884159     4.53   0.000     1.255328    3.173971
          yy_6 |   1.284639   .3307409     3.88   0.000     .6350144    1.934263
          yy_7 |   2.109221   .2287549     9.22   0.000     1.659912     2.55853
          yy_8 |          0  (omitted)
  HOMI_CAP_MUN |  -30.02043   164.8872    -0.18   0.856    -353.8835    293.8426
         total |  -1.55e-10   1.21e-10    -1.28   0.201    -3.92e-10    8.25e-11
       mis_tot |  -.2937603   .2966112    -0.99   0.322    -.8763491    .2888284
           P_1 |   3.063061   1.296172     2.36   0.018     .5171849    5.608936
           P_2 |   .9000513   .5427664     1.66   0.098    -.1660228    1.966125
           P_3 |   1.663178    .772451     2.15   0.032     .1459687    3.180387
           P_4 |  -1.838245   1.045564    -1.76   0.079    -3.891889    .2153979
           P_5 |   1.393486     .73737     1.89   0.059    -.0548188    2.841791
           P_6 |   1.117942   .5760001     1.94   0.053    -.0134084    2.249292
           P_7 |   2.177664   1.026129     2.12   0.034     .1621931    4.193135
           P_8 |   .9632885   .8125414     1.19   0.236    -.6326641    2.559241
           P_9 |    .889272   .5913725     1.50   0.133    -.2722719    2.050816
          P_10 |  -.3022942   .6112513    -0.49   0.621    -1.502883    .8982946
          P_11 |   .2125382   1.321399     0.16   0.872    -2.382887    2.807963
          P_12 |   3.674939   1.654704     2.22   0.027     .4248532    6.925025
          P_13 |   .3811598   .6246629     0.61   0.542    -.8457714    1.608091
          P_14 |   1.439654   .8747449     1.65   0.100    -.2784757    3.157784
          P_15 |   1.250793   .6421285     1.95   0.052     -.010443    2.512029
          P_16 |   .9826741   .6431298     1.53   0.127    -.2805288    2.245877
          P_17 |   1.767104    .575612     3.07   0.002     .6365166    2.897692
          P_18 |   4.802931   .8345353     5.76   0.000      3.16378    6.442083
          P_19 |   1.020183   .5606787     1.82   0.069    -.0810733     2.12144
          P_20 |   3.272906   .6584374     4.97   0.000     1.979636    4.566175
          P_21 |   .6669322   .7345328     0.91   0.364    -.7757999    2.109664
          P_22 |   1.394612   .6652412     2.10   0.036     .0879787    2.701245
          P_23 |   1.945564   .8103314     2.40   0.017     .3539519    3.537176
          P_24 |   2.891815   .5900276     4.90   0.000     1.732913    4.050717
          P_25 |   .6813198   .8244148     0.83   0.409     -.937954    2.300594
          P_26 |   .6592075   .7503692     0.88   0.380    -.8146297    2.133045
          P_27 |   .8995203   .5822307     1.54   0.123    -.2440676    2.043108
          P_28 |   1.085502   .5939206     1.83   0.068    -.0810463    2.252051
          P_29 |   1.558899    .667244     2.34   0.020     .2483321    2.869466
          P_30 |   1.670696   .6402886     2.61   0.009     .4130733    2.928318
          P_31 |  -1.953683   .7303207    -2.68   0.008    -3.388142   -.5192242
          P_32 |   2.941599   .7440038     3.95   0.000     1.480264    4.402934
          P_33 |  -.1004479   .7392324    -0.14   0.892    -1.552411    1.351515
          P_34 |   2.973086   .8033293     3.70   0.000     1.395227    4.550945
          P_35 |   1.838104   .9374112     1.96   0.050    -.0031115     3.67932
          P_36 |   1.472518    1.02321     1.44   0.151    -.5372188    3.482256
          P_37 |   1.871605   .6075037     3.08   0.002     .6783765    3.064833
          P_38 |   1.299252   .6909487     1.88   0.061    -.0578745    2.656378
          P_39 |   2.535199   .8557872     2.96   0.003     .8543047    4.216092
          P_40 |   2.140989   1.000848     2.14   0.033     .1751733    4.106805
          P_41 |   .3153081   .6224952     0.51   0.613    -.9073654    1.537982
          P_42 |   4.304127   .6981601     6.16   0.000     2.932836    5.675417
          P_43 |   3.010376   .7579803     3.97   0.000      1.52159    4.499163
          P_44 |   1.959378   .5863423     3.34   0.001     .8077139    3.111042
          P_45 |  -.2626007   .6086955    -0.43   0.666    -1.458169    .9329681
          P_46 |   2.533559   .7792216     3.25   0.001     1.003051    4.064067
          P_47 |  -.3325629   .7211664    -0.46   0.645    -1.749041    1.083916
          P_48 |   .5747077   .6999455     0.82   0.412    -.8000897    1.949505
          P_49 |  -1.286257   .5792085    -2.22   0.027    -2.423909   -.1486052
          P_50 |   1.228449    .847415     1.45   0.148    -.4360002    2.892899
          P_51 |    1.88038   .5514461     3.41   0.001     .7972572    2.963502
          P_52 |   1.999954   .6064931     3.30   0.001     .8087111    3.191197
          P_53 |   1.262581   .7377191     1.71   0.088    -.1864095    2.711571
          P_54 |   .8737501   .7022972     1.24   0.214    -.5056663    2.253167
          P_55 |   3.035825   .5450713     5.57   0.000     1.965224    4.106426
          P_56 |   2.477234   3.289308     0.75   0.452    -3.983458    8.937926
          P_57 |   .6305395   .5566177     1.13   0.258    -.4627408     1.72382
          P_58 |   1.480095   .5737097     2.58   0.010     .3532436    2.606947
          P_59 |   1.251021   1.292748     0.97   0.334    -1.288128     3.79017
          P_60 |   1.697446   .7504961     2.26   0.024     .2233595    3.171532
          P_61 |     1.2408   .5406682     2.29   0.022     .1788472    2.302753
          P_62 |   1.920273   .9235882     2.08   0.038     .1062082    3.734338
          P_63 |   .9817743   .7262914     1.35   0.177    -.4447704    2.408319
          P_64 |   1.546432   1.018668     1.52   0.130    -.4543839    3.547248
          P_65 |     .96569   .5359546     1.80   0.072    -.0870049    2.018385
          P_66 |   1.495514   .5194106     2.88   0.004     .4753141    2.515714
          P_67 |   .1841853   .6997111     0.26   0.792    -1.190152    1.558522
          P_68 |   1.936503   .6181661     3.13   0.002     .7223329    3.150674
          P_69 |   1.135233   2.743555     0.41   0.679    -4.253518    6.523984
          P_70 |   1.659386   .6113463     2.71   0.007     .4586104    2.860161
          P_71 |   1.506713   .7896761     1.91   0.057    -.0443291    3.057754
          P_72 |   3.441384   1.202736     2.86   0.004      1.07903    5.803737
          P_73 |    4.86207   .9824098     4.95   0.000     2.932471     6.79167
          P_74 |   1.960362   1.059077     1.85   0.065    -.1198233    4.040548
          P_75 |  -.4003689   1.199844    -0.33   0.739    -2.757042    1.956304
          P_76 |   1.483094   .5798063     2.56   0.011     .3442682     2.62192
          P_77 |   4.772429   .7553173     6.32   0.000     3.288873    6.255985
          P_78 |   .1821578   1.058289     0.17   0.863     -1.89648    2.260796
          P_79 |   1.503239   .6017636     2.50   0.013     .3212854    2.685192
          P_80 |   .8164817   .7524792     1.09   0.278    -.6614997    2.294463
          P_81 |          0  (omitted)
         P_L_1 |   1.118888   .5560088     2.01   0.045     .0268041    2.210973
         P_L_2 |  -.4344045   .5155052    -0.84   0.400    -1.446934    .5781246
         P_L_3 |   .5527723   .5449698     1.01   0.311    -.5176298    1.623174
         P_L_4 |   .3197696   .9173162     0.35   0.728    -1.481976    2.121516
         P_L_5 |   1.554922   .6679926     2.33   0.020     .2428852    2.866959
         P_L_6 |   .7925139   .5398331     1.47   0.143     -.267799    1.852827
         P_L_7 |   .2488805   .8515558     0.29   0.770    -1.423702    1.921463
         P_L_8 |   .4436132   .5523139     0.80   0.422    -.6412138     1.52844
         P_L_9 |   1.841661   .5974316     3.08   0.002     .6682158    3.015106
        P_L_10 |  -1.516101   .7353977    -2.06   0.040    -2.960531   -.0716697
        P_L_11 |   .4948754   .8251687     0.60   0.549    -1.125879     2.11563
        P_L_12 |   2.225564   .5967372     3.73   0.000     1.053483    3.397645
        P_L_13 |   .8330853   .7290448     1.14   0.254    -.5988675    2.265038
        P_L_14 |  -.3128339   .6380797    -0.49   0.624    -1.566118    .9404498
        P_L_15 |  -.4796078    .681426    -0.70   0.482     -1.81803    .8588145
        P_L_16 |  -.5550433   .5776803    -0.96   0.337    -1.689694     .579607
        P_L_17 |   1.412198   .5558533     2.54   0.011     .3204188    2.503977
        P_L_18 |   1.881427   .5677901     3.31   0.001     .7662029    2.996652
        P_L_19 |   1.688374   2.899166     0.58   0.561    -4.006021    7.382769
        P_L_20 |   .3678779   .5393747     0.68   0.495    -.6915344     1.42729
        P_L_21 |  -.5044413   .5462264    -0.92   0.356    -1.577312    .5684289
        P_L_22 |   .4983377   .5737941     0.87   0.385    -.6286795    1.625355
        P_L_23 |   .8969983   .5623409     1.60   0.111    -.2075231     2.00152
        P_L_24 |   2.345801   .7963159     2.95   0.003     .7817181    3.909885
        P_L_25 |   1.291539   .5576229     2.32   0.021     .1962846    2.386794
        P_L_26 |   .3131933   .8329608     0.38   0.707    -1.322866    1.949253
        P_L_27 |   .2924395   .5348364     0.55   0.585    -.7580589    1.342938
        P_L_28 |   .6079244   .5211111     1.17   0.244    -.4156156    1.631464
        P_L_29 |  -.1923379   .6642862    -0.29   0.772    -1.497095    1.112419
        P_L_30 |   .3008005   .6236936     0.48   0.630    -.9242268    1.525828
        P_L_31 |   .7885556   1.056039     0.75   0.456    -1.285663    2.862774
        P_L_32 |  -.3886899   1.132497    -0.34   0.732    -2.613082    1.835703
        P_L_33 |   .4681331   .5970446     0.78   0.433    -.7045516    1.640818
        P_L_34 |    .875424   .6581069     1.33   0.184    -.4171962    2.168044
        P_L_35 |   .7955463   1.337894     0.59   0.552    -1.832277    3.423369
        P_L_36 |   .5991087   .6566225     0.91   0.362     -.690596    1.888813
        P_L_37 |   .5676964   .5405746     1.05   0.294    -.4940729    1.629466
        P_L_38 |   .5840172   1.206924     0.48   0.629    -1.786561    2.954596
        P_L_39 |   .2489022   .7165716     0.35   0.728    -1.158551    1.656356
        P_L_40 |   -.854839   .7063829    -1.21   0.227     -2.24228    .5326026
        P_L_41 |   1.711261   .7295834     2.35   0.019     .2782499    3.144271
        P_L_42 |   .4052735   1.182962     0.34   0.732     -1.91824    2.728787
        P_L_43 |   2.752317   .6251937     4.40   0.000     1.524343    3.980291
        P_L_44 |     .00489   .7719239     0.01   0.995    -1.511284    1.521064
        P_L_45 |  -.6608008   .5777937    -1.14   0.253    -1.795674    .4740722
        P_L_46 |   1.831908   .7138163     2.57   0.011     .4298664     3.23395
        P_L_47 |   1.135178   .6093767     1.86   0.063    -.0617284    2.332085
        P_L_48 |   4.244943   .7118762     5.96   0.000     2.846712    5.643174
        P_L_49 |   1.575818   .5849515     2.69   0.007     .4268863     2.72475
        P_L_50 |    .676842   .5886222     1.15   0.251    -.4792998    1.832984
        P_L_51 |   .7075905   .4986745     1.42   0.156    -.2718807    1.687062
        P_L_52 |  -1.281129   .8736305    -1.47   0.143     -2.99707    .4348114
        P_L_53 |   .0444845   .9707135     0.05   0.963    -1.862142    1.951111
        P_L_54 |   .9797514   .6056459     1.62   0.106    -.2098276     2.16933
        P_L_55 |   .7794071   .5406493     1.44   0.150    -.2825088    1.841323
        P_L_56 |   .6389808   .4823009     1.32   0.186    -.3083302    1.586292
        P_L_57 |   .4753091   .8146723     0.58   0.560    -1.124829    2.075447
        P_L_58 |  -2.082523   .6468161    -3.22   0.001    -3.352967   -.8120799
        P_L_59 |   .7400715    .583314     1.27   0.205    -.4056442    1.885787
        P_L_60 |  -.0240554   5.461926    -0.00   0.996    -10.75209    10.70398
        P_L_61 |    .125187   .5931299     0.21   0.833    -1.039809    1.290183
        P_L_62 |   2.072649    .901234     2.30   0.022     .3024908    3.842807
        P_L_63 |   2.547015   .8013044     3.18   0.002     .9731336    4.120896
        P_L_64 |  -4.088767   .5468772    -7.48   0.000    -5.162915   -3.014618
        P_L_65 |   1.344044   1.124971     1.19   0.233    -.8655661    3.553654
        P_L_66 |  -2.580404   1.376421    -1.87   0.061    -5.283899    .1230915
        P_L_67 |  -.3624075   1.137902    -0.32   0.750    -2.597416    1.872601
        P_L_68 |   3.114473   1.246111     2.50   0.013     .6669241    5.562022
        P_L_69 |          0  (omitted)
        P_L_70 |   1.429525    .575983     2.48   0.013     .2982086    2.560842
        P_L_71 |   4.049335   .7997754     5.06   0.000     2.478457    5.620213
        P_L_72 |          0  (omitted)
   CorruptPast |  -.1622573   .1719644    -0.94   0.346     -.500021    .1755065
AlreadyAudited |   .1281048   .1587643     0.81   0.420    -.1837319    .4399416
      Auditada |  -.0213492   .0852191    -0.25   0.802    -.1887322    .1460338
       trend_1 |   .2721858   .1567418     1.74   0.083    -.0356785    .5800501
       trend_2 |   .3359179   .1552604     2.16   0.031     .0309633    .6408725
       trend_3 |   .2479705   .1592939     1.56   0.120    -.0649065    .5608475
       trend_4 |   .2503747   .1554276     1.61   0.108    -.0549083    .5556577
       trend_5 |   .1437104   .1559613     0.92   0.357    -.1626209    .4500417
       trend_6 |  -.0297554   .1547387    -0.19   0.848    -.3336852    .2741745
       trend_7 |   .1593238   .1545017     1.03   0.303    -.1441406    .4627882
       trend_8 |   .1774491   .1550184     1.14   0.253    -.1270302    .4819283
       trend_9 |   .3932127   .1548718     2.54   0.011     .0890214     .697404
      trend_10 |   .0428875   .2298533     0.19   0.852    -.4085787    .4943536
      trend_11 |  -.1371602   .2137848    -0.64   0.521    -.5570654     .282745
      trend_12 |  -.1621957   .2129497    -0.76   0.447    -.5804607    .2560693
      trend_13 |   .0088296   .2101699     0.04   0.967    -.4039754    .4216346
      trend_14 |  -.0073232   .2132463    -0.03   0.973    -.4261708    .4115244
      trend_15 |  -.1537944   .2087448    -0.74   0.462    -.5638004    .2562116
      trend_16 |   .4366665   .1511982     2.89   0.004     .1396906    .7336423
      trend_17 |   .4645536   .1511056     3.07   0.002     .1677597    .7613476
      trend_18 |   .5436004   .1513238     3.59   0.000     .2463779    .8408229
      trend_19 |   .5068932   .1548286     3.27   0.001     .2027868    .8109996
      trend_20 |   1.147862   .1776481     6.46   0.000     .7989346    1.496789
      trend_21 |   1.216627   .2401517     5.07   0.000     .7449335    1.688321
      trend_22 |   .7973629   .1564966     5.10   0.000     .4899802    1.104746
      trend_23 |   1.031196    .224085     4.60   0.000     .5910597    1.471332
      trend_24 |   .8668586   .2169662     4.00   0.000     .4407045    1.293013
      trend_25 |   1.305194    .150303     8.68   0.000     1.009977    1.600412
      trend_26 |    2.16748   .1508392    14.37   0.000     1.871209    2.463751
      trend_27 |    1.20692   .2266679     5.32   0.000     .7617104     1.65213
      trend_28 |   .6833914    .156134     4.38   0.000     .3767209    .9900618
      trend_29 |   1.310527   .2194078     5.97   0.000      .879577    1.741476
      trend_30 |   1.229121   .2213945     5.55   0.000     .7942694    1.663973
      trend_31 |   .8811969   .1519468     5.80   0.000     .5827507    1.179643
      trend_32 |    .373889   .1504841     2.48   0.013     .0783158    .6694622
      trend_33 |   .0924535   .1618472     0.57   0.568    -.2254385    .4103455
      trend_34 |   .7511662   .2996994     2.51   0.012     .1625119     1.33982
      trend_35 |  -.9261774   .1706971    -5.43   0.000    -1.261452   -.5909027
      trend_36 |   .6274688    .162065     3.87   0.000     .3091489    .9457888
      trend_37 |   .6067282    .162869     3.73   0.000     .2868291    .9266272
      trend_38 |   .4532771   .1609407     2.82   0.005     .1371656    .7693886
      trend_39 |    .033839   .2444493     0.14   0.890    -.4462959    .5139739
      trend_40 |   .2473677   .1494014     1.66   0.098    -.0460789    .5408143
      trend_41 |   .4837407    .150828     3.21   0.001     .1874921    .7799894
      trend_42 |   .2365232      .1553     1.52   0.128    -.0685092    .5415556
      trend_43 |   .2404887   .1511318     1.59   0.112    -.0563568    .5373341
      trend_44 |   .6712287   .1535952     4.37   0.000     .3695448    .9729127
      trend_45 |          0  (omitted)
      trend_46 |          0  (omitted)
      trend_47 |          0  (omitted)
      trend_48 |          0  (omitted)
      trend_49 |          0  (omitted)
      trend_50 |          0  (omitted)
      trend_51 |   .7165148   .1533816     4.67   0.000     .4152504    1.017779
      trend_52 |          0  (omitted)
      trend_53 |          0  (omitted)
      trend_54 |   2.231152   .1824158    12.23   0.000      1.87286    2.589444
      trend_55 |   .5592631   .7405027     0.76   0.450    -.8951948    2.013721
      trend_56 |   .4595387   .4683415     0.98   0.327     -.460354    1.379431
      trend_57 |   1.596821   .2315408     6.90   0.000      1.14204    2.051602
      trend_58 |   1.090557   .1526037     7.15   0.000     .7908206    1.390293
      trend_59 |     1.6874   .1500856    11.24   0.000      1.39261    1.982191
      trend_60 |   .6825263   .1502248     4.54   0.000     .3874623    .9775902
      trend_61 |   1.512941   .2100181     7.20   0.000     1.100434    1.925448
      trend_62 |   .1182825   .2419656     0.49   0.625    -.3569741    .5935392
      trend_63 |   1.236506   .1958675     6.31   0.000      .851793    1.621219
      trend_64 |   1.475311   .1558494     9.47   0.000     1.169199    1.781422
      trend_65 |   1.456815   .2020711     7.21   0.000     1.059917    1.853713
      trend_66 |   1.356413   .1537041     8.82   0.000     1.054515    1.658311
      trend_67 |   1.023901   .1960818     5.22   0.000     .6387676    1.409035
      trend_68 |   1.246254    .156022     7.99   0.000     .9398034    1.552705
      trend_69 |   2.191214   .2151923    10.18   0.000     1.768544    2.613884
      trend_70 |   1.505586    .199005     7.57   0.000      1.11471    1.896461
      trend_71 |   1.214329   .2201764     5.52   0.000     .7818693    1.646788
      trend_72 |  -.5124528   .2279096    -2.25   0.025    -.9601014   -.0648043
      trend_73 |    1.84599   .1611437    11.46   0.000      1.52948    2.162501
      trend_74 |   1.756586   .1641332    10.70   0.000     1.434203    2.078968
      trend_75 |  -.0154268   .2052166    -0.08   0.940    -.4185028    .3876493
      trend_76 |    .472011   .1622183     2.91   0.004       .15339    .7906321
      trend_77 |    1.27911   .2208294     5.79   0.000     .8453677    1.712852
      trend_78 |    1.09099   .2413823     4.52   0.000     .6168793    1.565101
      trend_79 |   .9077628   .1703967     5.33   0.000     .5730782    1.242447
      trend_80 |    .241819   .4228865     0.57   0.568    -.5887932    1.072431
      trend_81 |   .9577985   .2183747     4.39   0.000     .5288779    1.386719
      trend_82 |  -.0731786   .2259155    -0.32   0.746    -.5169103    .3705532
      trend_83 |  -.2005871   .2298428    -0.87   0.383    -.6520327    .2508586
      trend_84 |   .3132417   .2119261     1.48   0.140    -.1030129    .7294963
      trend_85 |   .6956719   .2532986     2.75   0.006     .1981556    1.193188
      trend_86 |   .6246485   .1602631     3.90   0.000     .3098679    .9394292
      trend_87 |   .9839801   .2130768     4.62   0.000     .5654654    1.402495
      trend_88 |   .1537988   .1685373     0.91   0.362    -.1772335    .4848312
      trend_89 |   2.071047   .1630315    12.70   0.000     1.750829    2.391265
      trend_90 |   .6656771    .257584     2.58   0.010     .1597436    1.171611
      trend_91 |   .7805479    .170939     4.57   0.000     .4447982    1.116298
      trend_92 |   .3782763   .1625885     2.33   0.020     .0589283    .6976243
      trend_93 |   .3729311   .1599024     2.33   0.020     .0588589    .6870033
      trend_94 |   .8347561   .1692425     4.93   0.000     .5023387    1.167174
      trend_95 |   .3437739   .2601557     1.32   0.187    -.1672107    .8547585
      trend_96 |  -.0075665   .1713108    -0.04   0.965    -.3440465    .3289134
      trend_97 |   .5718566   .1617685     3.54   0.000      .254119    .8895941
      trend_98 |   1.131086   .1658031     6.82   0.000     .8054238    1.456748
      trend_99 |   .2938569   .1724676     1.70   0.089    -.0448953    .6326091
     trend_100 |    .308563   .2639043     1.17   0.243    -.2097845    .8269105
     trend_101 |   .2100613    .169234     1.24   0.215    -.1223394    .5424621
     trend_102 |    .485225   .1539684     3.15   0.002     .1828082    .7876418
     trend_103 |   1.142721   .1687578     6.77   0.000     .8112557    1.474187
     trend_104 |   .6608786   .1495401     4.42   0.000     .3671595    .9545977
     trend_105 |   .5689132   .1723906     3.30   0.001     .2303124     .907514
     trend_106 |   .5486978   .1529415     3.59   0.000      .248298    .8490977
     trend_107 |   .5394251   .1491556     3.62   0.000     .2464612     .832389
     trend_108 |   .7825895   .1551524     5.04   0.000      .477847    1.087332
     trend_109 |   .5326874   .1511733     3.52   0.000     .2357605    .8296143
     trend_110 |    .121145   .1488128     0.81   0.416    -.1711455    .4134356
     trend_111 |  -.0485943   .1846617    -0.26   0.793    -.4112974    .3141088
     trend_112 |   .2382589   .1485008     1.60   0.109    -.0534188    .5299365
     trend_113 |   .1705619   .1503439     1.13   0.257     -.124736    .4658598
     trend_114 |     .41835   .1489604     2.81   0.005     .1257695    .7109306
     trend_115 |   .6741059   .1681167     4.01   0.000     .3438996    1.004312
     trend_116 |    .766243   .1510991     5.07   0.000      .469462    1.063024
     trend_117 |   .7811406   .1500623     5.21   0.000     .4863958    1.075885
     trend_118 |   .7542303   .1589399     4.75   0.000     .4420486    1.066412
     trend_119 |   .6586779   .1602195     4.11   0.000     .3439829    .9733729
     trend_120 |   .3318162   .1518538     2.19   0.029     .0335526    .6300798
     trend_121 |     .21969   .1539341     1.43   0.154    -.0826597    .5220396
     trend_122 |   .3274412   .1720843     1.90   0.058     -.010558    .6654404
     trend_123 |   .5163003    .153845     3.36   0.001     .2141257    .8184749
     trend_124 |   -.141439   .1519035    -0.93   0.352    -.4398002    .1569222
     trend_125 |  -.2262524   .1538381    -1.47   0.142    -.5284135    .0759086
     trend_126 |   .3097031   .1518171     2.04   0.042     .0115117    .6078945
     trend_127 |   .2913043    .156424     1.86   0.063    -.0159357    .5985444
     trend_128 |   .9133764   .1549039     5.90   0.000     .6091219    1.217631
     trend_129 |   .3240791   .1504261     2.15   0.032     .0286197    .6195384
     trend_130 |   .2861626   .1501455     1.91   0.057    -.0087455    .5810707
     trend_131 |   .2572946   .1723082     1.49   0.136    -.0811444    .5957337
     trend_132 |     .52733   .1551001     3.40   0.001     .2226903    .8319698
     trend_133 |   .5128093   .1561174     3.28   0.001     .2061713    .8194472
     trend_134 |   .1201527   .1570275     0.77   0.444    -.1882728    .4285782
     trend_135 |   .7765384   .1554327     5.00   0.000     .4712454    1.081831
     trend_136 |   .5053326   .1567361     3.22   0.001     .1974796    .8131856
     trend_137 |   .1868528   .1526055     1.22   0.221    -.1128871    .4865927
     trend_138 |   .3481105   .1492674     2.33   0.020      .054927     .641294
     trend_139 |   .1048356   .1728386     0.61   0.544    -.2346452    .4443165
     trend_140 |   .0930703   .1729455     0.54   0.591    -.2466205    .4327611
     trend_141 |   .5839751   .2388985     2.44   0.015     .1147428    1.053207
     trend_142 |   .5373139   .1501316     3.58   0.000      .242433    .8321948
     trend_143 |   .0813189    .147539     0.55   0.582    -.2084697    .3711075
     trend_144 |   .4825556   .1565629     3.08   0.002     .1750427    .7900686
     trend_145 |   .2443071   .1531541     1.60   0.111    -.0565103    .5451246
     trend_146 |   .3052739   .2122584     1.44   0.151    -.1116333    .7221812
     trend_147 |   .8130563    .166209     4.89   0.000      .486597    1.139516
     trend_148 |   .9357099   .1656018     5.65   0.000     .6104433    1.260977
     trend_149 |    1.32522   .1640333     8.08   0.000     1.003034    1.647405
     trend_150 |   1.472727   .1659079     8.88   0.000      1.14686    1.798595
     trend_151 |   1.947962   .1435767    13.57   0.000     1.665956    2.229968
     trend_152 |   1.264515   .1827355     6.92   0.000     .9055954    1.623435
     trend_153 |   .7404329   .1610756     4.60   0.000     .4240564    1.056809
     trend_154 |   1.339416   .1786182     7.50   0.000     .9885834    1.690249
     trend_155 |   .5622783   .1561788     3.60   0.000     .2555198    .8690368
     trend_156 |   1.549518   .1529692    10.13   0.000     1.249064    1.849972
     trend_157 |   1.241038    .157339     7.89   0.000     .9320007    1.550075
     trend_158 |   .3061211   .1777322     1.72   0.086    -.0429715    .6552137
     trend_159 |   .5580396     .16336     3.42   0.001     .2371762    .8789031
     trend_160 |   .3176534   .1456463     2.18   0.030     .0315822    .6037245
     trend_161 |   2.727431   .1502858    18.15   0.000     2.432247    3.022614
     trend_162 |   .7257295   .1800177     4.03   0.000     .3721479    1.079311
     trend_163 |   2.563001   .1863303    13.76   0.000     2.197021    2.928982
     trend_164 |   .5143813   .1456557     3.53   0.000     .2282919    .8004708
     trend_165 |   1.707217    .209718     8.14   0.000       1.2953    2.119134
     trend_166 |   1.982025   .1655915    11.97   0.000     1.656779    2.307272
     trend_167 |   1.287945   .1723521     7.47   0.000     .9494202    1.626471
     trend_168 |   .7723197   .1561516     4.95   0.000     .4656146    1.079025
     trend_169 |   1.479331   .1653539     8.95   0.000     1.154551     1.80411
     trend_170 |   .4204607   .1490373     2.82   0.005     .1277292    .7131921
     trend_171 |   1.117676   .1515867     7.37   0.000      .819937    1.415415
     trend_172 |    1.84033   .1408444    13.07   0.000     1.563691    2.116969
     trend_173 |    1.52584   .1546685     9.87   0.000     1.222048    1.829632
     trend_174 |   .5915094   .1436158     4.12   0.000     .3094265    .8735923
     trend_175 |   1.831122   .1514963    12.09   0.000     1.533561    2.128684
     trend_176 |   1.857529   .1595693    11.64   0.000     1.544111    2.170947
     trend_177 |  -2.105465   .1614889   -13.04   0.000    -2.422653   -1.788277
     trend_178 |   1.103234   .6610726     1.67   0.096     -.195211     2.40168
     trend_179 |   .6915156   .1515316     4.56   0.000     .3938849    .9891463
     trend_180 |   .5268015   .1573033     3.35   0.001     .2178344    .8357686
     trend_181 |   .4426381    .151914     2.91   0.004     .1442564    .7410199
     trend_182 |   .4760945   .1438573     3.31   0.001     .1935373    .7586518
     trend_183 |   .2784708   .1700045     1.64   0.102    -.0554434    .6123851
     trend_184 |   .6647497   .1489829     4.46   0.000     .3721251    .9573743
     trend_185 |   .7842077   .1674589     4.68   0.000     .4552934    1.113122
     trend_186 |   .5460459   .1759136     3.10   0.002     .2005254    .8915664
     trend_187 |   .6857735   .1647143     4.16   0.000     .3622501    1.009297
     trend_188 |   .7340835   .1646583     4.46   0.000       .41067    1.057497
     trend_189 |   .2047943   .2058726     0.99   0.320    -.1995702    .6091589
     trend_190 |    .918788   .1524093     6.03   0.000     .6194334    1.218143
     trend_191 |   .2880618   .1600199     1.80   0.072    -.0262411    .6023648
     trend_192 |   1.929959   .1621351    11.90   0.000     1.611501    2.248416
     trend_193 |   .9778522   .1511333     6.47   0.000     .6810037    1.274701
     trend_194 |   .2828504   .1692837     1.67   0.095    -.0496481    .6153488
     trend_195 |    .679559   .1581779     4.30   0.000      .368874    .9902441
     trend_196 |   1.071015   .1617135     6.62   0.000      .753385    1.388644
     trend_197 |   .7980419   .1640857     4.86   0.000      .475753    1.120331
     trend_198 |   .3873577   .1698872     2.28   0.023      .053674    .7210415
     trend_199 |   .8700699   .1513258     5.75   0.000     .5728434    1.167296
     trend_200 |   .4279269    .168442     2.54   0.011     .0970817    .7587721
     trend_201 |   .5782683    .158764     3.64   0.000      .266432    .8901046
     trend_202 |   .4505481   .1677579     2.69   0.007     .1210465    .7800497
     trend_203 |   .4947198   .1598501     3.09   0.002     .1807503    .8086894
     trend_204 |   1.659548   .1709672     9.71   0.000     1.323742    1.995353
     trend_205 |   1.277851   .1742896     7.33   0.000     .9355205    1.620182
     trend_206 |   .1049064   .1708487     0.61   0.539    -.2306659    .4404786
     trend_207 |   .7420974   .1590288     4.67   0.000     .4297411    1.054454
     trend_208 |    .188355   .1789805     1.05   0.293    -.1631895    .5398994
     trend_209 |   .2385311   .1791277     1.33   0.184    -.1133025    .5903648
     trend_210 |    .446626   .1623959     2.75   0.006     .1276562    .7655958
     trend_211 |    .691169   .1976132     3.50   0.001     .3030271    1.079311
     trend_212 |   .3454576   .2399709     1.44   0.151    -.1258812    .8167963
     trend_213 |   .3806757   .1622938     2.35   0.019     .0619064     .699445
     trend_214 |   .4891432   .1659862     2.95   0.003     .1631215    .8151648
     trend_215 |   .2397489   .2088799     1.15   0.252    -.1705225    .6500203
     trend_216 |   .3051042   .1856175     1.64   0.101    -.0594763    .6696846
     trend_217 |   .8746185   .1613485     5.42   0.000     .5577059    1.191531
     trend_218 |   .2950256   .1856461     1.59   0.113    -.0696111    .6596623
     trend_219 |   .1813851   .1614243     1.12   0.262    -.1356764    .4984466
     trend_220 |   .2754806     .16642     1.66   0.098    -.0513931    .6023543
     trend_221 |   .1929349    .185902     1.04   0.300    -.1722043    .5580742
     trend_222 |   .3972048   .1589154     2.50   0.013     .0850712    .7093384
     trend_223 |   .3284501   .1613842     2.04   0.042     .0114675    .6454328
     trend_224 |   .2902377   .1720928     1.69   0.092    -.0477782    .6282537
     trend_225 |   .6392722   .1621366     3.94   0.000     .3208117    .9577328
     trend_226 |   .5473806   .1571588     3.48   0.001     .2386972    .8560639
     trend_227 |   .4052323   .1721665     2.35   0.019     .0670717     .743393
     trend_228 |   .3088625   .1608205     1.92   0.055    -.0070129    .6247379
     trend_229 |   .3666069   .1689354     2.17   0.030     .0347925    .6984212
     trend_230 |   .2888415    .160382     1.80   0.072    -.0261727    .6038556
     trend_231 |   .6355299   .1717383     3.70   0.000     .2982103    .9728495
     trend_232 |   .2611292   .1676857     1.56   0.120    -.0682306     .590489
     trend_233 |   .2850135   .1699658     1.68   0.094    -.0488248    .6188518
     trend_234 |   .3846648   .1757184     2.19   0.029     .0395276    .7298019
     trend_235 |   .6856436   .1764145     3.89   0.000     .3391391    1.032148
     trend_236 |   .4910244   .1653937     2.97   0.003     .1661665    .8158822
     trend_237 |   .4799754   .1457983     3.29   0.001     .1936057    .7663451
     trend_238 |   .6230611   .1644469     3.79   0.000     .3000628    .9460594
     trend_239 |    .255855   .1710353     1.50   0.135    -.0800839    .5917938
     trend_240 |   .3260238   .1679618     1.94   0.053    -.0038782    .6559259
     trend_241 |   .8465223    .184345     4.59   0.000     .4844412    1.208603
     trend_242 |   .2635006   .1603544     1.64   0.101    -.0514595    .5784606
     trend_243 |   .9300515   .1524716     6.10   0.000     .6305745    1.229528
     trend_244 |   .6706266   .1710116     3.92   0.000     .3347343    1.006519
     trend_245 |   .2986894   .1757688     1.70   0.090    -.0465468    .6439255
     trend_246 |   .5241861   .1638078     3.20   0.001     .2024431     .845929
     trend_247 |   .6845382   .1541274     4.44   0.000      .381809    .9872675
     trend_248 |   .4036128   .1666803     2.42   0.016     .0762279    .7309978
     trend_249 |   .3716177   .1532618     2.42   0.016     .0705885    .6726468
     trend_250 |    .571186   .1611189     3.55   0.000     .2547244    .8876477
     trend_251 |   .7951596    .172036     4.62   0.000     .4572552    1.133064
     trend_252 |   .6581497   .1576344     4.18   0.000     .3485322    .9677672
     trend_253 |   .4007583   .1636047     2.45   0.015     .0794143    .7221023
     trend_254 |   .1050914   .1454209     0.72   0.470    -.1805369    .3907198
     trend_255 |   1.181588   .1604712     7.36   0.000     .8663987    1.496777
     trend_256 |   1.045047   .1754834     5.96   0.000     .7003713    1.389722
     trend_257 |  -3.398482   .1817139   -18.70   0.000    -3.755395   -3.041569
     trend_258 |  -.2053991   .1936561    -1.06   0.289    -.5857686    .1749703
     trend_259 |   1.611717   .1870143     8.62   0.000     1.244393    1.979041
     trend_260 |   .9346777   .5290579     1.77   0.078     -.104471    1.973826
     trend_261 |   .0262542   .1705853     0.15   0.878    -.3088007    .3613091
     trend_262 |   .1661415   .1561552     1.06   0.288    -.1405705    .4728536
     trend_263 |   .1329468   .1511977     0.88   0.380     -.164028    .4299216
     trend_264 |  -2.440936   .1535488   -15.90   0.000    -2.742529   -2.139343
     trend_265 |   .1562497   .1621507     0.96   0.336    -.1622386    .4747379
     trend_266 |  -1.006142   .1526968    -6.59   0.000    -1.306061   -.7062227
     trend_267 |  -.5732717   .2163116    -2.65   0.008      -.99814   -.1484034
     trend_268 |  -.5741459   .1988227    -2.89   0.004    -.9646634   -.1836284
     trend_269 |   .8523028   .1940467     4.39   0.000     .4711661    1.233439
     trend_270 |   .1606158   .1677915     0.96   0.339    -.1689517    .4901833
     trend_271 |  -.4406888    .172214    -2.56   0.011    -.7789428   -.1024349
     trend_272 |  -.4167992   .1572538    -2.65   0.008    -.7256691   -.1079294
     trend_273 |  -.6121813   .1885922    -3.25   0.001    -.9826046    -.241758
     trend_274 |  -.1821011   .1763701    -1.03   0.302    -.5285183    .1643162
     trend_275 |  -1.846723   .1605648   -11.50   0.000    -2.162096   -1.531349
     trend_276 |  -.6614293    .184714    -3.58   0.000    -1.024235   -.2986235
     trend_277 |   .5197768   .1639984     3.17   0.002     .1976594    .8418941
     trend_278 |   .7359383    .161512     4.56   0.000     .4187046    1.053172
     trend_279 |   .5494089   .1726235     3.18   0.002     .2103505    .8884673
     trend_280 |   .5734214   .1598119     3.59   0.000     .2595269    .8873158
     trend_281 |   .6794514   .3981409     1.71   0.088    -.1025569     1.46146
     trend_282 |   .3177096   .1619883     1.96   0.050    -.0004597    .6358788
     trend_283 |  -.6045712   .1536703    -3.93   0.000    -.9064027   -.3027397
     trend_284 |  -1.013954   .2052034    -4.94   0.000    -1.417004   -.6109035
     trend_285 |  -.2197582   .1592356    -1.38   0.168    -.5325206    .0930042
     trend_286 |   .0341547   .1484431     0.23   0.818    -.2574097    .3257192
     trend_287 |   .1511864   .1806291     0.84   0.403    -.2035961    .5059689
     trend_288 |    .519954   .2809484     1.85   0.065    -.0318706    1.071779
     trend_289 |   .1416163   .1399751     1.01   0.312    -.1333157    .4165483
     trend_290 |   .6279818   .1399503     4.49   0.000     .3530985    .9028652
     trend_291 |   .7257055   .1532398     4.74   0.000     .4247198    1.026691
     trend_292 |   .4063233   .1757069     2.31   0.021     .0612088    .7514378
     trend_293 |   .4159784   .1848852     2.25   0.025     .0528362    .7791206
     trend_294 |   1.312445    .236165     5.56   0.000     .8485813    1.776308
     trend_295 |   1.077738   .1630504     6.61   0.000     .7574824    1.397993
     trend_296 |   .9896514   .1778715     5.56   0.000     .6402852    1.339018
     trend_297 |   1.021819   .1671178     6.11   0.000     .6935742    1.350063
     trend_298 |     .39863   .1750904     2.28   0.023     .0547264    .7425337
     trend_299 |   1.488495   .1676012     8.88   0.000     1.159301    1.817689
     trend_300 |   .2014094    .163746     1.23   0.219    -.1202122     .523031
     trend_301 |   .9369609   .1638333     5.72   0.000     .6151679    1.258754
     trend_302 |  -.0602973   .1448783    -0.42   0.677    -.3448599    .2242652
     trend_303 |   .5632016   .1532208     3.68   0.000      .262253    .8641501
     trend_304 |   .4562229    .194424     2.35   0.019     .0743453    .8381006
     trend_305 |   .4932526   .1621372     3.04   0.002     .1747909    .8117144
     trend_306 |   .4479962   .1969477     2.27   0.023     .0611616    .8348309
     trend_307 |   .5240051   .1657294     3.16   0.002     .1984878    .8495225
     trend_308 |   .4519977   .1596748     2.83   0.005     .1383726    .7656229
     trend_309 |   .4306179    .194164     2.22   0.027     .0492509     .811985
     trend_310 |   .3344932   .1662962     2.01   0.045     .0078625    .6611238
     trend_311 |   .5648453   .1701702     3.32   0.001     .2306056     .899085
     trend_312 |   .3443784   .1956496     1.76   0.079    -.0399065    .7286634
     trend_313 |   .3451422   .1901902     1.81   0.070    -.0284198    .7187042
     trend_314 |   .2834203   .1626582     1.74   0.082    -.0360647    .6029053
     trend_315 |   .2904672   .1597828     1.82   0.070      -.02337    .6043044
     trend_316 |   .1548957   .2091714     0.74   0.459    -.2559482    .5657396
     trend_317 |   .2602127   .2087206     1.25   0.213    -.1497458    .6701711
     trend_318 |   .1107035   .2151982     0.51   0.607    -.3119779    .5333849
     trend_319 |   .1201316    .172498     0.70   0.486    -.2186803    .4589434
     trend_320 |  -.0068259   .2076452    -0.03   0.974    -.4146721    .4010203
     trend_321 |   .3563726   .1504953     2.37   0.018     .0607773     .651968
     trend_322 |   .1901105   .2075511     0.92   0.360     -.217551    .5977719
     trend_323 |    .065009   .1858336     0.35   0.727     -.299996     .430014
     trend_324 |   .1451032   .2088699     0.69   0.488    -.2651484    .5553548
     trend_325 |   .1132481   .1842828     0.61   0.539    -.2487108     .475207
     trend_326 |   .5627274    .184892     3.04   0.002     .1995719    .9258829
     trend_327 |   .4269967    .158241     2.70   0.007     .1161878    .7378056
     trend_328 |   .5024428    .149988     3.35   0.001     .2078439    .7970417
     trend_329 |   .3767976   .1611943     2.34   0.020     .0601879    .6934073
     trend_330 |  -.3104672   .1748877    -1.78   0.076    -.6539728    .0330383
     trend_331 |   .1522319   .1680212     0.91   0.365    -.1777868    .4822505
     trend_332 |  -1.481385   .1593174    -9.30   0.000    -1.794308   -1.168462
     trend_333 |   -.673096   .2954799    -2.28   0.023    -1.253463   -.0927293
     trend_334 |   .7743911   .1577214     4.91   0.000     .4646028    1.084179
     trend_335 |   .1295884   .1559881     0.83   0.406    -.1767955    .4359723
     trend_336 |  -5.469442   .1626923   -33.62   0.000    -5.788994    -5.14989
     trend_337 |   .9682225   .1514112     6.39   0.000     .6708283    1.265617
     trend_338 |  -1.360687   .1861582    -7.31   0.000    -1.726329   -.9950443
     trend_339 |   .6634912   .1508888     4.40   0.000      .367123    .9598594
     trend_340 |   .6702062    .147844     4.53   0.000     .3798185    .9605939
     trend_341 |   2.199988   .1614861    13.62   0.000     1.882805    2.517171
     trend_342 |   .5531854   .1616163     3.42   0.001     .2357469    .8706239
     trend_343 |   .4649458   .1540853     3.02   0.003     .1622993    .7675924
     trend_344 |  -.5868559   .1747687    -3.36   0.001    -.9301278   -.2435841
     trend_345 |          0  (omitted)
     trend_346 |   .2385133   .1488948     1.60   0.110    -.0539384    .5309649
     trend_347 |   .3614502   .1873625     1.93   0.054    -.0065576     .729458
     trend_348 |    .539947   .2474032     2.18   0.029     .0540102    1.025884
     trend_349 |   .6289789   .1514927     4.15   0.000     .3314247    .9265332
     trend_350 |   .7839693   .1513507     5.18   0.000     .4866939    1.081245
     trend_351 |   .5498868   .1719297     3.20   0.001     .2121912    .8875825
     trend_352 |   .3128064   .1556495     2.01   0.045     .0070875    .6185253
     trend_353 |   1.103803   .1569368     7.03   0.000     .7955557     1.41205
     trend_354 |   .7980653   .1982819     4.02   0.000       .40861    1.187521
     trend_355 |   5.264101   .4087188    12.88   0.000     4.461316    6.066886
     trend_356 |   1.379097   .2469955     5.58   0.000     .8939607    1.864233
     trend_357 |  -.1411463   .2485343    -0.57   0.570    -.6293048    .3470122
     trend_358 |   .7872177   .2703903     2.91   0.004     .2561307    1.318305
     trend_359 |   .9415532   .2513802     3.75   0.000     .4478049    1.435301
     trend_360 |   .5383021   .1841358     2.92   0.004      .176632    .8999722
     trend_361 |   1.064738   .2552613     4.17   0.000     .5633669    1.566109
     trend_362 |   .1529273   .2564495     0.60   0.551    -.3507778    .6566325
     trend_363 |   1.702947   .2460912     6.92   0.000     1.219588    2.186307
     trend_364 |   .4532347   .2491529     1.82   0.069    -.0361388    .9426083
     trend_365 |   .7291403   .2473217     2.95   0.003     .2433635    1.214917
     trend_366 |   .3338353     .25633     1.30   0.193    -.1696351    .8373057
     trend_367 |    1.74356   .2463183     7.08   0.000     1.259754    2.227366
     trend_368 |   -.134542   .2501739    -0.54   0.591    -.6259209    .3568369
     trend_369 |   .9246956   .2479756     3.73   0.000     .4376344    1.411757
     trend_370 |   .8282232   .2512252     3.30   0.001     .3347795    1.321667
     trend_371 |   .1730229     .25513     0.68   0.498    -.3280905    .6741362
     trend_372 |   .2194138   .2654041     0.83   0.409    -.3018794     .740707
     trend_373 |   .7139388   .2538253     2.81   0.005      .215388     1.21249
     trend_374 |     .96776   .2640179     3.67   0.000     .4491895    1.486331
     trend_375 |   .3881879    .251933     1.54   0.124    -.1066462     .883022
     trend_376 |  -.1650052   .2380355    -0.69   0.488    -.6325425    .3025321
     trend_377 |   .0610277   .2525499     0.24   0.809     -.435018    .5570735
     trend_378 |   .9398666   .2480735     3.79   0.000     .4526133     1.42712
     trend_379 |   .8928109   .2571051     3.47   0.001     .3878182    1.397804
     trend_380 |  -.5733426   .2456532    -2.33   0.020    -1.055842    -.090843
     trend_381 |   .8028148    .248648     3.23   0.001      .314433    1.291197
     trend_382 |   1.540767   .2615279     5.89   0.000     1.027087    2.054446
     trend_383 |   .6888328   .2426894     2.84   0.005     .2121545    1.165511
     trend_384 |   1.012997   .2515965     4.03   0.000     .5188239     1.50717
     trend_385 |   .0871526   .2535154     0.34   0.731    -.4107896    .5850948
     trend_386 |    .439426    .244548     1.80   0.073    -.0409027    .9197548
     trend_387 |    .914374   .2488082     3.68   0.000     .4256776     1.40307
     trend_388 |   .1174923   .1575478     0.75   0.456    -.1919551    .4269396
     trend_389 |   .0714904   .1578938     0.45   0.651    -.2386366    .3816173
     trend_390 |    .154087   .1542061     1.00   0.318    -.1487968    .4569709
     trend_391 |   .1005168   .1567266     0.64   0.522    -.2073177    .4083512
     trend_392 |   .2724528   .1518857     1.79   0.073    -.0258734    .5707789
     trend_393 |   .3460902   .1553096     2.23   0.026      .041039    .6511414
     trend_394 |   .3620749   .1560884     2.32   0.021     .0554941    .6686558
     trend_395 |   .2507808   .1529733     1.64   0.102    -.0496817    .5512432
     trend_396 |  -.2694531   .1557776    -1.73   0.084    -.5754236    .0365175
     trend_397 |   .4301503   .1690208     2.54   0.011     .0981683    .7621323
     trend_398 |   .1389638   .1514061     0.92   0.359    -.1584204    .4363479
     trend_399 |  -.4226037   .1597093    -2.65   0.008    -.7362966   -.1089108
     trend_400 |   .4474423   .1613693     2.77   0.006     .1304888    .7643957
     trend_401 |  -.0694013   .1446447    -0.48   0.632    -.3535051    .2147026
     trend_402 |    .945535   .1509657     6.26   0.000     .6490158    1.242054
     trend_403 |    1.08977   .2570539     4.24   0.000     .5848775    1.594662
     trend_404 |   .5730466   .1579339     3.63   0.000     .2628408    .8832524
     trend_405 |   .9134524   .1528489     5.98   0.000     .6132344     1.21367
     trend_406 |   .7154442   .2041901     3.50   0.000     .3143843    1.116504
     trend_407 |   1.055689   .1705445     6.19   0.000     .7207142    1.390664
     trend_408 |   .9601177   .2079201     4.62   0.000     .5517316    1.368504
     trend_409 |  -.1064286   .3789832    -0.28   0.779    -.8508081     .637951
     trend_410 |  -.0632361   .3764071    -0.17   0.867    -.8025558    .6760837
     trend_411 |   .6787787   .1645438     4.13   0.000       .35559    1.001967
     trend_412 |   .2415175   .1613237     1.50   0.135    -.0753464    .5583813
     trend_413 |   .4786767   .1626561     2.94   0.003     .1591957    .7981576
     trend_414 |   .2928924   .1663554     1.76   0.079    -.0338544    .6196391
     trend_415 |      .5644   .1727499     3.27   0.001     .2250934    .9037066
     trend_416 |   .4254376   .1695842     2.51   0.012     .0923488    .7585263
     trend_417 |   .5568223   .1637168     3.40   0.001     .2352581    .8783866
     trend_418 |   .5710268    .171331     3.33   0.001     .2345071    .9075465
     trend_419 |   .4252313   .1585887     2.68   0.008     .1137395    .7367231
     trend_420 |   .3905457   .1528849     2.55   0.011     .0902569    .6908345
     trend_421 |   .4169301   .1498356     2.78   0.006     .1226307    .7112296
     trend_422 |   .4696038   .1541762     3.05   0.002     .1667788    .7724288
     trend_423 |   .5511898   .1691698     3.26   0.001     .2189152    .8834645
     trend_424 |   .2823021   .1544624     1.83   0.068    -.0210851    .5856894
     trend_425 |   .5849711   .1908002     3.07   0.002      .210211    .9597312
     trend_426 |   .4001212   .1572512     2.54   0.011     .0912564    .7089859
     trend_427 |  -.1616538   .1681795    -0.96   0.337    -.4919835    .1686758
     trend_428 |    .524669   .1542444     3.40   0.001     .2217098    .8276281
     trend_429 |   .9068702   .1533415     5.91   0.000     .6056845    1.208056
     trend_430 |   .6197724   .2000882     3.10   0.002     .2267693    1.012776
     trend_431 |   .4120603   .1656693     2.49   0.013     .0866612    .7374595
     trend_432 |   .2516813   .1883841     1.34   0.182    -.1183332    .6216958
     trend_433 |  -.0078949   .1653238    -0.05   0.962    -.3326154    .3168257
     trend_434 |   .5936468   .1952132     3.04   0.002     .2102189    .9770748
     trend_435 |   .9408523   .1702589     5.53   0.000     .6064384    1.275266
     trend_436 |   .6569366   .2100367     3.13   0.002     .2443931     1.06948
     trend_437 |   .6587204   .1976889     3.33   0.001     .2704299    1.047011
     trend_438 |    .393762   .1688927     2.33   0.020     .0620315    .7254924
     trend_439 |  -.1044421   .1991316    -0.52   0.600    -.4955663    .2866822
     trend_440 |    .410393   .1675551     2.45   0.015     .0812898    .7394962
     trend_441 |  -.2332033   .2001986    -1.16   0.245    -.6264232    .1600165
     trend_442 |   .1230395    .200689     0.61   0.540    -.2711436    .5172227
     trend_443 |   .2385857    .199387     1.20   0.232      -.15304    .6302115
     trend_444 |  -.0394059   .1672113    -0.24   0.814    -.3678339     .289022
     trend_445 |   .2650603   1.109135     0.24   0.811    -1.913447    2.443567
     trend_446 |   1.142893   .1702228     6.71   0.000     .8085501    1.477236
     trend_447 |   .3185253   .1510171     2.11   0.035     .0219052    .6151454
     trend_448 |   .6124273   .1650877     3.71   0.000     .2881705    .9366842
     trend_449 |   .4042215   .1636459     2.47   0.014     .0827966    .7256464
     trend_450 |   .3554799   .1580121     2.25   0.025     .0451207    .6658392
     trend_451 |   .8599035   .1641803     5.24   0.000     .5374288    1.182378
     trend_452 |   .8138328   .1786923     4.55   0.000     .4628545    1.164811
     trend_453 |   .6647904   .1708205     3.89   0.000     .3292735    1.000307
     trend_454 |   .7609608   .1702575     4.47   0.000     .4265497    1.095372
     trend_455 |   .6601085   .1648606     4.00   0.000     .3362977    .9839193
     trend_456 |   .4164313   .1566003     2.66   0.008     .1088449    .7240176
     trend_457 |   .5516906   .1621234     3.40   0.001     .2332559    .8701252
     trend_458 |   .2299523   .1594236     1.44   0.150    -.0831795     .543084
     trend_459 |   1.202915   .1630545     7.38   0.000     .8826513    1.523178
     trend_460 |   .8293837   .1426916     5.81   0.000     .5491161    1.109651
     trend_461 |   .7645037   .1449779     5.27   0.000     .4797455    1.049262
     trend_462 |   .7284031   .1424974     5.11   0.000      .448517    1.008289
     trend_463 |   .7246643   .1572692     4.61   0.000     .4157642    1.033564
     trend_464 |   1.336165   .1582001     8.45   0.000     1.025436    1.646894
     trend_465 |   .9021737   .1539749     5.86   0.000      .599744    1.204603
     trend_466 |   .6258721     .14554     4.30   0.000     .3400099    .9117344
     trend_467 |   1.215899   .1446338     8.41   0.000     .9318162    1.499981
     trend_468 |   1.235951   .1576408     7.84   0.000     .9263208    1.545581
     trend_469 |   1.157031   .1461042     7.92   0.000     .8700605    1.444001
     trend_470 |   1.674355   .1452093    11.53   0.000     1.389143    1.959568
     trend_471 |   1.024328   .1507289     6.80   0.000      .728274    1.320382
     trend_472 |   1.504426   .1539652     9.77   0.000     1.202016    1.806837
     trend_473 |   .8882025   .1416071     6.27   0.000     .6100651     1.16634
     trend_474 |   1.320737    .172454     7.66   0.000     .9820115    1.659462
     trend_475 |   .4071073   .1488124     2.74   0.006     .1148176     .699397
     trend_476 |   .3894358   .1533721     2.54   0.011       .08819    .6906815
     trend_477 |   .4029754   .1511041     2.67   0.008     .1061843    .6997665
     trend_478 |   .1823284    .146529     1.24   0.214    -.1054763    .4701332
     trend_479 |   .5089932    .159045     3.20   0.001     .1966051    .8213812
     trend_480 |   .5102045   .1572507     3.24   0.001     .2013406    .8190684
     trend_481 |   .2783753   .1505431     1.85   0.065    -.0173139    .5740645
     trend_482 |    .158601   .1602521     0.99   0.323    -.1561581      .47336
     trend_483 |   .2458252   .1498782     1.64   0.102    -.0485578    .5402083
     trend_484 |   .4455353   .1621836     2.75   0.006     .1269826     .764088
     trend_485 |   .4862181   .1606481     3.03   0.003     .1706813     .801755
     trend_486 |   .1821869   .1537232     1.19   0.236    -.1197483    .4841222
     trend_487 |   .6195908   .1603964     3.86   0.000     .3045483    .9346332
     trend_488 |   .1579119   .1533388     1.03   0.304    -.1432684    .4590921
     trend_489 |   .6926672   .1596831     4.34   0.000     .3790258    1.006309
     trend_490 |   .3092833   .1584224     1.95   0.051     -.001882    .6204486
     trend_491 |   1.872367   .4838779     3.87   0.000     .9219583    2.822775
     trend_492 |   .5313804   .2298413     2.31   0.021     .0799377    .9828231
     trend_493 |  -.1075742   .2415488    -0.45   0.656    -.5820121    .3668637
     trend_494 |   .7566215   .1539369     4.92   0.000     .4542666    1.058976
     trend_495 |    1.88314   .5661603     3.33   0.001     .7711162    2.995163
     trend_496 |   1.363499   .5485578     2.49   0.013     .2860499    2.440949
     trend_497 |   1.707423   .5490431     3.11   0.002     .6290205    2.785826
     trend_498 |   .3668331   .2953597     1.24   0.215    -.2132975    .9469638
     trend_499 |   .3005446   .1593622     1.89   0.060    -.0124665    .6135557
     trend_500 |   .5916154   .2952891     2.00   0.046     .0116235    1.171607
     trend_501 |   .8145936   .1549443     5.26   0.000     .5102599    1.118927
     trend_502 |   1.059352   .5960964     1.78   0.076    -.1114703    2.230174
     trend_503 |   1.249594   .5282594     2.37   0.018     .2120134    2.287174
     trend_504 |   1.051694   .1703386     6.17   0.000     .7171234    1.386264
     trend_505 |   1.750183   .5394781     3.24   0.001      .690568    2.809799
     trend_506 |   .5067746    .158146     3.20   0.001     .1961523     .817397
     trend_507 |   .8906948   .1612146     5.52   0.000     .5740451    1.207344
     trend_508 |   .4185858   .1690695     2.48   0.014     .0865081    .7506635
     trend_509 |    .253954   .1677055     1.51   0.131    -.0754445    .5833526
     trend_510 |   .3461939   .1679903     2.06   0.040     .0162358     .676152
     trend_511 |   1.155525   .1575979     7.33   0.000     .8459796    1.465071
     trend_512 |   .8118913    .210572     3.86   0.000     .3982965    1.225486
     trend_513 |   .7504348   .1611686     4.66   0.000     .4338757    1.066994
     trend_514 |   .2344769   .1673831     1.40   0.162    -.0942885    .5632424
     trend_515 |   .2511035   .1609299     1.56   0.119    -.0649869     .567194
     trend_516 |    .772664   .1689322     4.57   0.000     .4408559    1.104472
     trend_517 |   .5909824   .1546033     3.82   0.000     .2873185    .8946463
     trend_518 |    .455664   .1588054     2.87   0.004     .1437465    .7675814
     trend_519 |   .6485008    .152336     4.26   0.000     .3492901    .9477115
     trend_520 |   .3293838   .1547739     2.13   0.034     .0253848    .6333827
     trend_521 |   .6801291   .1703314     3.99   0.000     .3455727    1.014685
     trend_522 |   .4207471    .159426     2.64   0.009     .1076107    .7338835
     trend_523 |   .5832096   .1566548     3.72   0.000     .2755162    .8909031
     trend_524 |   .6735947    .157476     4.28   0.000     .3642884     .982901
     trend_525 |   .5701792   .1543482     3.69   0.000     .2670163    .8733421
     trend_526 |   1.228324   .1610064     7.63   0.000     .9120838    1.544565
     trend_527 |   .6676152   .1563474     4.27   0.000     .3605256    .9747049
     trend_528 |   1.223981   .1630316     7.51   0.000     .9037626    1.544199
     trend_529 |   .2530802   .1586043     1.60   0.111    -.0584424    .5646028
     trend_530 |    1.00047   .2057532     4.86   0.000     .5963403      1.4046
     trend_531 |   1.396083    .196095     7.12   0.000     1.010923    1.781243
     trend_532 |   1.087013   .1607417     6.76   0.000     .7712921    1.402734
     trend_533 |   .4417669   .1596909     2.77   0.006     .1281101    .7554237
     trend_534 |   .1024058   .1612577     0.64   0.526    -.2143284    .4191399
     trend_535 |   .8953479   .1621963     5.52   0.000     .5767701    1.213926
     trend_536 |   .6098798   .1582371     3.85   0.000     .2990785     .920681
     trend_537 |   .8375037    .201352     4.16   0.000     .4420184    1.232989
     trend_538 |   .7035343   .1502433     4.68   0.000     .4084339    .9986346
     trend_539 |   .7791113   .1515131     5.14   0.000     .4815169    1.076706
     trend_540 |   .7297107   .1543681     4.73   0.000     .4265087    1.032913
     trend_541 |   .4360521    .151106     2.89   0.004     .1392575    .7328468
     trend_542 |   .4951976   .1491956     3.32   0.001     .2021552      .78824
     trend_543 |   .4645275   .1506723     3.08   0.002     .1685845    .7604704
     trend_544 |   .5405302   .1581064     3.42   0.001     .2299856    .8510748
     trend_545 |  -.3402873   .1542567    -2.21   0.028    -.6432705   -.0373041
     trend_546 |   .3991041   .1542747     2.59   0.010     .0960856    .7021226
     trend_547 |  -.1234166   .1552062    -0.80   0.427    -.4282648    .1814315
     trend_548 |   .7605879   .1510847     5.03   0.000      .463835    1.057341
     trend_549 |   .6461624   .1520762     4.25   0.000      .347462    .9448627
     trend_550 |   .4794306   .1528076     3.14   0.002     .1792937    .7795674
     trend_551 |   2.158587   .1533948    14.07   0.000     1.857296    2.459877
     trend_552 |   .6869316   .1530691     4.49   0.000      .386281    .9875821
     trend_553 |   .5362933   .1634853     3.28   0.001     .2151838    .8574027
     trend_554 |   .6131559   .1484202     4.13   0.000     .3216364    .9046753
     trend_555 |   .2969632   .1503964     1.97   0.049     .0015622    .5923642
     trend_556 |   .5351274   .1521773     3.52   0.000     .2362284    .8340263
     trend_557 |   .6526803   .1522341     4.29   0.000     .3536698    .9516909
     trend_558 |   .3017522   .1420385     2.12   0.034     .0227673    .5807371
     trend_559 |   .6953996   .1507388     4.61   0.000     .3993261    .9914732
     trend_560 |   .8816927   .1555561     5.67   0.000     .5761572    1.187228
     trend_561 |   .6719581    .153614     4.37   0.000     .3702372    .9736789
     trend_562 |   .4272831   .0411187    10.39   0.000     .3465198    .5080465
     trend_563 |    .949005   .2069767     4.59   0.000     .5424719    1.355538
     trend_564 |   .4251886   .1812067     2.35   0.019     .0692716    .7811056
     trend_565 |    .500334   .0637029     7.85   0.000     .3752121     .625456
     trend_566 |   1.161187   .2760116     4.21   0.000     .6190594    1.703315
     trend_567 |   .5294552   .1713249     3.09   0.002     .1929476    .8659627
     trend_568 |   .6748661   .0350353    19.26   0.000     .6060516    .7436807
     trend_569 |   .0632775   .1480463     0.43   0.669    -.2275076    .3540625
     trend_570 |   .9179038    .075032    12.23   0.000     .7705297    1.065278
     trend_571 |  -.0454632   .1808281    -0.25   0.802    -.4006366    .3097101
     trend_572 |   .2922387   .0834078     3.50   0.000     .1284134     .456064
     trend_573 |   .8468731    .037803    22.40   0.000     .7726224    .9211239
     trend_574 |    .606525   .0895325     6.77   0.000     .4306698    .7823803
     trend_575 |  -.0350426   .1596493    -0.22   0.826    -.3486176    .2785324
     trend_576 |   .7952127   .1915857     4.15   0.000     .4189097    1.171516
     trend_577 |          0  (omitted)
 MismoPartidoG |  -.0407268   .1585366    -0.26   0.797    -.3521164    .2706628
         _cons |  -.9723261    1.49845    -0.65   0.517    -3.915506    1.970854
--------------------------------------------------------------------------------

. 
. 
. cap log close
