-------------------------------------------------------------------------------
      name:  <unnamed>
       log:  /project/Tables/Table7.txt
  log type:  text
 opened on:  30 Apr 2025, 15:57:53
r; t=0.00 15:57:53

. 
. ** TABLE VII columns 1 and 2
. 
. areg prop Corrupt inter_privado inter_audit_privado inter_mismo_c inter_mismo
> _a inter_total_mean_c inter_total_mean_a inter_homi_mean_c inter_homi_mean_a 
> Turn_* yy_*  Auditada,  absorb(clavedelae) cluster(clave_mun)
note: Turn_4 omitted because of collinearity.
note: yy_1 omitted because of collinearity.
note: yy_2 omitted because of collinearity.
note: yy_3 omitted because of collinearity.
note: yy_11 omitted because of collinearity.

Linear regression, absorbing indicators            Number of obs     = 340,009
Absorbed variable: clavedelaescuela                No. of categories =  21,759
                                                   F(18, 576)        =       .
                                                   Prob > F          =       .
                                                   R-squared         =  0.2576
                                                   Adj R-squared     =  0.2068
                                                   Root MSE          = 11.0938

                            (Std. err. adjusted for 577 clusters in clave_mun)
------------------------------------------------------------------------------
             |               Robust
        prop | Coefficient  std. err.      t    P>|t|     [95% conf. interval]
-------------+----------------------------------------------------------------
     Corrupt |   .3275525   .2460515     1.33   0.184    -.1557151    .8108202
inter_priv~o |   .3003681   .2008968     1.50   0.135    -.0942114    .6949477
inter_audi~o |  -.4856862   .1737077    -2.80   0.005     -.826864   -.1445084
inter_mism~c |  -.1587415   .3414933    -0.46   0.642    -.8294655    .5119824
inter_mism~a |   .2626995    .238834     1.10   0.272    -.2063922    .7317911
inter_tota~c |   9.49e-11   1.15e-10     0.83   0.409    -1.31e-10    3.21e-10
inter_tota~a |  -3.65e-10   8.60e-11    -4.25   0.000    -5.34e-10   -1.96e-10
inter_homi~c |   11.87957   456.4143     0.03   0.979    -884.5596    908.3187
inter_homi~a |  -332.1674   234.4776    -1.42   0.157    -792.7027    128.3679
      Turn_1 |   2.939375   3.707632     0.79   0.428    -4.342751     10.2215
      Turn_2 |   1.757429   3.687228     0.48   0.634    -5.484622    8.999481
      Turn_3 |   1.209587   3.950601     0.31   0.760    -6.549752    8.968926
      Turn_4 |          0  (omitted)
        yy_1 |          0  (omitted)
        yy_2 |          0  (omitted)
        yy_3 |          0  (omitted)
        yy_4 |  -1.078624   .2118318    -5.09   0.000     -1.49468   -.6625667
        yy_5 |  -.6978726   .1775314    -3.93   0.000     -1.04656   -.3491848
        yy_6 |    2.90229   .2458574    11.80   0.000     2.419403    3.385176
        yy_7 |   .3407218    .122962     2.77   0.006     .0992132    .5822304
        yy_8 |   .7754324   .1207158     6.42   0.000     .5383355    1.012529
        yy_9 |  -.1784224   .1050266    -1.70   0.090    -.3847042    .0278595
       yy_10 |   2.566495      .2064    12.43   0.000     2.161107    2.971883
       yy_11 |          0  (omitted)
    Auditada |  -.0650397   .1933262    -0.34   0.737      -.44475    .3146705
       _cons |    .659512   3.699259     0.18   0.859    -6.606169    7.925193
------------------------------------------------------------------------------
r; t=6.02 15:57:59

. lincom Corrupt+inter_privado

 ( 1)  Corrupt + inter_privado = 0

------------------------------------------------------------------------------
        prop | Coefficient  Std. err.      t    P>|t|     [95% conf. interval]
-------------+----------------------------------------------------------------
         (1) |   .6279207   .2475574     2.54   0.011     .1416953    1.114146
------------------------------------------------------------------------------
r; t=0.00 15:57:59

. 
. areg prop Corrupt inter_privado inter_audit_privado inter_mismo_c inter_mismo
> _a inter_total_mean_c inter_total_mean_a inter_homi_mean_c inter_homi_mean_a 
>  grade_1 grade_2 Turn_* yy_* HOMI_CAP_MUN  total mis_tot P_* CorruptPast Alre
> ady Auditada trend* MismoPartidoG,  absorb(clavedelae) cluster(clave_mun)
note: Turn_4 omitted because of collinearity.
note: yy_1 omitted because of collinearity.
note: yy_2 omitted because of collinearity.
note: yy_3 omitted because of collinearity.
note: yy_11 omitted because of collinearity.
note: P_82 omitted because of collinearity.
note: P_L_70 omitted because of collinearity.
note: P_L_73 omitted because of collinearity.
note: trend_577 omitted because of collinearity.
note: trend_257 omitted because of collinearity
note: trend_345 omitted because of collinearity

Linear regression, absorbing indicators            Number of obs     = 340,009
Absorbed variable: clavedelaescuela                No. of categories =  21,759
                                                   F(176, 576)       =       .
                                                   Prob > F          =       .
                                                   R-squared         =  0.2760
                                                   Adj R-squared     =  0.2246
                                                   Root MSE          = 10.9687

                            (Std. err. adjusted for 577 clusters in clave_mun)
------------------------------------------------------------------------------
             |               Robust
        prop | Coefficient  std. err.      t    P>|t|     [95% conf. interval]
-------------+----------------------------------------------------------------
     Corrupt |   .4240658    .227455     1.86   0.063    -.0226765    .8708081
inter_priv~o |   .2475946   .1845927     1.34   0.180    -.1149623    .6101515
inter_audi~o |   -.512268   .1593092    -3.22   0.001    -.8251658   -.1993703
inter_mism~c |  -.3334161   .3093875    -1.08   0.282    -.9410814    .2742492
inter_mism~a |   .2788001   .2401954     1.16   0.246    -.1929655    .7505656
inter_tota~c |   2.19e-11   8.03e-11     0.27   0.785    -1.36e-10    1.80e-10
inter_tota~a |  -1.35e-10   8.18e-11    -1.65   0.099    -2.96e-10    2.55e-11
inter_homi~c |  -291.6416   418.1096    -0.70   0.486    -1112.847    529.5638
inter_homi~a |   34.05232   248.3116     0.14   0.891    -453.6542    521.7589
     grade_1 |  -2.637715   .1136413   -23.21   0.000    -2.860917   -2.414513
     grade_2 |  -.8617306   .0613801   -14.04   0.000    -.9822866   -.7411746
      Turn_1 |   1.181684   4.152653     0.28   0.776    -6.974504    9.337871
      Turn_2 |    .021785   4.134681     0.01   0.996    -8.099104    8.142674
      Turn_3 |  -.3702705   4.269335    -0.09   0.931    -8.755632    8.015091
      Turn_4 |          0  (omitted)
        yy_1 |          0  (omitted)
        yy_2 |          0  (omitted)
        yy_3 |          0  (omitted)
        yy_4 |  -1.006233   1.324546    -0.76   0.448    -3.607763    1.595297
        yy_5 |  -.6444187   1.145283    -0.56   0.574    -2.893858    1.605021
        yy_6 |   2.655506   1.002007     2.65   0.008     .6874732     4.62354
        yy_7 |   .8770774   .7969361     1.10   0.272    -.6881776    2.442332
        yy_8 |   1.228505   .6312722     1.95   0.052    -.0113708    2.468381
        yy_9 |   .0040911   .4245913     0.01   0.992    -.8298449     .838027
       yy_10 |   3.014141   .3526696     8.55   0.000     2.321465    3.706816
       yy_11 |          0  (omitted)
HOMI_CAP_MUN |  -46.97242   229.3286    -0.20   0.838    -497.3947    403.4499
       total |  -6.35e-11   1.53e-10    -0.41   0.679    -3.65e-10    2.38e-10
     mis_tot |  -.4492023   .4583802    -0.98   0.328    -1.349503    .4510981
         P_1 |   3.771466   1.457101     2.59   0.010     .9095863    6.633346
         P_2 |   .7839676   1.113748     0.70   0.482    -1.403535     2.97147
         P_3 |   4.096335   1.312083     3.12   0.002     1.519286    6.673385
         P_4 |   1.916539   1.577003     1.22   0.225    -1.180838    5.013916
         P_5 |   3.274901   1.185929     2.76   0.006     .9456282    5.604173
         P_6 |   1.865149   1.117561     1.67   0.096    -.3298432    4.060141
         P_7 |   5.309135   1.305984     4.07   0.000     2.744064    7.874206
         P_8 |   1.716177   1.157711     1.48   0.139    -.5576731    3.990027
         P_9 |   3.166044   1.134729     2.79   0.005     .9373327    5.394756
        P_10 |   2.277195    1.30092     1.75   0.081    -.2779293     4.83232
        P_11 |  -.4277287   1.486128    -0.29   0.774    -3.346619    2.491162
        P_12 |   .4196806   1.641722     0.26   0.798     -2.80481    3.644171
        P_13 |   2.810135   1.215169     2.31   0.021     .4234325    5.196838
        P_14 |   2.682871   1.412486     1.90   0.058    -.0913799    5.457122
        P_15 |   1.616849   1.136167     1.42   0.155    -.6146871    3.848384
        P_16 |   2.312046   1.201634     1.92   0.055    -.0480731    4.672165
        P_17 |   1.560233    1.30355     1.20   0.232    -1.000058    4.120524
        P_18 |   -10.7169   1.586483    -6.76   0.000    -13.83289     -7.6009
        P_19 |    1.70311   1.119122     1.52   0.129     -.494948    3.901168
        P_20 |   3.891169   1.216364     3.20   0.001     1.502121    6.280218
        P_21 |   1.488556   1.121305     1.33   0.185     -.713788      3.6909
        P_22 |   1.675577   1.129668     1.48   0.139    -.5431937    3.894348
        P_23 |   2.507957    1.19226     2.10   0.036     .1662503    4.849664
        P_24 |   3.729555    1.18042     3.16   0.002     1.411102    6.048007
        P_25 |   3.473473   1.283785     2.71   0.007     .9520018    5.994945
        P_26 |    2.65244   1.191259     2.23   0.026     .3126983    4.992182
        P_27 |   1.876213   1.122582     1.67   0.095    -.3286415    4.081067
        P_28 |   1.875127   1.202167     1.56   0.119    -.4860393    4.236293
        P_29 |   1.091011   1.210092     0.90   0.368     -1.28572    3.467742
        P_30 |   3.582394   1.209129     2.96   0.003     1.207555    5.957234
        P_31 |   2.679704   1.325514     2.02   0.044     .0762734    5.283134
        P_32 |   4.644679   1.194534     3.89   0.000     2.298505    6.990854
        P_33 |   .0746789   1.223522     0.06   0.951    -2.328429    2.477787
        P_34 |    2.86744   1.412671     2.03   0.043     .0928249    5.642056
        P_35 |   3.940006   1.320923     2.98   0.003     1.345593    6.534419
        P_36 |   3.268187   1.157547     2.82   0.005     .9946603    5.541714
        P_37 |   2.300798   1.345671     1.71   0.088    -.3422223    4.943818
        P_38 |    3.99163   1.211353     3.30   0.001     1.612423    6.370836
        P_39 |   3.485934   1.191042     2.93   0.004     1.146619    5.825249
        P_40 |   3.415322   1.169777     2.92   0.004     1.117773    5.712871
        P_41 |   2.517697   1.137806     2.21   0.027     .2829434    4.752451
        P_42 |  -6.557476   1.299148    -5.05   0.000    -9.109122    -4.00583
        P_43 |   2.170651   1.326236     1.64   0.102    -.4341977      4.7755
        P_44 |  -1.216395   1.224907    -0.99   0.321    -3.622223    1.189434
        P_45 |   2.088004   1.223712     1.71   0.088    -.3154772    4.491486
        P_46 |  -5.901277    1.33183    -4.43   0.000    -8.517113   -3.285441
        P_47 |   2.320371   1.276398     1.82   0.070    -.1865911    4.827333
        P_48 |   3.088737   1.242648     2.49   0.013     .6480635    5.529411
        P_49 |  -.7087646   1.172455    -0.60   0.546    -3.011572    1.594043
        P_50 |   3.789839   1.431614     2.65   0.008     .9780179     6.60166
        P_51 |   1.223552   1.129519     1.08   0.279    -.9949258    3.442031
        P_52 |   2.802995   1.423369     1.97   0.049     .0073683    5.598622
        P_53 |   1.565386   1.264118     1.24   0.216    -.9174568    4.048229
        P_54 |   1.073368   1.206641     0.89   0.374    -1.296586    3.443322
        P_55 |  -2.591815   1.119049    -2.32   0.021    -4.789729   -.3939012
        P_56 |  -7.427936   5.851614    -1.27   0.205    -18.92104    4.065167
        P_57 |   3.439268   1.123017     3.06   0.002      1.23356    5.644976
        P_58 |   2.059485   1.139543     1.81   0.071    -.1786798    4.297651
        P_59 |   1.840276   1.420711     1.30   0.196    -.9501299    4.630682
        P_60 |   1.893047   1.287976     1.47   0.142    -.6366548    4.422749
        P_61 |   .9773601   1.128595     0.87   0.387    -1.239303    3.194023
        P_62 |   2.171971   1.099591     1.98   0.049     .0122741    4.331669
        P_63 |   .8504084   1.167269     0.73   0.467    -1.442214    3.143031
        P_64 |   2.208211   1.316214     1.68   0.094    -.3769528    4.793375
        P_65 |   .3677276   2.498623     0.15   0.883    -4.539795    5.275251
        P_66 |   1.269231   1.118369     1.13   0.257     -.927348    3.465811
        P_67 |   2.366455    1.08084     2.19   0.029     .2435859    4.489323
        P_68 |   .6978895   1.214093     0.57   0.566      -1.6867    3.082479
        P_69 |   .2799315   1.180219     0.24   0.813    -2.038125    2.597988
        P_70 |   7.272151   3.264747     2.23   0.026     .8598905    13.68441
        P_71 |   3.202493   1.705684     1.88   0.061    -.1476248    6.552612
        P_72 |   1.885368   1.401661     1.35   0.179    -.8676222    4.638358
        P_73 |   2.716557   1.108512     2.45   0.015     .5393374    4.893776
        P_74 |   5.816547   1.175899     4.95   0.000     3.506974    8.126119
        P_75 |   3.258862   1.228311     2.65   0.008     .8463487    5.671376
        P_76 |   2.098892   1.364894     1.54   0.125     -.581884    4.779667
        P_77 |    4.51498   1.588404     2.84   0.005     1.395209     7.63475
        P_78 |   3.155676   1.440686     2.19   0.029     .3260379    5.985313
        P_79 |    7.44528   5.630003     1.32   0.187    -3.612559    18.50312
        P_80 |   2.912458   1.191543     2.44   0.015       .57216    5.252756
        P_81 |    4.62636   1.564064     2.96   0.003     1.554395    7.698325
        P_82 |          0  (omitted)
       P_L_1 |   1.312482   1.102085     1.19   0.234     -.852113    3.477077
       P_L_2 |  -1.969945    .823615    -2.39   0.017      -3.5876   -.3522903
       P_L_3 |   .2843241   .9315438     0.31   0.760    -1.545313    2.113961
       P_L_4 |   .5747139   1.189762     0.48   0.629    -1.762088    2.911516
       P_L_5 |   .5275256   1.055245     0.50   0.617    -1.545071    2.600122
       P_L_6 |    .290102   .8970614     0.32   0.747    -1.471808    2.052012
       P_L_7 |  -.4846416   1.050946    -0.46   0.645    -2.548795    1.579512
       P_L_8 |    -.30478   .8597575    -0.35   0.723    -1.993422    1.383862
       P_L_9 |   1.408347   .8907925     1.58   0.114    -.3412504    3.157945
      P_L_10 |   .6826882   1.133193     0.60   0.547    -1.543005    2.908382
      P_L_11 |  -.9482281   1.070611    -0.89   0.376    -3.051006     1.15455
      P_L_12 |   1.745654   .9278346     1.88   0.060    -.0766973    3.568006
      P_L_13 |   9.795298   .8659665    11.31   0.000     8.094462    11.49614
      P_L_14 |   -.520694   1.009914    -0.52   0.606    -2.504257    1.462869
      P_L_15 |  -1.920948   1.222332    -1.57   0.117    -4.321719    .4798234
      P_L_16 |  -2.316056    .929392    -2.49   0.013    -4.141466   -.4906451
      P_L_17 |   .8252222    .946466     0.87   0.384    -1.033723    2.684168
      P_L_18 |   1.402686   .9054302     1.55   0.122    -.3756609    3.181034
      P_L_19 |  -33.19901   2.560601   -12.97   0.000    -38.22826   -28.16975
      P_L_20 |  -1.608592   .8504576    -1.89   0.059    -3.278968    .0617839
      P_L_21 |  -1.518402   .8490533    -1.79   0.074     -3.18602    .1492157
      P_L_22 |   .2493812   .8580284     0.29   0.771    -1.435865    1.934627
      P_L_23 |   .4059555   .8013357     0.51   0.613    -1.167941    1.979852
      P_L_24 |   2.321839   1.184225     1.96   0.050    -.0040867    4.647764
      P_L_25 |   .3887508   .8602363     0.45   0.652    -1.300832    2.078333
      P_L_26 |   .3901918   .8833745     0.44   0.659    -1.344836     2.12522
      P_L_27 |  -3.460598    .835414    -4.14   0.000    -5.101427   -1.819769
      P_L_28 |   .1367095   .8179395     0.17   0.867    -1.469798    1.743217
      P_L_29 |   1.557389   1.346492     1.16   0.248    -1.087244    4.202022
      P_L_30 |   .7494921   .9027311     0.83   0.407    -1.023554    2.522538
      P_L_31 |   1.305357   .9725436     1.34   0.180    -.6048076    3.215521
      P_L_32 |     2.1949   1.217826     1.80   0.072    -.1970216    4.586821
      P_L_33 |   .2201297   .8123873     0.27   0.787    -1.375473    1.815732
      P_L_34 |   .5700065   .8074975     0.71   0.481    -1.015992    2.156005
      P_L_35 |   2.737769    4.90253     0.56   0.577    -6.891247    12.36678
      P_L_36 |  -.2444929    .874864    -0.28   0.780    -1.962805     1.47382
      P_L_37 |  -.1782889   .8495469    -0.21   0.834    -1.846876    1.490299
      P_L_38 |  -6.906882   .9380171    -7.36   0.000    -8.749233   -5.064531
      P_L_39 |  -2.856863   1.991728    -1.43   0.152    -6.768797    1.055072
      P_L_40 |   2.544846   1.003431     2.54   0.011     .5740162    4.515676
      P_L_41 |   2.119931   1.056184     2.01   0.045     .0454891    4.194373
      P_L_42 |  -6.591773   .9418068    -7.00   0.000    -8.441567   -4.741979
      P_L_43 |   2.761815   .8945132     3.09   0.002      1.00491     4.51872
      P_L_44 |   1.309928   1.025961     1.28   0.202    -.7051526    3.325009
      P_L_45 |  -1.702987   .8667262    -1.96   0.050    -3.405316   -.0006579
      P_L_46 |  -1.456833   .9770555    -1.49   0.136    -3.375858    .4621934
      P_L_47 |  -.9772702   1.200766    -0.81   0.416    -3.335685    1.381144
      P_L_48 |   2.387385   1.008981     2.37   0.018     .4056539    4.369116
      P_L_49 |   1.272758   .8544147     1.49   0.137    -.4053902    2.950906
      P_L_50 |   2.012173   1.265102     1.59   0.112     -.472603    4.496948
      P_L_51 |   3.199532   .7948105     4.03   0.000     1.638452    4.760612
      P_L_52 |   .3770841   .7816941     0.48   0.630    -1.158234    1.912403
      P_L_53 |   .8535213   1.673059     0.51   0.610     -2.43252    4.139562
      P_L_54 |  -1.456937     2.5388    -0.57   0.566    -6.443371    3.529497
      P_L_55 |  -.0323851   1.014283    -0.03   0.975    -2.024528    1.959758
      P_L_56 |  -.0948305   .7882849    -0.12   0.904    -1.643094    1.453433
      P_L_57 |   .2760353   .7716978     0.36   0.721    -1.239649     1.79172
      P_L_58 |  -.6832418   .9542265    -0.72   0.474    -2.557429    1.190946
      P_L_59 |   3.604223   .8224195     4.38   0.000     1.988916     5.21953
      P_L_60 |  -1.682196   1.146575    -1.47   0.143    -3.934173    .5697809
      P_L_61 |  -7.413427   5.811976    -1.28   0.203    -18.82868    4.001822
      P_L_62 |  -.9322199   1.061031    -0.88   0.380    -3.016182    1.151743
      P_L_63 |  -.9951389   2.052567    -0.48   0.628    -5.026568     3.03629
      P_L_64 |   3.256129   .9271737     3.51   0.000     1.435075    5.077182
      P_L_65 |  -1.929286   1.010252    -1.91   0.057    -3.913513    .0549401
      P_L_66 |   3.057329   1.243898     2.46   0.014     .6142013    5.500457
      P_L_67 |   3.017224   1.305649     2.31   0.021     .4528099    5.581638
      P_L_68 |   4.210685   1.156996     3.64   0.000     1.938239    6.483131
      P_L_69 |   -4.33521   1.810852    -2.39   0.017    -7.891888   -.7785319
      P_L_70 |          0  (omitted)
      P_L_71 |   .1946847    .866463     0.22   0.822    -1.507128    1.896497
      P_L_72 |   4.819541    1.21587     3.96   0.000      2.43146    7.207621
      P_L_73 |          0  (omitted)
 CorruptPast |   .0328066   .2222286     0.15   0.883    -.4036706    .4692837
AlreadyAud~d |  -.1891249   .2129754    -0.89   0.375     -.607428    .2291783
    Auditada |  -.1862437    .201799    -0.92   0.356    -.5825953    .2101079
     trend_1 |  -.1578958   .2628762    -0.60   0.548    -.6742085    .3584169
     trend_2 |  -.0318606   .2599958    -0.12   0.903    -.5425161    .4787948
     trend_3 |    .007891    .245004     0.03   0.974    -.4733192    .4891011
     trend_4 |   .3285297   .2609648     1.26   0.209    -.1840289    .8410884
     trend_5 |  -.0700843   .2642621    -0.27   0.791    -.5891192    .4489506
     trend_6 |   -.230978    .240631    -0.96   0.338    -.7035992    .2416432
     trend_7 |  -.3415877   .2790971    -1.22   0.221    -.8897597    .2065843
     trend_8 |  -.0533499   .2399782    -0.22   0.824    -.5246889    .4179891
     trend_9 |  -.2075275   .2660297    -0.78   0.436     -.730034     .314979
    trend_10 |   -.230053    .308533    -0.75   0.456    -.8360398    .3759339
    trend_11 |   -1.38409   .3589902    -3.86   0.000    -2.089179   -.6790005
    trend_12 |  -1.431446   .3627705    -3.95   0.000     -2.14396   -.7189317
    trend_13 |   -1.45208   .3511493    -4.14   0.000    -2.141769   -.7623907
    trend_14 |  -1.245663   .3828247    -3.25   0.001    -1.997566    -.493761
    trend_15 |  -1.768679   .3269768    -5.41   0.000    -2.410891   -1.126466
    trend_16 |   .0639507   .1980084     0.32   0.747    -.3249559    .4528573
    trend_17 |  -.1317907   .1904621    -0.69   0.489    -.5058756    .2422941
    trend_18 |  -.0933029   .1929304    -0.48   0.629    -.4722357    .2856299
    trend_19 |  -.0930425   .1953385    -0.48   0.634    -.4767051    .2906201
    trend_20 |   .2709942   .2460007     1.10   0.271    -.2121737    .7541621
    trend_21 |  -.4934105   .3082294    -1.60   0.110    -1.098801    .1119802
    trend_22 |  -.0869721   .1984422    -0.44   0.661    -.4767306    .3027864
    trend_23 |  -.3833978   .3052497    -1.26   0.210    -.9829361    .2161405
    trend_24 |  -.2230808   .3081929    -0.72   0.469    -.8283997    .3822381
    trend_25 |   .1387743   .1937528     0.72   0.474    -.2417738    .5193224
    trend_26 |   1.521267    .193375     7.87   0.000      1.14146    1.901073
    trend_27 |  -.2460963   .2976765    -0.83   0.409      -.83076    .3385675
    trend_28 |   2.118025   .1970436    10.75   0.000     1.731014    2.505037
    trend_29 |   .0818896   .3062798     0.27   0.789    -.5196719    .6834511
    trend_30 |  -.8714116   .3113329    -2.80   0.005    -1.482898   -.2599254
    trend_31 |   .8245472   .1926017     4.28   0.000     .4462598    1.202835
    trend_32 |  -.6560403   .1912687    -3.43   0.001    -1.031709   -.2803711
    trend_33 |   -.483322   .2067308    -2.34   0.020    -.8893601   -.0772838
    trend_34 |  -.3994487   .3339966    -1.20   0.232    -1.055448    .2565511
    trend_35 |   -.164203   .3102768    -0.53   0.597    -.7736148    .4452089
    trend_36 |  -1.441134   .2091229    -6.89   0.000     -1.85187   -1.030397
    trend_37 |  -.1592322   .2110193    -0.75   0.451    -.5736933     .255229
    trend_38 |  -.4572772   .2076209    -2.20   0.028    -.8650636   -.0494908
    trend_39 |   .3742005   .4549407     0.82   0.411    -.5193444    1.267745
    trend_40 |  -.3903898   .1956023    -2.00   0.046    -.7745706    -.006209
    trend_41 |  -.3353867   .1939943    -1.73   0.084    -.7164092    .0456357
    trend_42 |  -.4115964   .1973732    -2.09   0.037    -.7992554   -.0239374
    trend_43 |  -.5649006   .1952594    -2.89   0.004    -.9484079   -.1813933
    trend_44 |  -.8229253   .1976736    -4.16   0.000    -1.211174   -.4346763
    trend_45 |   .2951793   .2014108     1.47   0.143    -.1004098    .6907684
    trend_46 |  -.1275353   .1916769    -0.67   0.506    -.5040061    .2489355
    trend_47 |     .05404   .1973091     0.27   0.784     -.333493     .441573
    trend_48 |   .0933056   .1950654     0.48   0.633    -.2898205    .4764317
    trend_49 |   .0218495   .1955681     0.11   0.911    -.3622641    .4059631
    trend_50 |   .3777435   .1927876     1.96   0.051     -.000909    .7563959
    trend_51 |   .5237502   .2035565     2.57   0.010     .1239468    .9235537
    trend_52 |   .2125482   .1928719     1.10   0.271    -.1662698    .5913661
    trend_53 |  -.0719021   .1915262    -0.38   0.707     -.448077    .3042728
    trend_54 |  -.3240457   .3222768    -1.01   0.315    -.9570267    .3089353
    trend_55 |   4.317231   .4919172     8.78   0.000      3.35106    5.283401
    trend_56 |   5.872684    .407841    14.40   0.000     5.071647     6.67372
    trend_57 |   .5226585   .4511927     1.16   0.247    -.3635251    1.408842
    trend_58 |   .4821137   .1971546     2.45   0.015     .0948841    .8693432
    trend_59 |   1.288189   .1976111     6.52   0.000     .9000627    1.676315
    trend_60 |   1.328018   .1902472     6.98   0.000     .9543553    1.701681
    trend_61 |   1.061568    .426176     2.49   0.013     .2245192    1.898616
    trend_62 |   1.514532   .3206205     4.72   0.000     .8848042     2.14426
    trend_63 |   1.882581   .3701259     5.09   0.000      1.15562    2.609542
    trend_64 |   2.002749   .2234013     8.96   0.000     1.563968    2.441529
    trend_65 |   1.201524   .3459333     3.47   0.001     .5220791    1.880968
    trend_66 |    .468264   .2123004     2.21   0.028     .0512867    .8852413
    trend_67 |   2.073417   .3384546     6.13   0.000     1.408661    2.738173
    trend_68 |   1.080794   .2629238     4.11   0.000     .5643873      1.5972
    trend_69 |   1.179873   .3538187     3.33   0.001     .4849411    1.874805
    trend_70 |   .6994158   .3295129     2.12   0.034     .0522225    1.346609
    trend_71 |    1.98507   .3113633     6.38   0.000     1.373524    2.596616
    trend_72 |   1.159163   .3301903     3.51   0.000     .5106392    1.807687
    trend_73 |   1.007536   .2397443     4.20   0.000     .5366565    1.478416
    trend_74 |   2.195044   .2741138     8.01   0.000     1.656659    2.733428
    trend_75 |   .5920982   .3236374     1.83   0.068    -.0435551    1.227751
    trend_76 |   .8765893   .2231156     3.93   0.000     .4383699    1.314809
    trend_77 |   1.034808   .3455281     2.99   0.003     .3561591    1.713456
    trend_78 |   1.466233   .4036563     3.63   0.000     .6734152    2.259051
    trend_79 |   .5283641   .2512831     2.10   0.036     .0348211    1.021907
    trend_80 |   5.281773   .3886966    13.59   0.000     4.518338    6.045209
    trend_81 |   1.665171   .3647108     4.57   0.000     .9488458    2.381496
    trend_82 |   .4517521   .3477491     1.30   0.194    -.2312588    1.134763
    trend_83 |   .5186508   .3175152     1.63   0.103     -.104978     1.14228
    trend_84 |   1.347973   .3346153     4.03   0.000     .6907584    2.005188
    trend_85 |   .3627693   .3812904     0.95   0.342    -.3861197    1.111658
    trend_86 |   1.095003   .2141969     5.11   0.000     .6743003    1.515705
    trend_87 |   .9082027   .2890759     3.14   0.002     .3404313    1.475974
    trend_88 |   .7815156   .2088929     3.74   0.000     .3712309      1.1918
    trend_89 |    1.87917   .1923268     9.77   0.000     1.501423    2.256917
    trend_90 |    2.75367   .3306209     8.33   0.000       2.1043    3.403039
    trend_91 |   .6628904   .2322064     2.85   0.004     .2068158    1.118965
    trend_92 |  -.4353397   .3103941    -1.40   0.161    -1.044982    .1743026
    trend_93 |    .881623   .2307829     3.82   0.000     .4283443    1.334902
    trend_94 |  -1.315696    .220379    -5.97   0.000    -1.748541   -.8828517
    trend_95 |  -.0544853   .2604071    -0.21   0.834    -.5659487     .456978
    trend_96 |  -.4237426   .2706123    -1.57   0.118    -.9552498    .1077646
    trend_97 |  -.0236414   .2170065    -0.11   0.913    -.4498621    .4025792
    trend_98 |   .6927588    .252124     2.75   0.006     .1975643    1.187953
    trend_99 |   -.799758   .3386868    -2.36   0.019     -1.46497   -.1345464
   trend_100 |  -.8193179   .2996738    -2.73   0.006    -1.407904   -.2307313
   trend_101 |   .1778055   .2660321     0.67   0.504    -.3447058    .7003169
   trend_102 |   .5712916   .2021348     2.83   0.005     .1742805    .9683028
   trend_103 |  -.6976479   .3191436    -2.19   0.029    -1.324475   -.0708208
   trend_104 |  -.0182908   .1885883    -0.10   0.923    -.3886955    .3521138
   trend_105 |  -.1557879   .2301338    -0.68   0.499    -.6077917    .2962159
   trend_106 |  -.2470914   .1933181    -1.28   0.202    -.6267857    .1326028
   trend_107 |  -.4842981   .1904932    -2.54   0.011    -.8584441    -.110152
   trend_108 |  -.2020636   .1984407    -1.02   0.309    -.5918192     .187692
   trend_109 |   .1377602   .1912005     0.72   0.472    -.2377751    .5132955
   trend_110 |   .4991582   .1904152     2.62   0.009     .1251654     .873151
   trend_111 |   .0240992   .1986995     0.12   0.904    -.3661646    .4143631
   trend_112 |  -.5907876   .1949359    -3.03   0.003    -.9736595   -.2079157
   trend_113 |  -.2601822   .1923689    -1.35   0.177    -.6380123    .1176479
   trend_114 |  -1.117459   .1881774    -5.94   0.000    -1.487057   -.7478618
   trend_115 |  -.0685258   .2355838    -0.29   0.771    -.5312339    .3941823
   trend_116 |   .4841392   .1961952     2.47   0.014      .098794    .8694845
   trend_117 |   -1.39304   .1925385    -7.24   0.000    -1.771204   -1.014877
   trend_118 |  -.2520796   .2078584    -1.21   0.226    -.6603325    .1561732
   trend_119 |  -.6855163   .2223666    -3.08   0.002    -1.122265    -.248768
   trend_120 |  -.5468331   .1967829    -2.78   0.006    -.9333326   -.1603337
   trend_121 |   .4907688   .1943287     2.53   0.012     .1090896     .872448
   trend_122 |  -.0518657   .2217673    -0.23   0.815    -.4874369    .3837056
   trend_123 |  -.0023684   .1969386    -0.01   0.990    -.3891738     .384437
   trend_124 |   1.096259   .1889235     5.80   0.000     .7251962    1.467322
   trend_125 |  -.1323576   .1942978    -0.68   0.496    -.5139762     .249261
   trend_126 |  -.3063487   .1942221    -1.58   0.115    -.6878186    .0751212
   trend_127 |   .2344764   .1997002     1.17   0.241    -.1577529    .6267057
   trend_128 |   .8516513   .1959469     4.35   0.000     .4667937    1.236509
   trend_129 |  -.2952056   .1941258    -1.52   0.129    -.6764864    .0860751
   trend_130 |  -.0935122   .1880191    -0.50   0.619    -.4627989    .2757745
   trend_131 |   .7134185   .2959839     2.41   0.016     .1320791    1.294758
   trend_132 |   .0841751   .1973284     0.43   0.670    -.3033958     .471746
   trend_133 |    .591304   .2002512     2.95   0.003     .1979924    .9846157
   trend_134 |  -.3721417   .2046582    -1.82   0.070     -.774109    .0298256
   trend_135 |   .6693228   .1981905     3.38   0.001     .2800586    1.058587
   trend_136 |    .183712   .1981624     0.93   0.354    -.2054969    .5729209
   trend_137 |   .0242483   .2013034     0.12   0.904      -.37113    .4196266
   trend_138 |  -.0009802   .1921378    -0.01   0.996    -.3783564     .376396
   trend_139 |   .2757863   .2178579     1.27   0.206    -.1521065    .7036791
   trend_140 |  -.3280401   .2235706    -1.47   0.143    -.7671531     .111073
   trend_141 |  -.2489018   .3615387    -0.69   0.491    -.9589968    .4611932
   trend_142 |   .2616412   .1883688     1.39   0.165    -.1083322    .6316146
   trend_143 |  -.5899577   .1995857    -2.96   0.003    -.9819622   -.1979532
   trend_144 |  -.7020939   .2015077    -3.48   0.001    -1.097873   -.3063145
   trend_145 |  -.2153077   .1914364    -1.12   0.261    -.5913063    .1606909
   trend_146 |   .9593325   .3426297     2.80   0.005     .2863766    1.632288
   trend_147 |    .418356   .2347516     1.78   0.075    -.0427174    .8794294
   trend_148 |    2.67285   .2066261    12.94   0.000     2.267018    3.078683
   trend_149 |   2.056723   .2007407    10.25   0.000      1.66245    2.450996
   trend_150 |   .6990973   .2426798     2.88   0.004     .2224521    1.175743
   trend_151 |   1.911448   .1947931     9.81   0.000     1.528857     2.29404
   trend_152 |   1.613534   .2400263     6.72   0.000     1.142101    2.084968
   trend_153 |   2.165686   .2130429    10.17   0.000      1.74725    2.584121
   trend_154 |   .8974367   .2190338     4.10   0.000     .4672345    1.327639
   trend_155 |   1.552569   .2005802     7.74   0.000     1.158611    1.946526
   trend_156 |   .6066761     .20732     2.93   0.004     .1994809    1.013871
   trend_157 |   1.618508   .2220373     7.29   0.000     1.182407     2.05461
   trend_158 |   .8949162   .2213851     4.04   0.000     .4600957    1.329737
   trend_159 |  -.0895436   .2469755    -0.36   0.717    -.5746259    .3955388
   trend_160 |   .1374529   .1924662     0.71   0.475    -.2405682     .515474
   trend_161 |   -.214789    .191664    -1.12   0.263    -.5912345    .1616565
   trend_162 |   .0411811   .2184812     0.19   0.851    -.3879358     .470298
   trend_163 |   .9609188   .2525498     3.80   0.000     .4648879     1.45695
   trend_164 |   .2101533   .2037611     1.03   0.303     -.190052    .6103586
   trend_165 |   .9742871   .3857966     2.53   0.012     .2165474    1.732027
   trend_166 |   1.462324   .2249666     6.50   0.000     1.020469    1.904179
   trend_167 |   2.562477    .241951    10.59   0.000     2.087263     3.03769
   trend_168 |  -.0292373   .2065031    -0.14   0.887    -.4348283    .3763537
   trend_169 |   .7710856   .2349816     3.28   0.001     .3095602    1.232611
   trend_170 |    .639365   .2040974     3.13   0.002      .238499    1.040231
   trend_171 |   .7623093   .1927589     3.95   0.000     .3837132    1.140905
   trend_172 |   1.078422   .1896927     5.69   0.000     .7058481    1.450996
   trend_173 |   .4206826    .254138     1.66   0.098    -.0784675    .9198328
   trend_174 |  -.3661916   .1992399    -1.84   0.067     -.757517    .0251338
   trend_175 |   .3389191   .1979285     1.71   0.087    -.0498305    .7276687
   trend_176 |   1.367524   .2111079     6.48   0.000      .952889    1.782159
   trend_177 |   .3754295   .2513423     1.49   0.136    -.1182297    .8690887
   trend_178 |   5.677269   .6802968     8.35   0.000     4.341104    7.013434
   trend_179 |   2.175278   .2009669    10.82   0.000     1.780561    2.569995
   trend_180 |   .1389427   .2064866     0.67   0.501    -.2666158    .5445011
   trend_181 |   .4486532   .1937823     2.32   0.021     .0680472    .8292592
   trend_182 |   .7158392   .1862238     3.84   0.000     .3500787      1.0816
   trend_183 |  -.5957559   .2184228    -2.73   0.007    -1.024758   -.1667536
   trend_184 |   .7924124   .1896619     4.18   0.000     .4198993    1.164926
   trend_185 |   .8437633   .2342949     3.60   0.000     .3835868     1.30394
   trend_186 |  -.1905309   .3115814    -0.61   0.541    -.8025052    .4214434
   trend_187 |   .1143016   .2327825     0.49   0.624    -.3429044    .5715075
   trend_188 |   1.733255   .2175189     7.97   0.000     1.306028    2.160482
   trend_189 |   .6584491   .4429602     1.49   0.138    -.2115651    1.528463
   trend_190 |   1.120048   .2149665     5.21   0.000     .6978342    1.542262
   trend_191 |  -.2536335   .2005563    -1.26   0.207    -.6475443    .1402774
   trend_192 |   6.401095   .1994032    32.10   0.000     6.009449    6.792741
   trend_193 |     1.5503   .1926006     8.05   0.000     1.172014    1.928585
   trend_194 |  -.3593974   .2052804    -1.75   0.081    -.7625868     .043792
   trend_195 |   .0841901   .2042429     0.41   0.680    -.3169615    .4853417
   trend_196 |    .573707   .2043442     2.81   0.005     .1723563    .9750577
   trend_197 |   .9055576    .204614     4.43   0.000     .5036771    1.307438
   trend_198 |  -.2876342   .2042317    -1.41   0.160    -.6887639    .1134955
   trend_199 |   .9898708   .1996346     4.96   0.000     .5977704    1.381971
   trend_200 |   .7737769   .2047744     3.78   0.000     .3715813    1.175973
   trend_201 |    .680678   .2030798     3.35   0.001     .2818108    1.079545
   trend_202 |   .2342242   .2073339     1.13   0.259    -.1729983    .6414468
   trend_203 |  -.5009404   .2017826    -2.48   0.013    -.8972598    -.104621
   trend_204 |   1.446606   .2034666     7.11   0.000      1.04698    1.846233
   trend_205 |   1.193218   .2334442     5.11   0.000     .7347119    1.651723
   trend_206 |  -.5505279   .2697546    -2.04   0.042    -1.080351   -.0207053
   trend_207 |   .1845141   .2121919     0.87   0.385    -.2322501    .6012783
   trend_208 |  -.0405556   .2146386    -0.19   0.850    -.4621253    .3810141
   trend_209 |   .4838544   .2123546     2.28   0.023     .0667706    .9009381
   trend_210 |  -.2149868   .2027818    -1.06   0.290    -.6132687     .183295
   trend_211 |   .1145586   .2263806     0.51   0.613    -.3300735    .5591907
   trend_212 |  -.3988535   .3558444    -1.12   0.263    -1.097764    .3000573
   trend_213 |  -.4113055   .2114879    -1.94   0.052     -.826687     .004076
   trend_214 |   .4107522   .2183585     1.88   0.060    -.0181237    .8396281
   trend_215 |   .2506029   .2545707     0.98   0.325    -.2493971    .7506029
   trend_216 |  -.3320721   .2133202    -1.56   0.120    -.7510524    .0869082
   trend_217 |   1.157693   .2242739     5.16   0.000      .717199    1.598188
   trend_218 |  -.1551748    .214031    -0.73   0.469    -.5755512    .2652016
   trend_219 |   -.075351    .197242    -0.38   0.703    -.4627523    .3120503
   trend_220 |  -.0106648   .2209302    -0.05   0.962    -.4445917    .4232621
   trend_221 |   -.110617   .2132093    -0.52   0.604    -.5293795    .3081455
   trend_222 |   .2259147   .1976228     1.14   0.253    -.1622345    .6140639
   trend_223 |   .5567454    .213201     2.61   0.009     .1379993    .9754916
   trend_224 |   .2248924   .2281563     0.99   0.325    -.2232273    .6730121
   trend_225 |  -.0771671   .2117909    -0.36   0.716    -.4931438    .3388095
   trend_226 |    .279562    .213663     1.31   0.191    -.1400917    .6992156
   trend_227 |   .1298148   .2262821     0.57   0.566    -.3146238    .5742534
   trend_228 |   -.403668   .2107645    -1.92   0.056    -.8176287    .0102926
   trend_229 |  -.0110304   .2346342    -0.05   0.963    -.4718732    .4498125
   trend_230 |   .4157355   .2109981     1.97   0.049     .0013159     .830155
   trend_231 |    .102707   .2249395     0.46   0.648    -.3390947    .5445087
   trend_232 |  -.2007656   .2262602    -0.89   0.375    -.6451613    .2436301
   trend_233 |   .2332932   .2539357     0.92   0.359    -.2654597    .7320461
   trend_234 |   .1636981   .2270107     0.72   0.471    -.2821715    .6095677
   trend_235 |  -.0295784   .2242354    -0.13   0.895    -.4699972    .4108404
   trend_236 |   .2162399   .2252892     0.96   0.338    -.2262485    .6587283
   trend_237 |   .1266327   .1986273     0.64   0.524    -.2634894    .5167549
   trend_238 |   .1378458   .2131861     0.65   0.518    -.2808712    .5565627
   trend_239 |   .1492508     .23017     0.65   0.517     -.302824    .6013256
   trend_240 |  -.1834665     .22315    -0.82   0.411    -.6217534    .2548204
   trend_241 |   .3746789   .2298413     1.63   0.104    -.0767505    .8261082
   trend_242 |   1.652546   .2067038     7.99   0.000     1.246561    2.058531
   trend_243 |   .5749845   .2035222     2.83   0.005     .1752484    .9747205
   trend_244 |   1.538779   .2259356     6.81   0.000     1.095021    1.982537
   trend_245 |   .0581185   .2240454     0.26   0.795     -.381927     .498164
   trend_246 |   .1215131   .2206763     0.55   0.582    -.3119152    .5549413
   trend_247 |   .5536621   .1894564     2.92   0.004     .1815524    .9257718
   trend_248 |   .1740035    .221754     0.78   0.433    -.2615415    .6095485
   trend_249 |  -.1097621   .2058858    -0.53   0.594    -.5141404    .2946163
   trend_250 |   .3707159   .2097383     1.77   0.078    -.0412292    .7826611
   trend_251 |    .147448    .226184     0.65   0.515    -.2967981     .591694
   trend_252 |   .1294517   .2039366     0.63   0.526    -.2710983    .5300018
   trend_253 |   .1436868   .2197575     0.65   0.513    -.2879369    .5753104
   trend_254 |   .3290107   .2013726     1.63   0.103    -.0665035    .7245249
   trend_255 |   1.962978   .2078139     9.45   0.000     1.554812    2.371143
   trend_256 |   .2276704   .2353045     0.97   0.334    -.2344891    .6898299
   trend_257 |          0  (omitted)
   trend_258 |   .8753062   .2354695     3.72   0.000     .4128226     1.33779
   trend_259 |  -.2728545   .3290919    -0.83   0.407    -.9192209     .373512
   trend_260 |    4.13261   1.261793     3.28   0.001     1.654333    6.610887
   trend_261 |  -.9312135   .2353849    -3.96   0.000    -1.393531   -.4688962
   trend_262 |   1.693216   .2335882     7.25   0.000     1.234428    2.152005
   trend_263 |   3.039852   .2228416    13.64   0.000     2.602171    3.477533
   trend_264 |  -.5919069   .2284321    -2.59   0.010    -1.040568   -.1432454
   trend_265 |  -.6744745   .2485721    -2.71   0.007    -1.162693   -.1862563
   trend_266 |  -2.034597   .1960657   -10.38   0.000    -2.419687   -1.649506
   trend_267 |   7.248365   .2352019    30.82   0.000     6.786407    7.710323
   trend_268 |  -.1860264    .265675    -0.70   0.484    -.7078363    .3357835
   trend_269 |   .4568415   .2099092     2.18   0.030     .0445608    .8691222
   trend_270 |  -.1904326   .2018566    -0.94   0.346    -.5868974    .2060322
   trend_271 |  -.1042346    .223483    -0.47   0.641    -.5431756    .3347064
   trend_272 |  -.2575043   .2052544    -1.25   0.210    -.6606427    .1456341
   trend_273 |  -.1793093   .3155854    -0.57   0.570    -.7991477    .4405292
   trend_274 |   2.529117   .1950853    12.96   0.000     2.145952    2.912282
   trend_275 |  -2.787875   .4007479    -6.96   0.000    -3.574981    -2.00077
   trend_276 |   2.801711   .2240101    12.51   0.000     2.361735    3.241687
   trend_277 |  -1.309233   .2291672    -5.71   0.000    -1.759339   -.8591281
   trend_278 |   1.220345   .2695339     4.53   0.000     .6909555    1.749734
   trend_279 |   1.982261   .2528521     7.84   0.000     1.485637    2.478886
   trend_280 |   1.495517     .24116     6.20   0.000     1.021857    1.969177
   trend_281 |   2.923082   1.194684     2.45   0.015     .5766136     5.26955
   trend_282 |   1.155817   .2332743     4.95   0.000     .6976448    1.613989
   trend_283 |  -.0591209   .2000982    -0.30   0.768     -.452132    .3338901
   trend_284 |  -2.423287   .2223043   -10.90   0.000    -2.859913   -1.986661
   trend_285 |  -1.994961   .2268373    -8.79   0.000     -2.44049   -1.549432
   trend_286 |   .8362084   .1911861     4.37   0.000     .4607015    1.211715
   trend_287 |   .3169166   .2148969     1.47   0.141    -.1051606    .7389937
   trend_288 |  -.4683529   .4371854    -1.07   0.284    -1.327025    .3903192
   trend_289 |   .4509176   .1842994     2.45   0.015     .0889367    .8128985
   trend_290 |  -.2736629   .1857787    -1.47   0.141    -.6385492    .0912233
   trend_291 |   -.026833   .1940757    -0.14   0.890    -.4080153    .3543492
   trend_292 |   .5680206   .2313437     2.46   0.014     .1136406    1.022401
   trend_293 |   .1853956   .2454404     0.76   0.450    -.2966717    .6674629
   trend_294 |   1.045388   .3646745     2.87   0.004     .3291338    1.761641
   trend_295 |  -.1974061   .2164512    -0.91   0.362     -.622536    .2277238
   trend_296 |   .5838439   .2056475     2.84   0.005     .1799335    .9877543
   trend_297 |   .4788355   .2135061     2.24   0.025     .0594901    .8981809
   trend_298 |   .1500527   .2420509     0.62   0.536    -.3253573    .6254627
   trend_299 |   4.701203    .217962    21.57   0.000     4.273106      5.1293
   trend_300 |   .9452307   .2127782     4.44   0.000     .5273149    1.363146
   trend_301 |   .5690273   .2133808     2.67   0.008      .149928    .9881267
   trend_302 |   .2890652    .201463     1.43   0.152    -.1066264    .6847568
   trend_303 |   .0252944   .2078884     0.12   0.903    -.3830174    .4336062
   trend_304 |   .4510359   .2952215     1.53   0.127     -.128806    1.030878
   trend_305 |   .2259511   .2098183     1.08   0.282    -.1861512    .6380534
   trend_306 |   .7097361   .3041459     2.33   0.020     .1123658    1.307106
   trend_307 |  -.0498527    .209782    -0.24   0.812    -.4618837    .3621783
   trend_308 |   .3023899   .2091194     1.45   0.149    -.1083397    .7131195
   trend_309 |   .7380969   .2893973     2.55   0.011     .1696942      1.3065
   trend_310 |   .1551501   .2284739     0.68   0.497    -.2935934    .6038936
   trend_311 |   .3857301    .229504     1.68   0.093    -.0650365    .8364968
   trend_312 |   .4553813   .2948603     1.54   0.123    -.1237511    1.034514
   trend_313 |   .1665863   .2417399     0.69   0.491    -.3082128    .6413855
   trend_314 |  -.3270095   .2081382    -1.57   0.117    -.7358119    .0817928
   trend_315 |   .0004555   .1971982     0.00   0.998    -.3868597    .3877706
   trend_316 |   .0374026   .3251412     0.12   0.908    -.6012043    .6760095
   trend_317 |   .4217254    .315637     1.34   0.182    -.1982143    1.041665
   trend_318 |   .0430934   .3470982     0.12   0.901    -.6386391     .724826
   trend_319 |  -.1035224    .236791    -0.44   0.662    -.5686013    .3615566
   trend_320 |  -.5433458   .3174765    -1.71   0.088    -1.166899    .0802069
   trend_321 |  -.0172688   .1939912    -0.09   0.929    -.3982851    .3637476
   trend_322 |  -.2083446   .3120396    -0.67   0.505    -.8212187    .4045296
   trend_323 |   .2635909   .2713361     0.97   0.332    -.2693379    .7965197
   trend_324 |   .0242034   .3173595     0.08   0.939    -.5991195    .6475263
   trend_325 |   .1234496   .2694833     0.46   0.647    -.4058401    .6527394
   trend_326 |   .1662761   .2976321     0.56   0.577    -.4183003    .7508526
   trend_327 |  -.1503849   .2086713    -0.72   0.471    -.5602343    .2594645
   trend_328 |   .0678889   .1925316     0.35   0.725    -.3102606    .4460385
   trend_329 |  -.0395208    .204138    -0.19   0.847    -.4404663    .3614247
   trend_330 |   .7202833   .2560751     2.81   0.005     .2173285    1.223238
   trend_331 |   3.546605   .2110392    16.81   0.000     3.132105    3.961105
   trend_332 |  -.7511099   .2170724    -3.46   0.001     -1.17746     -.32476
   trend_333 |   5.377428   .9433491     5.70   0.000     3.524605    7.230252
   trend_334 |   .1848186   .2481713     0.74   0.457    -.3026124    .6722495
   trend_335 |   93.81134   .5574797   168.28   0.000      92.7164    94.90628
   trend_336 |   9.618513   .2637921    36.46   0.000     9.100401    10.13662
   trend_337 |    .547745   .1905463     2.87   0.004     .1734947    .9219953
   trend_338 |   .9913728   .2078101     4.77   0.000     .5832148    1.399531
   trend_339 |   -.256189   .2040673    -1.26   0.210    -.6569957    .1446177
   trend_340 |   .3698837   .2069139     1.79   0.074     -.036514    .7762814
   trend_341 |   .4612845   .2819218     1.64   0.102    -.0924356    1.015005
   trend_342 |   .1262185   .2435342     0.52   0.604    -.3521048    .6045417
   trend_343 |   1.841733   .4907359     3.75   0.000     .8778826    2.805582
   trend_344 |   2.701306   .1987913    13.59   0.000     2.310861     3.09175
   trend_345 |          0  (omitted)
   trend_346 |  -.1060717   .1890205    -0.56   0.575    -.4773251    .2651818
   trend_347 |   3.993598   .4115712     9.70   0.000     3.185235    4.801962
   trend_348 |   1.947519   .3937571     4.95   0.000     1.174144    2.720894
   trend_349 |  -.8649568   .4714009    -1.83   0.067    -1.790831    .0609175
   trend_350 |  -3.299764   .2747209   -12.01   0.000    -3.839341   -2.760188
   trend_351 |   1.207157   .3526034     3.42   0.001     .5146123    1.899703
   trend_352 |   2.411387   .3610745     6.68   0.000     1.702204     3.12057
   trend_353 |   1.212276   .2238812     5.41   0.000     .7725526    1.651999
   trend_354 |   6.553929   .4643699    14.11   0.000     5.641865    7.465994
   trend_355 |  -7.995335   .6072242   -13.17   0.000    -9.187979   -6.802691
   trend_356 |   .2507919   .3229136     0.78   0.438    -.3834397    .8850236
   trend_357 |  -.4634441    .260922    -1.78   0.076    -.9759186    .0490304
   trend_358 |  -.4931779   .2862873    -1.72   0.085    -1.055472    .0691164
   trend_359 |  -.1651226   .2546086    -0.65   0.517    -.6651971    .3349518
   trend_360 |  -.2511463   .3921117    -0.64   0.522    -1.021289    .5189969
   trend_361 |  -.0856423   .2671355    -0.32   0.749    -.6103207    .4390362
   trend_362 |   .3516318   .2601351     1.35   0.177    -.1592972    .8625608
   trend_363 |   1.020621   .3519083     2.90   0.004      .329441    1.711801
   trend_364 |    .232392   .3181299     0.73   0.465    -.3924442    .8572282
   trend_365 |   .6962873    .255756     2.72   0.007     .1939593    1.198615
   trend_366 |  -.3754914   .2593533    -1.45   0.148    -.8848849     .133902
   trend_367 |  -.1271121   .3160408    -0.40   0.688     -.747845    .4936207
   trend_368 |    .161534    .306442     0.53   0.598     -.440346    .7634141
   trend_369 |   .4721472   .3521236     1.34   0.180    -.2194557     1.16375
   trend_370 |   .5533939   .3139952     1.76   0.079    -.0633211    1.170109
   trend_371 |  -.4575985   .2620109    -1.75   0.081    -.9722118    .0570148
   trend_372 |  -.2901159    .304077    -0.95   0.340    -.8873508    .3071191
   trend_373 |  -.4930543   .2573374    -1.92   0.056    -.9984884    .0123798
   trend_374 |   .1969812    .357526     0.55   0.582    -.5052323    .8991947
   trend_375 |  -.3104666   .2597435    -1.20   0.232    -.8206264    .1996932
   trend_376 |  -.0151401   .2928758    -0.05   0.959    -.5903749    .5600947
   trend_377 |  -.5696223   .2567775    -2.22   0.027    -1.073957    -.065288
   trend_378 |  -.1061971   .3197432    -0.33   0.740     -.734202    .5218077
   trend_379 |  -.1161582   .3656421    -0.32   0.751    -.8343126    .6019962
   trend_380 |  -.1015673   .2867935    -0.35   0.723     -.664856    .4617213
   trend_381 |   .7101753   .3494074     2.03   0.043     .0239074    1.396443
   trend_382 |  -.3561628   .2747453    -1.30   0.195    -.8957875    .1834619
   trend_383 |   .1024227   .2849913     0.36   0.719    -.4573261    .6621715
   trend_384 |   .8221834   .3417908     2.41   0.016     .1508752    1.493492
   trend_385 |   .3534176   .2572452     1.37   0.170    -.1518354    .8586706
   trend_386 |   .6126653   .3192024     1.92   0.055    -.0142773    1.239608
   trend_387 |  -.3152334   .2597126    -1.21   0.225    -.8253325    .1948658
   trend_388 |  -.3345414   .2116907    -1.58   0.115    -.7503211    .0812383
   trend_389 |  -.1336811   .2071127    -0.65   0.519    -.5404693    .2731071
   trend_390 |  -.2657372   .1991374    -1.33   0.183    -.6568611    .1253868
   trend_391 |   .0866317   .2057532     0.42   0.674    -.3174864    .4907498
   trend_392 |   -.090407   .1949579    -0.46   0.643     -.473322     .292508
   trend_393 |   -.530547   .2025621    -2.62   0.009    -.9283975   -.1326966
   trend_394 |    .083622   .1985214     0.42   0.674    -.3062922    .4735361
   trend_395 |   .0039043   .2192658     0.02   0.986    -.4267537    .4345622
   trend_396 |  -.4667799   .2017714    -2.31   0.021    -.8630773   -.0704825
   trend_397 |  -.3430275   .2735244    -1.25   0.210    -.8802543    .1941992
   trend_398 |  -.4691117   .1960128    -2.39   0.017    -.8540986   -.0841248
   trend_399 |  -.6537476   .2154249    -3.03   0.003    -1.076862   -.2306336
   trend_400 |  -.0296439   .2297738    -0.13   0.897    -.4809406    .4216528
   trend_401 |  -.0165474   .2032748    -0.08   0.935    -.4157976    .3827029
   trend_402 |  -.2357222   .1987027    -1.19   0.236    -.6259924    .1545479
   trend_403 |   .8499165    .274319     3.10   0.002     .3111289    1.388704
   trend_404 |  -.6988792   .2401293    -2.91   0.004    -1.170515   -.2272435
   trend_405 |   .7409914   .2015501     3.68   0.000     .3451285    1.136854
   trend_406 |  -.3735719   .3167547    -1.18   0.239     -.995707    .2485632
   trend_407 |   1.843786   .2510863     7.34   0.000     1.350629    2.336942
   trend_408 |   .7189603   .2843566     2.53   0.012     .1604581    1.277463
   trend_409 |  -.3506882    .203747    -1.72   0.086    -.7508659    .0494895
   trend_410 |  -.2516674   .1970998    -1.28   0.202    -.6387894    .1354546
   trend_411 |   .7317394   .2327748     3.14   0.002     .2745485     1.18893
   trend_412 |   1.242105   .2151055     5.77   0.000     .8196183    1.664592
   trend_413 |   .4616988   .2201007     2.10   0.036      .029401    .8939966
   trend_414 |    1.75372   .2234098     7.85   0.000     1.314923    2.192518
   trend_415 |   .1010597   .2062272     0.49   0.624    -.3039893    .5061087
   trend_416 |   .1436576   .2346974     0.61   0.541    -.3173095    .6046247
   trend_417 |   .3705518   .2297737     1.61   0.107    -.0807446    .8218482
   trend_418 |   .6847267   .2380804     2.88   0.004     .2171152    1.152338
   trend_419 |   .2233469   .2138839     1.04   0.297    -.1967406    .6434344
   trend_420 |   .1630805   .2019383     0.81   0.420    -.2335447    .5597057
   trend_421 |   .4168236   .2142744     1.95   0.052    -.0040308    .8376779
   trend_422 |   .1727786   .1996359     0.87   0.387    -.2193246    .5648817
   trend_423 |   .7150644   .2347846     3.05   0.002     .2539262    1.176203
   trend_424 |    .663928   .2503584     2.65   0.008     .1722014    1.155655
   trend_425 |    .043911   .2232905     0.20   0.844    -.3946518    .4824739
   trend_426 |   .0682553   .2507583     0.27   0.786    -.4242567    .5607673
   trend_427 |   .0184039   .1926022     0.10   0.924    -.3598844    .3966921
   trend_428 |   .4309473   .2024161     2.13   0.034     .0333837     .828511
   trend_429 |   .6727807   .1894627     3.55   0.000     .3006587    1.044903
   trend_430 |   .2753744   .2477569     1.11   0.267    -.2112427    .7619914
   trend_431 |    .212326   .2255518     0.94   0.347    -.2306783    .6553304
   trend_432 |   .0183742   .2244327     0.08   0.935     -.422432    .4591805
   trend_433 |  -.2476637   .2048324    -1.21   0.227    -.6499731    .1546457
   trend_434 |   .0200573   .2622613     0.08   0.939    -.4950477    .5351623
   trend_435 |   .2857201   .2288475     1.25   0.212    -.1637571    .7351974
   trend_436 |   .1966181   .2505503     0.78   0.433    -.2954856    .6887217
   trend_437 |  -.0216986   .2540906    -0.09   0.932    -.5207557    .4773585
   trend_438 |   .0340366   .2260711     0.15   0.880    -.4099877    .4780609
   trend_439 |  -.5681223   .2436337    -2.33   0.020    -1.046641   -.0896035
   trend_440 |  -.0066693   .2289593    -0.03   0.977    -.4563663    .4430277
   trend_441 |   .0301163   .2432837     0.12   0.902    -.4477152    .5079477
   trend_442 |  -.0252976   .2504119    -0.10   0.920    -.5171293    .4665342
   trend_443 |   .2971639   .2447734     1.21   0.225    -.1835934    .7779212
   trend_444 |  -.2334073   .2327735    -1.00   0.316    -.6905957    .2237811
   trend_445 |   .8965424    .875015     1.02   0.306    -.8220667    2.615152
   trend_446 |    .760192   .2249419     3.38   0.001     .3183856    1.201998
   trend_447 |   .3348503   .1948058     1.72   0.086     -.047766    .7174667
   trend_448 |  -.0818563   .2211335    -0.37   0.711    -.5161827      .35247
   trend_449 |  -1.380254   .2184378    -6.32   0.000    -1.809286   -.9512222
   trend_450 |  -.5255507   .2163709    -2.43   0.015    -.9505229   -.1005785
   trend_451 |  -.8779994   .2218289    -3.96   0.000    -1.313692   -.4423073
   trend_452 |   .2359569   .2204344     1.07   0.285    -.1969963      .66891
   trend_453 |  -.5026175   .2271776    -2.21   0.027    -.9488149   -.0564202
   trend_454 |   -.645436   .2194963    -2.94   0.003    -1.076547   -.2143253
   trend_455 |  -.2857969   .2188253    -1.31   0.192    -.7155898    .1439959
   trend_456 |  -.6576645   .2059434    -3.19   0.001    -1.062156    -.253173
   trend_457 |  -4.042033   .2284111   -17.70   0.000    -4.490653   -3.593412
   trend_458 |   1.526104    .216145     7.06   0.000     1.101576    1.950633
   trend_459 |   .1839518   .2198563     0.84   0.403    -.2478661    .6157696
   trend_460 |   1.233382   .1909609     6.46   0.000     .8583177    1.608447
   trend_461 |   .7619532   .1919247     3.97   0.000     .3849957    1.138911
   trend_462 |   2.303481   .1926716    11.96   0.000     1.925056    2.681905
   trend_463 |    .411192   .2101378     1.96   0.051    -.0015379    .8239218
   trend_464 |   1.540406   .2046651     7.53   0.000     1.138426    1.942387
   trend_465 |   1.787127   .2242564     7.97   0.000     1.346667    2.227586
   trend_466 |    .980798   .1933436     5.07   0.000     .6010537    1.360542
   trend_467 |   1.682461   .1920386     8.76   0.000     1.305279    2.059642
   trend_468 |   2.621914   .1990277    13.17   0.000     2.231006    3.012823
   trend_469 |   .7510502   .1937246     3.88   0.000     .3705574    1.131543
   trend_470 |   1.158065   .1936978     5.98   0.000     .7776247    1.538505
   trend_471 |   1.085027   .2019553     5.37   0.000     .6883681    1.481685
   trend_472 |   3.013222   .2097607    14.37   0.000     2.601233    3.425211
   trend_473 |   2.120952   .1846631    11.49   0.000     1.758257    2.483647
   trend_474 |   .3244934    .221377     1.47   0.143    -.1103113    .7592981
   trend_475 |   .1233353     .19216     0.64   0.521    -.2540844     .500755
   trend_476 |   .1320354   .2006507     0.66   0.511    -.2620608    .5261316
   trend_477 |   .1868701   .1911877     0.98   0.329      -.18864    .5623802
   trend_478 |  -.0161821   .1914643    -0.08   0.933    -.3922353    .3598712
   trend_479 |  -.0322522   .2067472    -0.16   0.876    -.4383226    .3738181
   trend_480 |   .6107423   .2046414     2.98   0.003     .2088079    1.012677
   trend_481 |   -.350741   .1923419    -1.82   0.069    -.7285181     .027036
   trend_482 |    .025836   .2029456     0.13   0.899    -.3727678    .4244397
   trend_483 |    .075127    .192231     0.39   0.696    -.3024322    .4526863
   trend_484 |  -.2378913   .2113313    -1.13   0.261    -.6529653    .1771826
   trend_485 |   -.035027   .2027209    -0.17   0.863    -.4331893    .3631354
   trend_486 |   .1713302   .2065238     0.83   0.407    -.2343014    .5769618
   trend_487 |  -.0711934   .2087571    -0.34   0.733    -.4812114    .3388246
   trend_488 |  -.0263948   .1985803    -0.13   0.894    -.4164245     .363635
   trend_489 |   .4660168   .2067388     2.25   0.025     .0599629    .8720706
   trend_490 |  -.1373424    .202747    -0.68   0.498    -.5355561    .2608712
   trend_491 |   .0561827   .5482359     0.10   0.918    -1.020602    1.132968
   trend_492 |  -.3275429   .2954791    -1.11   0.268    -.9078907     .252805
   trend_493 |  -.3012841   .4230331    -0.71   0.477     -1.13216    .5295914
   trend_494 |  -.3549406   .1910616    -1.86   0.064     -.730203    .0203219
   trend_495 |  -1.020647   .4515321    -2.26   0.024    -1.907498   -.1337971
   trend_496 |  -1.397539   .4125652    -3.39   0.001    -2.207854   -.5872233
   trend_497 |  -1.095168   .4322318    -2.53   0.012    -1.944111   -.2462258
   trend_498 |  -1.222624   .2872583    -4.26   0.000    -1.786825   -.6584224
   trend_499 |   -1.05039   .1994791    -5.27   0.000    -1.442185   -.6585951
   trend_500 |  -.8008293   .4179285    -1.92   0.056    -1.621679    .0200203
   trend_501 |  -.4966763     .24708    -2.01   0.045     -.981964   -.0113886
   trend_502 |  -1.641844   .5417235    -3.03   0.003    -2.705838   -.5778499
   trend_503 |  -.5457061     .43505    -1.25   0.210    -1.400184    .3087716
   trend_504 |  -.1818261   .8970546    -0.20   0.839    -1.943723    1.580071
   trend_505 |   .1973416   .4002951     0.49   0.622    -.5888743    .9835575
   trend_506 |   2.847993   .1991873    14.30   0.000     2.456771    3.239215
   trend_507 |   .4703676   .1956732     2.40   0.017     .0860477    .8546875
   trend_508 |    .700637   .1886529     3.71   0.000     .3301056    1.071168
   trend_509 |  -.1305075   .1968106    -0.66   0.508    -.5170615    .2560465
   trend_510 |   .0017419   .1896926     0.01   0.993    -.3708316    .3743154
   trend_511 |   .4948373   .2033005     2.43   0.015     .0955366    .8941379
   trend_512 |    .682694   .2097118     3.26   0.001     .2708009    1.094587
   trend_513 |   .2882825   .1955307     1.47   0.141    -.0957575    .6723225
   trend_514 |   -.268404   .1889197    -1.42   0.156    -.6394594    .1026514
   trend_515 |   .8123348   .1958131     4.15   0.000     .4277401     1.19693
   trend_516 |  -.5467056    .208861    -2.62   0.009    -.9569276   -.1364835
   trend_517 |    .153015   .1969232     0.78   0.437    -.2337601    .5397901
   trend_518 |   .4989843   .1894504     2.63   0.009     .1268864    .8710822
   trend_519 |   .3202318   .1900832     1.68   0.093     -.053109    .6935725
   trend_520 |  -.0358816   .1918743    -0.19   0.852    -.4127402    .3409771
   trend_521 |   .9116929   .1988225     4.59   0.000     .5211875    1.302198
   trend_522 |   .3495954   .1984551     1.76   0.079    -.0401886    .7393794
   trend_523 |   .3956255   .1906833     2.07   0.038      .021106    .7701449
   trend_524 |   1.006945   .1894121     5.32   0.000     .6349228    1.378968
   trend_525 |   .0820097   .1896765     0.43   0.666    -.2905322    .4545516
   trend_526 |   .2019682   .2013442     1.00   0.316    -.1934902    .5974267
   trend_527 |    1.07599   .1960478     5.49   0.000     .6909344    1.461046
   trend_528 |  -.1549201   .2074505    -0.75   0.456    -.5623718    .2525315
   trend_529 |   .5955896   .2117365     2.81   0.005     .1797199    1.011459
   trend_530 |   1.070337   .2050997     5.22   0.000     .6675026    1.473172
   trend_531 |   1.328673   .2094349     6.34   0.000     .9173238    1.740022
   trend_532 |   .2207363   .1978557     1.12   0.265    -.1678702    .6093429
   trend_533 |   .2298979   .1963533     1.17   0.242    -.1557578    .6155537
   trend_534 |    .154521   .2001735     0.77   0.440     -.238638      .54768
   trend_535 |  -.0691023   .1968587    -0.35   0.726    -.4557508    .3175461
   trend_536 |    .458433   .2010083     2.28   0.023     .0636343    .8532316
   trend_537 |   .2168875   .1994138     1.09   0.277    -.1747794    .6085544
   trend_538 |  -.0677783   .1881917    -0.36   0.719     -.437404    .3018474
   trend_539 |   -.099952   .1906973    -0.52   0.600    -.4744989    .2745949
   trend_540 |  -.1508607   .2010462    -0.75   0.453    -.5457337    .2440123
   trend_541 |  -.0917376    .191341    -0.48   0.632    -.4675487    .2840735
   trend_542 |  -.2256609   .1880877    -1.20   0.231    -.5950823    .1437606
   trend_543 |   .9204787   .5895536     1.56   0.119    -.2374583    2.078416
   trend_544 |  -.1445212   .2080916    -0.69   0.488    -.5532321    .2641896
   trend_545 |  -.2228394   .1976692    -1.13   0.260    -.6110797    .1654009
   trend_546 |  -.1908296   .1978348    -0.96   0.335    -.5793951     .197736
   trend_547 |  -1.150038   .2072373    -5.55   0.000    -1.557071   -.7430046
   trend_548 |  -.0530152   .1889484    -0.28   0.779    -.4241271    .3180967
   trend_549 |  -.0061975    .197753    -0.03   0.975    -.3946024    .3822073
   trend_550 |  -.2088464   .2011943    -1.04   0.300    -.6040103    .1863176
   trend_551 |  -.6535576   .1969217    -3.32   0.001     -1.04033   -.2667854
   trend_552 |   .1273049    .199088     0.64   0.523     -.263722    .5183319
   trend_553 |   .0648191   .2161305     0.30   0.764    -.3596808    .4893191
   trend_554 |  -.9530282   .1876571    -5.08   0.000    -1.321604   -.5844526
   trend_555 |  -.3522194   .1924577    -1.83   0.068    -.7302239    .0257851
   trend_556 |  -.1042954   .1941554    -0.54   0.591    -.4856342    .2770434
   trend_557 |   .0201564   .1933824     0.10   0.917    -.3596641     .399977
   trend_558 |   -.703612   .1863316    -3.78   0.000    -1.069584   -.3376398
   trend_559 |    .002278   .1945682     0.01   0.991    -.3798716    .3844276
   trend_560 |   .4913842   .2029705     2.42   0.016     .0927317    .8900368
   trend_561 |   .5093819   .3006037     1.69   0.091    -.0810311    1.099795
   trend_562 |   .1792864   .0442713     4.05   0.000     .0923336    .2662393
   trend_563 |   .6240152    .274302     2.27   0.023      .085261    1.162769
   trend_564 |   .6056667   .2419083     2.50   0.013     .1305368    1.080797
   trend_565 |   .6152879   .0671325     9.17   0.000     .4834336    .7471423
   trend_566 |    .625131   .0756721     8.26   0.000     .4765041    .7737579
   trend_567 |   .1159967   .3793411     0.31   0.760    -.6290637    .8610571
   trend_568 |   .1155788   .0541015     2.14   0.033     .0093186     .221839
   trend_569 |   .0648961   .1965717     0.33   0.741    -.3211886    .4509809
   trend_570 |   1.093047   .0977899    11.18   0.000     .9009784    1.285115
   trend_571 |   .4253457   .2387872     1.78   0.075    -.0436541    .8943455
   trend_572 |   .9652839   .0767732    12.57   0.000     .8144943    1.116073
   trend_573 |   .0582215   .0511762     1.14   0.256    -.0422932    .1587362
   trend_574 |   .4831598   .0891049     5.42   0.000     .3081497    .6581699
   trend_575 |   -.003569   .3046147    -0.01   0.991    -.6018599    .5947219
   trend_576 |   1.392908   .2449716     5.69   0.000     .9117617    1.874055
   trend_577 |          0  (omitted)
MismoParti~G |   .0265093   .2239622     0.12   0.906    -.4133729    .4663915
       _cons |  -.0933601   4.459187    -0.02   0.983    -8.851608    8.664888
------------------------------------------------------------------------------
r; t=191.52 16:01:10

. lincom Corrupt+inter_privado

 ( 1)  Corrupt + inter_privado = 0

------------------------------------------------------------------------------
        prop | Coefficient  Std. err.      t    P>|t|     [95% conf. interval]
-------------+----------------------------------------------------------------
         (1) |   .6716604   .2399173     2.80   0.005     .2004409     1.14288
------------------------------------------------------------------------------
r; t=0.01 16:01:10

. 
. 
. *** RULE OUT GRADE INFLATION
. ** TABLE VII columns 3 and 4
. 
. areg prop Corrupt inter_ele inter_ele_a eleccion MismoPartidoG    inter_total
> _mean_c inter_total_mean_a Auditada yy_* if MismoPartidoS==1 ,  absorb(claved
> elae) cluster(clave_mun)
note: yy_1 omitted because of collinearity.
note: yy_2 omitted because of collinearity.
note: yy_3 omitted because of collinearity.
note: yy_11 omitted because of collinearity.

Linear regression, absorbing indicators            Number of obs     = 181,685
Absorbed variable: clavedelaescuela                No. of categories =  18,407
                                                   F(13, 499)        =       .
                                                   Prob > F          =       .
                                                   R-squared         =  0.3156
                                                   Adj R-squared     =  0.2384
                                                   Root MSE          = 10.1900

                            (Std. err. adjusted for 500 clusters in clave_mun)
------------------------------------------------------------------------------
             |               Robust
        prop | Coefficient  std. err.      t    P>|t|     [95% conf. interval]
-------------+----------------------------------------------------------------
     Corrupt |   .3770751   .2290148     1.65   0.100    -.0728771    .8270273
   inter_ele |  -.2375794   .4817498    -0.49   0.622    -1.184087    .7089287
 inter_ele_a |   .4337575    .429824     1.01   0.313    -.4107303    1.278245
    eleccion |  -.1568599   .1211653    -1.29   0.196    -.3949169    .0811972
MismoParti~G |   .2622814   .1442163     1.82   0.070    -.0210645    .5456274
inter_tota~c |   1.67e-10   7.77e-11     2.15   0.032     1.43e-11    3.20e-10
inter_tota~a |  -3.14e-10   8.28e-11    -3.79   0.000    -4.77e-10   -1.51e-10
    Auditada |  -.0222983   .1766362    -0.13   0.900    -.3693406    .3247439
        yy_1 |          0  (omitted)
        yy_2 |          0  (omitted)
        yy_3 |          0  (omitted)
        yy_4 |  -.4152269   .3424011    -1.21   0.226    -1.087952    .2574986
        yy_5 |  -.1203084   .2624661    -0.46   0.647    -.6359832    .3953664
        yy_6 |   3.385847   .3407394     9.94   0.000     2.716386    4.055308
        yy_7 |   .4654827   .2049107     2.27   0.024     .0628886    .8680768
        yy_8 |   .8765749   .1940962     4.52   0.000     .4952284    1.257922
        yy_9 |  -.1674899   .1781027    -0.94   0.347    -.5174136    .1824338
       yy_10 |   2.021948   .2127869     9.50   0.000     1.603879    2.440016
       yy_11 |          0  (omitted)
       _cons |   2.853378   .1618583    17.63   0.000      2.53537    3.171386
------------------------------------------------------------------------------
r; t=3.70 16:01:14

. lincom Corrupt+inter_ele

 ( 1)  Corrupt + inter_ele = 0

------------------------------------------------------------------------------
        prop | Coefficient  Std. err.      t    P>|t|     [95% conf. interval]
-------------+----------------------------------------------------------------
         (1) |   .1394958   .4287231     0.33   0.745    -.7028292    .9818207
------------------------------------------------------------------------------
r; t=0.00 16:01:14

. 
. areg prop Corrupt inter_ele inter_ele_a eleccion MismoPartidoG    inter_total
> _mean_c inter_total_mean_a Already CorruptPast Auditada grade_1 grade_2 Turn_
> * yy_* total  HOMI_CAP_MUN inter_homi_mean_c inter_homi_mean_a mis_tot P_* tr
> end* if MismoPartidoS==1,  absorb(clavedelae) cluster(clave_mun)
note: Turn_4 omitted because of collinearity.
note: yy_1 omitted because of collinearity.
note: yy_2 omitted because of collinearity.
note: yy_3 omitted because of collinearity.
note: yy_11 omitted because of collinearity.
note: P_5 omitted because of collinearity.
note: P_11 omitted because of collinearity.
note: P_33 omitted because of collinearity.
note: P_46 omitted because of collinearity.
note: P_49 omitted because of collinearity.
note: P_55 omitted because of collinearity.
note: P_57 omitted because of collinearity.
note: P_63 omitted because of collinearity.
note: P_65 omitted because of collinearity.
note: P_69 omitted because of collinearity.
note: P_70 omitted because of collinearity.
note: P_74 omitted because of collinearity.
note: P_79 omitted because of collinearity.
note: P_82 omitted because of collinearity.
note: P_L_1 omitted because of collinearity.
note: P_L_3 omitted because of collinearity.
note: P_L_4 omitted because of collinearity.
note: P_L_5 omitted because of collinearity.
note: P_L_9 omitted because of collinearity.
note: P_L_11 omitted because of collinearity.
note: P_L_19 omitted because of collinearity.
note: P_L_23 omitted because of collinearity.
note: P_L_25 omitted because of collinearity.
note: P_L_26 omitted because of collinearity.
note: P_L_27 omitted because of collinearity.
note: P_L_29 omitted because of collinearity.
note: P_L_30 omitted because of collinearity.
note: P_L_31 omitted because of collinearity.
note: P_L_33 omitted because of collinearity.
note: P_L_36 omitted because of collinearity.
note: P_L_38 omitted because of collinearity.
note: P_L_42 omitted because of collinearity.
note: P_L_43 omitted because of collinearity.
note: P_L_46 omitted because of collinearity.
note: P_L_48 omitted because of collinearity.
note: P_L_53 omitted because of collinearity.
note: P_L_54 omitted because of collinearity.
note: P_L_55 omitted because of collinearity.
note: P_L_59 omitted because of collinearity.
note: P_L_60 omitted because of collinearity.
note: P_L_61 omitted because of collinearity.
note: P_L_62 omitted because of collinearity.
note: P_L_66 omitted because of collinearity.
note: P_L_67 omitted because of collinearity.
note: P_L_69 omitted because of collinearity.
note: P_L_70 omitted because of collinearity.
note: P_L_71 omitted because of collinearity.
note: P_L_72 omitted because of collinearity.
note: P_L_73 omitted because of collinearity.
note: trend_20 omitted because of collinearity.
note: trend_51 omitted because of collinearity.
note: trend_54 omitted because of collinearity.
note: trend_55 omitted because of collinearity.
note: trend_56 omitted because of collinearity.
note: trend_57 omitted because of collinearity.
note: trend_58 omitted because of collinearity.
note: trend_59 omitted because of collinearity.
note: trend_60 omitted because of collinearity.
note: trend_62 omitted because of collinearity.
note: trend_64 omitted because of collinearity.
note: trend_65 omitted because of collinearity.
note: trend_67 omitted because of collinearity.
note: trend_71 omitted because of collinearity.
note: trend_72 omitted because of collinearity.
note: trend_73 omitted because of collinearity.
note: trend_74 omitted because of collinearity.
note: trend_75 omitted because of collinearity.
note: trend_76 omitted because of collinearity.
note: trend_78 omitted because of collinearity.
note: trend_79 omitted because of collinearity.
note: trend_80 omitted because of collinearity.
note: trend_81 omitted because of collinearity.
note: trend_82 omitted because of collinearity.
note: trend_83 omitted because of collinearity.
note: trend_84 omitted because of collinearity.
note: trend_85 omitted because of collinearity.
note: trend_86 omitted because of collinearity.
note: trend_90 omitted because of collinearity.
note: trend_102 omitted because of collinearity.
note: trend_153 omitted because of collinearity.
note: trend_155 omitted because of collinearity.
note: trend_157 omitted because of collinearity.
note: trend_168 omitted because of collinearity.
note: trend_176 omitted because of collinearity.
note: trend_178 omitted because of collinearity.
note: trend_186 omitted because of collinearity.
note: trend_190 omitted because of collinearity.
note: trend_211 omitted because of collinearity.
note: trend_247 omitted because of collinearity.
note: trend_262 omitted because of collinearity.
note: trend_285 omitted because of collinearity.
note: trend_294 omitted because of collinearity.
note: trend_295 omitted because of collinearity.
note: trend_298 omitted because of collinearity.
note: trend_299 omitted because of collinearity.
note: trend_301 omitted because of collinearity.
note: trend_303 omitted because of collinearity.
note: trend_321 omitted because of collinearity.
note: trend_328 omitted because of collinearity.
note: trend_331 omitted because of collinearity.
note: trend_332 omitted because of collinearity.
note: trend_333 omitted because of collinearity.
note: trend_335 omitted because of collinearity.
note: trend_337 omitted because of collinearity.
note: trend_339 omitted because of collinearity.
note: trend_340 omitted because of collinearity.
note: trend_342 omitted because of collinearity.
note: trend_343 omitted because of collinearity.
note: trend_348 omitted because of collinearity.
note: trend_349 omitted because of collinearity.
note: trend_350 omitted because of collinearity.
note: trend_351 omitted because of collinearity.
note: trend_352 omitted because of collinearity.
note: trend_355 omitted because of collinearity.
note: trend_379 omitted because of collinearity.
note: trend_389 omitted because of collinearity.
note: trend_391 omitted because of collinearity.
note: trend_394 omitted because of collinearity.
note: trend_400 omitted because of collinearity.
note: trend_401 omitted because of collinearity.
note: trend_413 omitted because of collinearity.
note: trend_416 omitted because of collinearity.
note: trend_418 omitted because of collinearity.
note: trend_421 omitted because of collinearity.
note: trend_424 omitted because of collinearity.
note: trend_425 omitted because of collinearity.
note: trend_429 omitted because of collinearity.
note: trend_439 omitted because of collinearity.
note: trend_443 omitted because of collinearity.
note: trend_445 omitted because of collinearity.
note: trend_494 omitted because of collinearity.
note: trend_536 omitted because of collinearity.
note: trend_563 omitted because of collinearity.
note: trend_567 omitted because of collinearity.
note: trend_577 omitted because of collinearity.
note: P_7 omitted because of collinearity
note: P_12 omitted because of collinearity
note: P_L_2 omitted because of collinearity
note: P_L_13 omitted because of collinearity
note: P_L_15 omitted because of collinearity
note: P_L_39 omitted because of collinearity
note: P_L_40 omitted because of collinearity
note: P_L_41 omitted because of collinearity
note: P_L_45 omitted because of collinearity
note: P_L_47 omitted because of collinearity
note: trend_7 omitted because of collinearity
note: trend_66 omitted because of collinearity
note: trend_70 omitted because of collinearity
note: trend_207 omitted because of collinearity
note: trend_213 omitted because of collinearity
note: trend_217 omitted because of collinearity
note: trend_257 omitted because of collinearity
note: trend_334 omitted because of collinearity
note: trend_345 omitted because of collinearity
note: trend_357 omitted because of collinearity
note: trend_362 omitted because of collinearity
note: trend_374 omitted because of collinearity
note: trend_387 omitted because of collinearity
note: trend_432 omitted because of collinearity
note: trend_441 omitted because of collinearity
note: trend_444 omitted because of collinearity
note: trend_461 omitted because of collinearity
note: trend_466 omitted because of collinearity
note: trend_467 omitted because of collinearity
note: trend_468 omitted because of collinearity
note: trend_469 omitted because of collinearity
note: trend_491 omitted because of collinearity
note: trend_492 omitted because of collinearity
note: trend_493 omitted because of collinearity
note: trend_496 omitted because of collinearity
note: trend_500 omitted because of collinearity
note: trend_501 omitted because of collinearity
note: trend_503 omitted because of collinearity
note: trend_505 omitted because of collinearity
note: trend_528 omitted because of collinearity
note: trend_538 omitted because of collinearity
note: trend_546 omitted because of collinearity
note: trend_554 omitted because of collinearity
note: trend_566 omitted because of collinearity
note: trend_572 omitted because of collinearity
note: trend_574 omitted because of collinearity

Linear regression, absorbing indicators            Number of obs     = 181,678
Absorbed variable: clavedelaescuela                No. of categories =  18,407
                                                   F(104, 499)       =       .
                                                   Prob > F          =       .
                                                   R-squared         =  0.3340
                                                   Adj R-squared     =  0.2563
                                                   Root MSE          = 10.0699

                            (Std. err. adjusted for 500 clusters in clave_mun)
------------------------------------------------------------------------------
             |               Robust
        prop | Coefficient  std. err.      t    P>|t|     [95% conf. interval]
-------------+----------------------------------------------------------------
     Corrupt |   .4224147   .2547936     1.66   0.098    -.0781858    .9230152
   inter_ele |  -.1218774   .4856591    -0.25   0.802    -1.076066    .8323114
 inter_ele_a |  -.0865922   .2474901    -0.35   0.727    -.5728432    .3996589
    eleccion |   .3384051   .1728579     1.96   0.051    -.0012139    .6780241
MismoParti~G |  -.0635954   .3076256    -0.21   0.836    -.6679965    .5408056
inter_tota~c |  -1.69e-11   9.98e-11    -0.17   0.865    -2.13e-10    1.79e-10
inter_tota~a |  -8.94e-11   8.32e-11    -1.07   0.283    -2.53e-10    7.40e-11
AlreadyAud~d |  -.3269191   .3460424    -0.94   0.345    -1.006799    .3529606
 CorruptPast |   .3164428   .3739135     0.85   0.398    -.4181961    1.051082
    Auditada |  -.0041389   .1477997    -0.03   0.978    -.2945253    .2862475
     grade_1 |  -2.489917   .1311309   -18.99   0.000    -2.747554    -2.23228
     grade_2 |  -.8682482   .0884446    -9.82   0.000    -1.042018   -.6944784
      Turn_1 |  -1.299277   2.927072    -0.44   0.657    -7.050181    4.451627
      Turn_2 |  -2.377402   2.935738    -0.81   0.418    -8.145332    3.390528
      Turn_3 |  -3.930634   2.425312    -1.62   0.106    -8.695715    .8344481
      Turn_4 |          0  (omitted)
        yy_1 |          0  (omitted)
        yy_2 |          0  (omitted)
        yy_3 |          0  (omitted)
        yy_4 |  -6.933582   3.408922    -2.03   0.042    -13.63119    -.235973
        yy_5 |  -5.662417   2.930468    -1.93   0.054    -11.41999    .0951596
        yy_6 |  -1.433257    2.45296    -0.58   0.559    -6.252659    3.386145
        yy_7 |  -2.709928   1.952437    -1.39   0.166    -6.545937    1.126082
        yy_8 |  -1.603129   1.498432    -1.07   0.285    -4.547142    1.340885
        yy_9 |  -2.019637   1.002331    -2.01   0.044    -3.988946   -.0503291
       yy_10 |   .8267476   .5793864     1.43   0.154    -.3115898    1.965085
       yy_11 |          0  (omitted)
       total |   1.31e-10   2.77e-10     0.47   0.637    -4.13e-10    6.74e-10
HOMI_CAP_MUN |  -691.5712   470.9806    -1.47   0.143     -1616.92    233.7782
inter_homi~c |   11.11709   843.7216     0.01   0.989    -1646.568    1668.802
inter_homi~a |   183.4347   433.2137     0.42   0.672     -667.713    1034.582
     mis_tot |  -1.220035   .6189159    -1.97   0.049    -2.436037   -.0040327
         P_1 |   3.645453   2.421339     1.51   0.133    -1.111822    8.402728
         P_2 |   2.126332   2.641761     0.80   0.421    -3.064014    7.316678
         P_3 |   6.805642   3.346482     2.03   0.043     .2307107    13.38057
         P_4 |   6.697695   3.140171     2.13   0.033      .528108    12.86728
         P_5 |          0  (omitted)
         P_6 |   2.202703   2.379742     0.93   0.355    -2.472846    6.878252
         P_7 |          0  (omitted)
         P_8 |  -1.968529   2.464477    -0.80   0.425    -6.810559    2.873501
         P_9 |   3.609695   2.456101     1.47   0.142    -1.215879    8.435268
        P_10 |   .6877863   2.478895     0.28   0.782    -4.182571    5.558143
        P_11 |          0  (omitted)
        P_12 |          0  (omitted)
        P_13 |   1.899467   2.728516     0.70   0.487    -3.461328    7.260263
        P_14 |   2.375037   2.484688     0.96   0.340    -2.506703    7.256777
        P_15 |   3.294643   2.406204     1.37   0.172    -1.432896    8.022182
        P_16 |   .2753794   2.514383     0.11   0.913    -4.664703    5.215462
        P_17 |   2.057873    2.37144     0.87   0.386    -2.601365    6.717112
        P_18 |  -2.440783   2.769358    -0.88   0.379    -7.881822    3.000256
        P_19 |   2.164865   2.384701     0.91   0.364    -2.520427    6.850157
        P_20 |   .5259476   2.656719     0.20   0.843    -4.693786    5.745681
        P_21 |   2.183588   2.414796     0.90   0.366    -2.560832    6.928008
        P_22 |   2.137894    2.53507     0.84   0.399    -2.842832     7.11862
        P_23 |   2.387757   2.611352     0.91   0.361    -2.742843    7.518357
        P_24 |   3.770798   2.361925     1.60   0.111    -.8697454     8.41134
        P_25 |   3.761309   2.538052     1.48   0.139    -1.225277    8.747895
        P_26 |   4.448274   2.397313     1.86   0.064    -.2617976    9.158345
        P_27 |   2.675649   2.395813     1.12   0.265    -2.031475    7.382773
        P_28 |   4.490864   2.819276     1.59   0.112    -1.048251    10.02998
        P_29 |  -.7563719   2.340462    -0.32   0.747    -5.354747    3.842003
        P_30 |   3.312874   2.426646     1.37   0.173    -1.454829    8.080576
        P_31 |   8.111779   2.688204     3.02   0.003     2.830184    13.39337
        P_32 |   2.773753   2.524771     1.10   0.272    -2.186739    7.734245
        P_33 |          0  (omitted)
        P_34 |   1.607854   2.550823     0.63   0.529    -3.403823     6.61953
        P_35 |   4.939114   2.747334     1.80   0.073    -.4586532    10.33688
        P_36 |   3.365267    2.40352     1.40   0.162       -1.357    8.087534
        P_37 |   6.212916   3.002778     2.07   0.039     .3132687    12.11256
        P_38 |   3.204424   2.960423     1.08   0.280    -2.612007    9.020855
        P_39 |   3.263771   2.826803     1.15   0.249    -2.290131    8.817674
        P_40 |   1.838976   2.886456     0.64   0.524    -3.832128     7.51008
        P_41 |   2.881983   2.382572     1.21   0.227    -1.799126    7.563093
        P_42 |  -3.573937   2.544942    -1.40   0.161    -8.574058    1.426185
        P_43 |   10.49823   3.013302     3.48   0.001     4.577908    16.41855
        P_44 |   10.41045   3.004688     3.46   0.001     4.507052    16.31385
        P_45 |   15.68251   3.011847     5.21   0.000     9.765046    21.59997
        P_46 |          0  (omitted)
        P_47 |    .258264   2.437021     0.11   0.916    -4.529823    5.046351
        P_48 |    4.77868   2.765444     1.73   0.085    -.6546696    10.21203
        P_49 |          0  (omitted)
        P_50 |   19.58426   2.573518     7.61   0.000       14.528    24.64053
        P_51 |   2.940211   2.529441     1.16   0.246    -2.029456    7.909877
        P_52 |    4.86409   3.237528     1.50   0.134    -1.496776    11.22496
        P_53 |   .7788115   2.501606     0.31   0.756    -4.136168    5.693791
        P_54 |   4.669817   3.781499     1.23   0.217    -2.759804    12.09944
        P_55 |          0  (omitted)
        P_56 |  -8.362849   3.325942    -2.51   0.012    -14.89742   -1.828274
        P_57 |          0  (omitted)
        P_58 |   2.117308   2.382347     0.89   0.375     -2.56336    6.797976
        P_59 |   2.370533   2.618933     0.91   0.366    -2.774961    7.516027
        P_60 |   3.327209   2.534722     1.31   0.190    -1.652833    8.307251
        P_61 |   1.488906   2.436742     0.61   0.541    -3.298632    6.276444
        P_62 |   2.859246   2.361983     1.21   0.227    -1.781413    7.499904
        P_63 |          0  (omitted)
        P_64 |   1.298407    2.51453     0.52   0.606    -3.641963    6.238778
        P_65 |          0  (omitted)
        P_66 |   3.001677   2.519997     1.19   0.234    -1.949435    7.952789
        P_67 |   2.325608   2.321014     1.00   0.317    -2.234558    6.885773
        P_68 |   .3525517   2.605964     0.14   0.892    -4.767462    5.472566
        P_69 |          0  (omitted)
        P_70 |          0  (omitted)
        P_71 |   2.388002   2.765119     0.86   0.388     -3.04471    7.820713
        P_72 |   2.284589   2.439673     0.94   0.350    -2.508709    7.077886
        P_73 |   2.927407   2.329673     1.26   0.209     -1.64977    7.504584
        P_74 |          0  (omitted)
        P_75 |  -10.22913   3.155981    -3.24   0.001    -16.42978    -4.02848
        P_76 |  -8.332695   4.547405    -1.83   0.067    -17.26711    .6017258
        P_77 |   4.366354    2.75248     1.59   0.113    -1.041525    9.774233
        P_78 |   12.36454   2.718982     4.55   0.000     7.022473     17.7066
        P_79 |          0  (omitted)
        P_80 |   3.523441    2.44165     1.44   0.150     -1.27374    8.320622
        P_81 |   3.210874   3.149892     1.02   0.309    -2.977813     9.39956
        P_82 |          0  (omitted)
       P_L_1 |          0  (omitted)
       P_L_2 |          0  (omitted)
       P_L_3 |          0  (omitted)
       P_L_4 |          0  (omitted)
       P_L_5 |          0  (omitted)
       P_L_6 |   .3521951   1.370449     0.26   0.797    -2.340365    3.044756
       P_L_7 |  -5.276215   1.106326    -4.77   0.000    -7.449846   -3.102584
       P_L_8 |  -.5898232   1.815467    -0.32   0.745    -4.156725    2.977078
       P_L_9 |          0  (omitted)
      P_L_10 |   .5382105   .5731973     0.94   0.348     -.587967    1.664388
      P_L_11 |          0  (omitted)
      P_L_12 |   .6060053   1.177115     0.51   0.607    -1.706707    2.918718
      P_L_13 |          0  (omitted)
      P_L_14 |  -.2799995   1.149434    -0.24   0.808    -2.538326    1.978327
      P_L_15 |          0  (omitted)
      P_L_16 |   .4377502   1.427015     0.31   0.759    -2.365949    3.241449
      P_L_17 |  -.0656824   .6991277    -0.09   0.925    -1.439279    1.307914
      P_L_18 |   .3054049   .7641098     0.40   0.690    -1.195864    1.806674
      P_L_19 |          0  (omitted)
      P_L_20 |  -1.358558   1.266746    -1.07   0.284    -3.847372    1.130256
      P_L_21 |   -3.40136   1.551388    -2.19   0.029    -6.449418   -.3533019
      P_L_22 |  -.0096273   .7747867    -0.01   0.990    -1.531873    1.512619
      P_L_23 |          0  (omitted)
      P_L_24 |   2.593609   2.090285     1.24   0.215    -1.513236    6.700454
      P_L_25 |          0  (omitted)
      P_L_26 |          0  (omitted)
      P_L_27 |          0  (omitted)
      P_L_28 |  -.3254045   .8516982    -0.38   0.703    -1.998761    1.347952
      P_L_29 |          0  (omitted)
      P_L_30 |          0  (omitted)
      P_L_31 |          0  (omitted)
      P_L_32 |   .5819092   1.249289     0.47   0.642    -1.872605    3.036423
      P_L_33 |          0  (omitted)
      P_L_34 |   -.259552   1.240861    -0.21   0.834    -2.697508    2.178404
      P_L_35 |  -3.261277   6.092508    -0.54   0.593    -15.23141    8.708853
      P_L_36 |          0  (omitted)
      P_L_37 |  -.3099898   .7130338    -0.43   0.664    -1.710908    1.090929
      P_L_38 |          0  (omitted)
      P_L_39 |          0  (omitted)
      P_L_40 |          0  (omitted)
      P_L_41 |          0  (omitted)
      P_L_42 |          0  (omitted)
      P_L_43 |          0  (omitted)
      P_L_44 |  -22.56578   6.395097    -3.53   0.000    -35.13041   -10.00114
      P_L_45 |          0  (omitted)
      P_L_46 |          0  (omitted)
      P_L_47 |          0  (omitted)
      P_L_48 |          0  (omitted)
      P_L_49 |    1.07447   .8581358     1.25   0.211    -.6115344    2.760475
      P_L_50 |   .2611339   1.588085     0.16   0.869    -2.859024    3.381291
      P_L_51 |   2.198123   1.237417     1.78   0.076    -.2330655    4.629312
      P_L_52 |   -.544613   1.068785    -0.51   0.611    -2.644486     1.55526
      P_L_53 |          0  (omitted)
      P_L_54 |          0  (omitted)
      P_L_55 |          0  (omitted)
      P_L_56 |   .7861992   1.449274     0.54   0.588    -2.061233    3.633631
      P_L_57 |   .1246758   .6815567     0.18   0.855    -1.214399     1.46375
      P_L_58 |  -2.680883   1.337647    -2.00   0.046    -5.308997   -.0527684
      P_L_59 |          0  (omitted)
      P_L_60 |          0  (omitted)
      P_L_61 |          0  (omitted)
      P_L_62 |          0  (omitted)
      P_L_63 |  -6.772404   1.379869    -4.91   0.000    -9.483473   -4.061335
      P_L_64 |   3.177424   1.130446     2.81   0.005     .9564045    5.398444
      P_L_65 |   .0838404   1.147146     0.07   0.942     -2.16999    2.337671
      P_L_66 |          0  (omitted)
      P_L_67 |          0  (omitted)
      P_L_68 |   4.637433   2.238093     2.07   0.039     .2401851    9.034681
      P_L_69 |          0  (omitted)
      P_L_70 |          0  (omitted)
      P_L_71 |          0  (omitted)
      P_L_72 |          0  (omitted)
      P_L_73 |          0  (omitted)
     trend_1 |  -1.087362   .4994133    -2.18   0.030    -2.068574   -.1061499
     trend_2 |   -1.10318   .5102368    -2.16   0.031    -2.105657   -.1007028
     trend_3 |  -.5231248   .5089534    -1.03   0.305    -1.523081    .4768309
     trend_4 |   -.531995    .521814    -1.02   0.308    -1.557218    .4932282
     trend_5 |  -.9310032   .5061575    -1.84   0.066    -1.925466    .0634594
     trend_6 |  -1.030287   .5052637    -2.04   0.042    -2.022993   -.0375802
     trend_7 |          0  (omitted)
     trend_8 |  -.8413467   .5104342    -1.65   0.100    -1.844212    .1615185
     trend_9 |  -1.053282   .5439687    -1.94   0.053    -2.122034    .0154689
    trend_10 |   -1.22977   .5206281    -2.36   0.019    -2.252664    -.206877
    trend_11 |  -1.651374   .6326395    -2.61   0.009     -2.89434   -.4084088
    trend_12 |  -1.781002   .6014928    -2.96   0.003    -2.962772   -.5992313
    trend_13 |  -2.017508   .6559049    -3.08   0.002    -3.306184   -.7288327
    trend_14 |   -2.09954   .6801436    -3.09   0.002    -3.435838   -.7632415
    trend_15 |  -1.878775   .6089903    -3.09   0.002    -3.075276   -.6822737
    trend_16 |  -.0978233   .4975999    -0.20   0.844    -1.075472    .8798258
    trend_17 |  -2.348251   .5249966    -4.47   0.000    -3.379728   -1.316775
    trend_18 |   -.702985   .4926255    -1.43   0.154    -1.670861    .2648908
    trend_19 |  -1.287114    .483583    -2.66   0.008    -2.237223    -.337004
    trend_20 |          0  (omitted)
    trend_21 |  -1.637919   .8195275    -2.00   0.046    -3.248069   -.0277691
    trend_22 |   -.767394   .5110459    -1.50   0.134    -1.771461    .2366728
    trend_23 |  -.8542003   1.620565    -0.53   0.598    -4.038172    2.329771
    trend_24 |  -1.375122    .831178    -1.65   0.099    -3.008161    .2579182
    trend_25 |  -1.133023   .6028348    -1.88   0.061     -2.31743    .0513844
    trend_26 |   .6117143   .5748856     1.06   0.288    -.5177804    1.741209
    trend_27 |   -.940213   .6585645    -1.43   0.154    -2.234114     .353688
    trend_28 |  -.2944072   .5069517    -0.58   0.562     -1.29043    .7016156
    trend_29 |  -9.952971   1.491678    -6.67   0.000    -12.88372   -7.022227
    trend_30 |  -1.838088   .6599384    -2.79   0.006    -3.134688   -.5414875
    trend_31 |   2.996308   .6172318     4.85   0.000     1.783615    4.209002
    trend_32 |  -1.130504   .4942984    -2.29   0.023    -2.101667   -.1593416
    trend_33 |  -1.310999   .5407943    -2.42   0.016    -2.373514    -.248485
    trend_34 |  -.8042835    .643198    -1.25   0.212    -2.067994    .4594264
    trend_35 |   -1.19573   .6580379    -1.82   0.070    -2.488596    .0971364
    trend_36 |  -2.260437   .5360653    -4.22   0.000     -3.31366   -1.207213
    trend_37 |  -1.015144   .5413149    -1.88   0.061    -2.078682     .048393
    trend_38 |  -2.543105   .5752797    -4.42   0.000    -3.673374   -1.412836
    trend_39 |   .7966009   .6525381     1.22   0.223    -.4854599    2.078662
    trend_40 |  -1.103679   .4888344    -2.26   0.024    -2.064107   -.1432519
    trend_41 |  -1.134692    .488523    -2.32   0.021    -2.094508   -.1748766
    trend_42 |  -.2716273   .7304432    -0.37   0.710    -1.706751    1.163496
    trend_43 |  -.1428973   1.104942    -0.13   0.897     -2.31381    2.028015
    trend_44 |  -1.658501   .5019698    -3.30   0.001    -2.644736   -.6722667
    trend_45 |   .6486054   .5842173     1.11   0.267    -.4992234    1.796434
    trend_46 |  -.8956166   .5008086    -1.79   0.074     -1.87957    .0883368
    trend_47 |  -.6575254   .5029937    -1.31   0.192    -1.645772    .3307211
    trend_48 |  -.5957018   .4858024    -1.23   0.221    -1.550172    .3587685
    trend_49 |  -.6466559   .4905282    -1.32   0.188    -1.610411    .3170993
    trend_50 |  -.0079514   .5051854    -0.02   0.987    -1.000504    .9846012
    trend_51 |          0  (omitted)
    trend_52 |   .5401961   .5178106     1.04   0.297    -.4771615    1.557554
    trend_53 |  -2.616199   .5524826    -4.74   0.000    -3.701677    -1.53072
    trend_54 |          0  (omitted)
    trend_55 |          0  (omitted)
    trend_56 |          0  (omitted)
    trend_57 |          0  (omitted)
    trend_58 |          0  (omitted)
    trend_59 |          0  (omitted)
    trend_60 |          0  (omitted)
    trend_61 |   1.275463   .4549534     2.80   0.005     .3816026    2.169323
    trend_62 |          0  (omitted)
    trend_63 |  -.2099552   .4302338    -0.49   0.626    -1.055248    .6353379
    trend_64 |          0  (omitted)
    trend_65 |          0  (omitted)
    trend_66 |          0  (omitted)
    trend_67 |          0  (omitted)
    trend_68 |  -2.525914   .8524239    -2.96   0.003    -4.200696   -.8511319
    trend_69 |   -5.65325   .9179321    -6.16   0.000    -7.456738   -3.849761
    trend_70 |          0  (omitted)
    trend_71 |          0  (omitted)
    trend_72 |          0  (omitted)
    trend_73 |          0  (omitted)
    trend_74 |          0  (omitted)
    trend_75 |          0  (omitted)
    trend_76 |          0  (omitted)
    trend_77 |  -3.145108   1.596033    -1.97   0.049     -6.28088   -.0093358
    trend_78 |          0  (omitted)
    trend_79 |          0  (omitted)
    trend_80 |          0  (omitted)
    trend_81 |          0  (omitted)
    trend_82 |          0  (omitted)
    trend_83 |          0  (omitted)
    trend_84 |          0  (omitted)
    trend_85 |          0  (omitted)
    trend_86 |          0  (omitted)
    trend_87 |   .7360987   1.094786     0.67   0.502     -1.41486    2.887057
    trend_88 |   5.547265   1.325708     4.18   0.000     2.942608    8.151922
    trend_89 |    7.99545   .7651684    10.45   0.000     6.492101    9.498799
    trend_90 |          0  (omitted)
    trend_91 |   1.325975   .5431283     2.44   0.015     .2588747    2.393075
    trend_92 |  -.9907747   .6963368    -1.42   0.155    -2.358888    .3773387
    trend_93 |   .4690835   .5426411     0.86   0.388    -.5970595    1.535226
    trend_94 |  -2.513421   .5415528    -4.64   0.000    -3.577425   -1.449416
    trend_95 |  -.1957763   .5873257    -0.33   0.739    -1.349712    .9581598
    trend_96 |  -1.205683   .6373744    -1.89   0.059    -2.457951     .046585
    trend_97 |  -.9181019   .5424544    -1.69   0.091    -1.983878    .1476743
    trend_98 |   -.416621   .5861894    -0.71   0.478    -1.568325    .7350825
    trend_99 |  -1.199854   .7693407    -1.56   0.119      -2.7114    .3116925
   trend_100 |  -1.298142   .6617659    -1.96   0.050    -2.598333    .0020489
   trend_101 |  -.5550463   .7099012    -0.78   0.435     -1.94981    .8397175
   trend_102 |          0  (omitted)
   trend_103 |  -1.376551   .7055243    -1.95   0.052    -2.762716    .0096128
   trend_104 |  -.8011968     .48447    -1.65   0.099    -1.753049    .1506556
   trend_105 |   -1.08429   .5731474    -1.89   0.059    -2.210369    .0417899
   trend_106 |  -1.075177   .4821862    -2.23   0.026    -2.022543   -.1278119
   trend_107 |    -1.2973   .4873902    -2.66   0.008     -2.25489   -.3397099
   trend_108 |  -1.888613   .5918751    -3.19   0.002    -3.051487   -.7257381
   trend_109 |  -.6981076   .4866661    -1.43   0.152    -1.654275    .2580597
   trend_110 |  -.1756952   .4836514    -0.36   0.717    -1.125939    .7745489
   trend_111 |  -.8351923   .4866739    -1.72   0.087    -1.791375    .1209903
   trend_112 |  -1.004197    .488372    -2.06   0.040    -1.963716   -.0446781
   trend_113 |  -1.268641   .5047001    -2.51   0.012     -2.26024   -.2770417
   trend_114 |  -1.770403   .4960007    -3.57   0.000     -2.74491   -.7958962
   trend_115 |  -.7607785   .5876285    -1.29   0.196    -1.915309    .3937524
   trend_116 |  -.4493889   .4855372    -0.93   0.355    -1.403338    .5045603
   trend_117 |   -2.26447   .4813839    -4.70   0.000    -3.210259   -1.318681
   trend_118 |  -.6101317   .5364686    -1.14   0.256    -1.664147    .4438839
   trend_119 |  -1.341759   .6201892    -2.16   0.031    -2.560263   -.1232554
   trend_120 |  -.5905051   .5564417    -1.06   0.289    -1.683762    .5027523
   trend_121 |   5.743223   .5289894    10.86   0.000     4.703902    6.782544
   trend_122 |  -1.076967   .6048216    -1.78   0.076    -2.265278    .1113438
   trend_123 |  -.8360126   .4847808    -1.72   0.085    -1.788476    .1164505
   trend_124 |   .1576203   .4887995     0.32   0.747    -.8027385    1.117979
   trend_125 |  -.2598347    .500827    -0.52   0.604    -1.243824    .7241547
   trend_126 |  -1.082347   .4953148    -2.19   0.029    -2.055506   -.1091871
   trend_127 |  -.5735885   .4974959    -1.15   0.249    -1.551033    .4038564
   trend_128 |   .1217923   .4889215     0.25   0.803     -.838806    1.082391
   trend_129 |  -1.158233    .486771    -2.38   0.018    -2.114606   -.2018597
   trend_130 |  -.7929606   .5233646    -1.52   0.130     -1.82123    .2353091
   trend_131 |  -.5088746   .6724175    -0.76   0.450    -1.829993    .8122439
   trend_132 |  -.7584051   .4952149    -1.53   0.126    -1.731368    .2145581
   trend_133 |  -.3177764   .4977886    -0.64   0.524    -1.295796    .6602435
   trend_134 |  -1.228333   .5098762    -2.41   0.016    -2.230102   -.2265646
   trend_135 |   .0339135   .5092416     0.07   0.947    -.9666085    1.034435
   trend_136 |  -1.033867   .5080487    -2.03   0.042    -2.032045   -.0356886
   trend_137 |    -.66093    .500985    -1.32   0.188     -1.64523      .32337
   trend_138 |  -.8684596   .4895365    -1.77   0.077    -1.830266    .0933472
   trend_139 |  -.5116807   .5155352    -0.99   0.321    -1.524568    .5012065
   trend_140 |  -.5451899   .6054055    -0.90   0.368    -1.734648    .6442682
   trend_141 |   .2638173   .5229283     0.50   0.614    -.7635953     1.29123
   trend_142 |  -.4023794   .4818015    -0.84   0.404    -1.348989      .54423
   trend_143 |  -1.364899   .7459693    -1.83   0.068    -2.830527    .1007289
   trend_144 |  -1.538262   .5035381    -3.05   0.002    -2.527578   -.5489461
   trend_145 |   .8826542   .8034709     1.10   0.272    -.6959487    2.461257
   trend_146 |  -1.296686   .6873856    -1.89   0.060    -2.647213    .0538405
   trend_147 |  -.0390382   .4384873    -0.09   0.929     -.900547    .8224706
   trend_148 |   1.875809   .4510917     4.16   0.000     .9895361    2.762082
   trend_149 |   2.457527    .437552     5.62   0.000     1.597856    3.317199
   trend_150 |   .2495533   .6028664     0.41   0.679    -.9349159    1.434023
   trend_151 |  -1.204583   .6661398    -1.81   0.071    -2.513368    .1042014
   trend_152 |  -.8289524   .7715931    -1.07   0.283    -2.344924    .6870193
   trend_153 |          0  (omitted)
   trend_154 |   .1273485   .5811807     0.22   0.827    -1.014514    1.269211
   trend_155 |          0  (omitted)
   trend_156 |   -1.42695   .4681667    -3.05   0.002    -2.346771   -.5071292
   trend_157 |          0  (omitted)
   trend_158 |   .8234048   .5290939     1.56   0.120    -.2161216    1.862931
   trend_159 |   .6173542   .4321339     1.43   0.154    -.2316719     1.46638
   trend_160 |  -.8568831    .428284    -2.00   0.046    -1.698345    -.015421
   trend_161 |  -1.491284   .4916778    -3.03   0.003    -2.457298   -.5252705
   trend_162 |  -1.164381   .5261585    -2.21   0.027     -2.19814   -.1306218
   trend_163 |  -2.536812   .6580897    -3.85   0.000     -3.82978   -1.243844
   trend_164 |    1.22851   .4308222     2.85   0.005     .3820605    2.074959
   trend_165 |   1.801557   .4370366     4.12   0.000     .9428985    2.660216
   trend_166 |  -.2682233   .5803376    -0.46   0.644     -1.40843    .8719831
   trend_167 |  -3.311712   .5250172    -6.31   0.000    -4.343229   -2.280195
   trend_168 |          0  (omitted)
   trend_169 |   1.341098   .6399474     2.10   0.037     .0837747    2.598422
   trend_170 |    1.22974   .5735656     2.14   0.033     .1028387    2.356641
   trend_171 |   2.010665    .519488     3.87   0.000     .9900115    3.031318
   trend_172 |   1.620242   .4397678     3.68   0.000     .7562171    2.484266
   trend_173 |   2.342305    .484446     4.84   0.000       1.3905     3.29411
   trend_174 |  -.3921011   .4326128    -0.91   0.365    -1.242068     .457866
   trend_175 |  -7.208532   .5218476   -13.81   0.000    -8.233822   -6.183243
   trend_176 |          0  (omitted)
   trend_177 |  -.5038694    .542256    -0.93   0.353    -1.569256    .5615169
   trend_178 |          0  (omitted)
   trend_179 |   4.196846   .5655718     7.42   0.000      3.08565    5.308041
   trend_180 |  -.2433663   .5278923    -0.46   0.645    -1.280532    .7937992
   trend_181 |   5.628404   .5940481     9.47   0.000      4.46126    6.795548
   trend_182 |   .1498606   .4860422     0.31   0.758    -.8050808    1.104802
   trend_183 |   -1.30796   .5230313    -2.50   0.013    -2.335575   -.2803448
   trend_184 |   .0326464   .4874823     0.07   0.947    -.9251245    .9904173
   trend_185 |   .7735842   .7179918     1.08   0.282    -.6370753    2.184244
   trend_186 |          0  (omitted)
   trend_187 |  -.4526853   .5290293    -0.86   0.393    -1.492085    .5867142
   trend_188 |   .5994985   .5322114     1.13   0.261    -.4461529     1.64515
   trend_189 |   1.679882   .5770022     2.91   0.004     .5462288    2.813535
   trend_190 |          0  (omitted)
   trend_191 |  -1.015255   .4671557    -2.17   0.030    -1.933089   -.0974203
   trend_192 |  -.9969632   .5747865    -1.73   0.083    -2.126263    .1323367
   trend_193 |   1.065515    .486363     2.19   0.029     .1099437    2.021087
   trend_194 |  -1.107218   .5103649    -2.17   0.031    -2.109947   -.1044889
   trend_195 |  -.7472123   .5109107    -1.46   0.144    -1.751013    .2565889
   trend_196 |  -2.994291   .5777352    -5.18   0.000    -4.129384   -1.859197
   trend_197 |    .188626   .4667414     0.40   0.686    -.7283945    1.105646
   trend_198 |  -1.021238    .510522    -2.00   0.046    -2.024276   -.0182003
   trend_199 |    .293905   .4846204     0.61   0.544     -.658243    1.246053
   trend_200 |   .1265046   .5221271     0.24   0.809    -.8993339    1.152343
   trend_201 |  -.6503277   .5131872    -1.27   0.206    -1.658602    .3579462
   trend_202 |  -.2097473   .5265665    -0.40   0.691    -1.244308    .8248134
   trend_203 |  -1.149754   .4678076    -2.46   0.014    -2.068869   -.2306387
   trend_204 |  -1.308949   .5776704    -2.27   0.024    -2.443915    -.173983
   trend_205 |   .3365406   .5713043     0.59   0.556    -.7859177    1.458999
   trend_206 |  -1.052412   .6538088    -1.61   0.108    -2.336969    .2321453
   trend_207 |          0  (omitted)
   trend_208 |  -1.038848   .5328013    -1.95   0.052    -2.085659    .0079621
   trend_209 |  -.4522343   .5289309    -0.85   0.393     -1.49144    .5869718
   trend_210 |  -1.165977   .5110149    -2.28   0.023    -2.169983   -.1619712
   trend_211 |          0  (omitted)
   trend_212 |  -.8745298   .5137275    -1.70   0.089    -1.883865    .1348058
   trend_213 |          0  (omitted)
   trend_214 |  -.8901933   .5090204    -1.75   0.081    -1.890281    .1098941
   trend_215 |   -.821069   .5276323    -1.56   0.120    -1.857724    .2155856
   trend_216 |  -1.374809    .568572    -2.42   0.016    -2.491899   -.2577184
   trend_217 |          0  (omitted)
   trend_218 |  -1.118408   .5674551    -1.97   0.049    -2.233303   -.0035121
   trend_219 |   -.465693   .4880195    -0.95   0.340    -1.424519    .4931331
   trend_220 |    -.90943   .4998963    -1.82   0.069    -1.891591    .0727309
   trend_221 |  -1.185581   .5507496    -2.15   0.032    -2.267655   -.1035075
   trend_222 |   1.825375   .5254202     3.47   0.001     .7930663    2.857683
   trend_223 |  -.3121485   .5344956    -0.58   0.559    -1.362288    .7379907
   trend_224 |  -.5706151   .5624207    -1.01   0.311     -1.67562    .5343893
   trend_225 |  -2.149762   .6247464    -3.44   0.001     -3.37722   -.9223044
   trend_226 |  -.8279062   .8131117    -1.02   0.309    -2.425451    .7696384
   trend_227 |  -.6205721   .5623484    -1.10   0.270    -1.725435    .4842903
   trend_228 |   -1.08166   .5956676    -1.82   0.070    -2.251986    .0886654
   trend_229 |  -.8419172   .5590281    -1.51   0.133    -1.940256    .2564218
   trend_230 |  -.1001581   .5466161    -0.18   0.855    -1.174111    .9737946
   trend_231 |  -.6464603    .561486    -1.15   0.250    -1.749628    .4567077
   trend_232 |  -.8223736   .5389415    -1.53   0.128    -1.881248    .2365007
   trend_233 |  -.6946045   .5688554    -1.22   0.223    -1.812251    .4230424
   trend_234 |  -.6196257   .5639993    -1.10   0.272    -1.727732    .4884803
   trend_235 |  -.5817432   .5568716    -1.04   0.297    -1.675845    .5123588
   trend_236 |  -.7964839   .7295187    -1.09   0.275    -2.229791     .636823
   trend_237 |  -.0484754   1.044654    -0.05   0.963    -2.100938    2.003987
   trend_238 |  -.4659819    .565894    -0.82   0.411    -1.577811    .6458466
   trend_239 |  -.5567446    .559162    -1.00   0.320    -1.655347    .5418574
   trend_240 |  -.8370168   .5313902    -1.58   0.116    -1.881055    .2070212
   trend_241 |   -.414762   .5659416    -0.73   0.464    -1.526684    .6971602
   trend_242 |   .1956106   .5343561     0.37   0.714    -.8542546    1.245476
   trend_243 |   .0507013   .5662352     0.09   0.929    -1.061798      1.1632
   trend_244 |   .8269285   .5638783     1.47   0.143    -.2809398    1.934797
   trend_245 |  -.7353943   .5581651    -1.32   0.188    -1.832038     .361249
   trend_246 |  -.8369569   .6668058    -1.26   0.210     -2.14705     .473136
   trend_247 |          0  (omitted)
   trend_248 |   .2101502   .7554799     0.28   0.781    -1.274163    1.694464
   trend_249 |  -.2075958   .6276359    -0.33   0.741     -1.44073    1.025539
   trend_250 |   -.582425   .5496095    -1.06   0.290    -1.662259    .4974089
   trend_251 |    -.60108   .5618668    -1.07   0.285    -1.704996    .5028362
   trend_252 |  -.2361974   .5513609    -0.43   0.669    -1.319472    .8470776
   trend_253 |   -.867801   .6250433    -1.39   0.166    -2.095842    .3602401
   trend_254 |  -.8956885   .6363355    -1.41   0.160    -2.145915    .3545385
   trend_255 |  -1.023343   .7148389    -1.43   0.153    -2.427808    .3811217
   trend_256 |   -.616238   .5603401    -1.10   0.272    -1.717155    .4846787
   trend_257 |          0  (omitted)
   trend_258 |   1.644729   .5541085     2.97   0.003     .5560558    2.733402
   trend_259 |  -3.096558   .9676145    -3.20   0.001    -4.997659   -1.195458
   trend_260 |   2.009363   .5083474     3.95   0.000     1.010598    3.008128
   trend_261 |  -2.491703   .5748641    -4.33   0.000    -3.621155    -1.36225
   trend_262 |          0  (omitted)
   trend_263 |   5.254339   .4519128    11.63   0.000     4.366452    6.142225
   trend_264 |  -.7965648   .4532714    -1.76   0.079     -1.68712    .0939909
   trend_265 |  -.6504404    .703424    -0.92   0.356    -2.032478    .7315975
   trend_266 |  -9.868179   .5754423   -17.15   0.000    -10.99877    -8.73759
   trend_267 |   .7442186   .5768454     1.29   0.198    -.3891266    1.877564
   trend_268 |  -.7774534   .4987846    -1.56   0.120     -1.75743    .2025233
   trend_269 |   .4154795   .4316227     0.96   0.336    -.4325423    1.263501
   trend_270 |  -.4827001   .5542994    -0.87   0.384    -1.571749    .6063482
   trend_271 |  -2.317451   .6314096    -3.67   0.000       -3.558   -1.076902
   trend_272 |  -.3824124   .6268677    -0.61   0.542    -1.614038     .849213
   trend_273 |  -1.631217   .4695632    -3.47   0.001    -2.553781   -.7086522
   trend_274 |  -14.05838   .6074424   -23.14   0.000    -15.25184   -12.86492
   trend_275 |  -10.73502   .5776834   -18.58   0.000    -11.87001   -9.600024
   trend_276 |   2.231777   .5886403     3.79   0.000     1.075258    3.388296
   trend_277 |  -7.815998   .7023744   -11.13   0.000    -9.195974   -6.436023
   trend_278 |   1.786058   .5710775     3.13   0.002     .6640451    2.908071
   trend_279 |   1.090598   .7060833     1.54   0.123    -.2966648     2.47786
   trend_280 |  -33.71156   .7084044   -47.59   0.000    -35.10338   -32.31974
   trend_281 |   2.461486   .4780697     5.15   0.000     1.522209    3.400764
   trend_282 |   .4895554   .4569724     1.07   0.285    -.4082717    1.387383
   trend_283 |   3.729468   .4995153     7.47   0.000     2.748056     4.71088
   trend_284 |  -2.394642   .5762848    -4.16   0.000    -3.526886   -1.262399
   trend_285 |          0  (omitted)
   trend_286 |  -2.588701   .5718566    -4.53   0.000    -3.712244   -1.465158
   trend_287 |  -2.831465   .6647972    -4.26   0.000    -4.137612   -1.525319
   trend_288 |    .876446   .6733541     1.30   0.194    -.4465126    2.199405
   trend_289 |  -.1071969   .5177278    -0.21   0.836    -1.124392    .9099981
   trend_290 |  -2.093605   .6135376    -3.41   0.001    -3.299041   -.8881698
   trend_291 |  -.4688093   .4888605    -0.96   0.338    -1.429288    .4916693
   trend_292 |  -.4075552   .6453897    -0.63   0.528    -1.675571     .860461
   trend_293 |  -.9367768    .632495    -1.48   0.139    -2.179458    .3059047
   trend_294 |          0  (omitted)
   trend_295 |          0  (omitted)
   trend_296 |  -.2234044   .8511744    -0.26   0.793    -1.895732    1.448923
   trend_297 |  -2.338086    .848217    -2.76   0.006    -4.004603   -.6715692
   trend_298 |          0  (omitted)
   trend_299 |          0  (omitted)
   trend_300 |  -1.724021   .8490444    -2.03   0.043    -3.392163   -.0558782
   trend_301 |          0  (omitted)
   trend_302 |   3.105852   .5230991     5.94   0.000     2.078104      4.1336
   trend_303 |          0  (omitted)
   trend_304 |  -.2096153   .8623837    -0.24   0.808    -1.903966    1.484735
   trend_305 |    -.67403   .5258124    -1.28   0.200    -1.707109    .3590491
   trend_306 |  -1.862924   .8604157    -2.17   0.031    -3.553408   -.1724398
   trend_307 |  -.8792959   .5241194    -1.68   0.094    -1.909049    .1504568
   trend_308 |  -.5801269   .5138649    -1.13   0.259    -1.589732    .4294785
   trend_309 |  -.8825803   .8667358    -1.02   0.309    -2.585482     .820321
   trend_310 |  -2.568241   .5731245    -4.48   0.000    -3.694276   -1.442207
   trend_311 |  -.6779833    .591876    -1.15   0.253    -1.840859    .4848929
   trend_312 |  -1.416818   .8693117    -1.63   0.104    -3.124781     .291144
   trend_313 |  -.8590166   .5339498    -1.61   0.108    -1.908083    .1900502
   trend_314 |  -.4823779   .6122535    -0.79   0.431     -1.68529    .7205346
   trend_315 |  -.6988601   .5078097    -1.38   0.169    -1.696569    .2988486
   trend_316 |  -1.513109   .6071347    -2.49   0.013    -2.705964   -.3202537
   trend_317 |  -.9512185   .6029271    -1.58   0.115    -2.135807      .23337
   trend_318 |  -1.127559   .5969643    -1.89   0.059    -2.300432    .0453147
   trend_319 |  -1.977361   .6327469    -3.13   0.002    -3.220537   -.7341844
   trend_320 |   -2.03526   .6001868    -3.39   0.001    -3.214465   -.8560555
   trend_321 |          0  (omitted)
   trend_322 |  -1.701472   .6012822    -2.83   0.005    -2.882829   -.5201152
   trend_323 |  -1.378475   .5954326    -2.32   0.021    -2.548339   -.2086111
   trend_324 |  -1.487745   .6054735    -2.46   0.014    -2.677336   -.2981532
   trend_325 |  -1.535955   .5907539    -2.60   0.010    -2.696627   -.3752837
   trend_326 |   .4073194   1.492017     0.27   0.785     -2.52409    3.338729
   trend_327 |  -3.539044   .7436172    -4.76   0.000    -5.000051   -2.078037
   trend_328 |          0  (omitted)
   trend_329 |  -4.143871   .6642149    -6.24   0.000    -5.448874   -2.838869
   trend_330 |   3.196891   .7724664     4.14   0.000     1.679204    4.714579
   trend_331 |          0  (omitted)
   trend_332 |          0  (omitted)
   trend_333 |          0  (omitted)
   trend_334 |          0  (omitted)
   trend_335 |          0  (omitted)
   trend_336 |   12.55339   .6128253    20.48   0.000     11.34935    13.75742
   trend_337 |          0  (omitted)
   trend_338 |   .3007487   .5335661     0.56   0.573    -.7475642    1.349062
   trend_339 |          0  (omitted)
   trend_340 |          0  (omitted)
   trend_341 |    .016693    .605322     0.03   0.978    -1.172601    1.205987
   trend_342 |          0  (omitted)
   trend_343 |          0  (omitted)
   trend_344 |   3.278804   .5182767     6.33   0.000     2.260531    4.297078
   trend_345 |          0  (omitted)
   trend_346 |  -3.874288   1.233046    -3.14   0.002     -6.29689   -1.451687
   trend_347 |   7.514394   1.352714     5.56   0.000     4.856677    10.17211
   trend_348 |          0  (omitted)
   trend_349 |          0  (omitted)
   trend_350 |          0  (omitted)
   trend_351 |          0  (omitted)
   trend_352 |          0  (omitted)
   trend_353 |     5.2425   .6011935     8.72   0.000     4.061318    6.423683
   trend_354 |   4.076828   1.098741     3.71   0.000     1.918099    6.235557
   trend_355 |          0  (omitted)
   trend_356 |  -1.053764    .830071    -1.27   0.205    -2.684629    .5771005
   trend_357 |          0  (omitted)
   trend_358 |  -1.041866   .5404278    -1.93   0.054    -2.103661    .0199279
   trend_359 |  -.6872482   .8414015    -0.82   0.414    -2.340374     .965878
   trend_360 |  -.0766967   .8951226    -0.09   0.932     -1.83537    1.681977
   trend_361 |  -.7238477   .8739437    -0.83   0.408    -2.440911    .9932152
   trend_362 |          0  (omitted)
   trend_363 |   .5889691   .6837975     0.86   0.389     -.754508    1.932446
   trend_364 |  -1.521607   .8341773    -1.82   0.069     -3.16054    .1173257
   trend_365 |   .2704405   .9499486     0.28   0.776    -1.595951    2.136832
   trend_366 |  -.6502879   .8501441    -0.76   0.445    -2.320591    1.020015
   trend_367 |  -.7919168   .9768821    -0.81   0.418    -2.711226    1.127392
   trend_368 |   .2124564   .8409823     0.25   0.801    -1.439846    1.864759
   trend_369 |  -.7574199   .5643911    -1.34   0.180    -1.866296     .351456
   trend_370 |  -.0483299   .6026852    -0.08   0.936    -1.232443    1.135784
   trend_371 |  -1.119398   .9845041    -1.14   0.256    -3.053682    .8148859
   trend_372 |    .458134    .970757     0.47   0.637    -1.449141    2.365409
   trend_373 |   .9779438   .8504141     1.15   0.251    -.6928897    2.648777
   trend_374 |          0  (omitted)
   trend_375 |    -1.0225    .871523    -1.17   0.241    -2.734807    .6898067
   trend_376 |   -.264178   .5330427    -0.50   0.620    -1.311463    .7831067
   trend_377 |  -.5852807   .8349226    -0.70   0.484    -2.225678    1.055116
   trend_378 |  -1.133957   .8408386    -1.35   0.178    -2.785977    .5180632
   trend_379 |          0  (omitted)
   trend_380 |  -.5183106   .5394981    -0.96   0.337    -1.578278    .5416572
   trend_381 |  -.1384268   .5653307    -0.24   0.807    -1.249149    .9722949
   trend_382 |  -.6754695   .8647052    -0.78   0.435    -2.374381    1.023442
   trend_383 |  -.2714525   .5381618    -0.50   0.614    -1.328795    .7858898
   trend_384 |  -.6484172   .6328487    -1.02   0.306    -1.891794    .5949592
   trend_385 |  -1.835888   .8503168    -2.16   0.031     -3.50653   -.1652454
   trend_386 |   .1901051   .8404051     0.23   0.821    -1.461064    1.841274
   trend_387 |          0  (omitted)
   trend_388 |  -1.909731   .5576831    -3.42   0.001    -3.005428    -.814035
   trend_389 |          0  (omitted)
   trend_390 |  -.9882722    .580445    -1.70   0.089     -2.12869    .1521452
   trend_391 |          0  (omitted)
   trend_392 |  -.7749857   .4959741    -1.56   0.119    -1.749441    .1994691
   trend_393 |   .5937085   .7860557     0.76   0.450    -.9506783    2.138095
   trend_394 |          0  (omitted)
   trend_395 |  -.6842885   .5143713    -1.33   0.184    -1.694889     .326312
   trend_396 |   .3016121   .6414811     0.47   0.638    -.9587247    1.561949
   trend_397 |  -1.614275   .9447439    -1.71   0.088    -3.470441    .2418915
   trend_398 |  -1.811482   .5845845    -3.10   0.002    -2.960033   -.6629321
   trend_399 |  -1.287898   .6386034    -2.02   0.044     -2.54258   -.0332145
   trend_400 |          0  (omitted)
   trend_401 |          0  (omitted)
   trend_402 |  -1.156565   .4791256    -2.41   0.016    -2.097917   -.2152126
   trend_403 |  -.3888231   .8559279    -0.45   0.650     -2.07049    1.292844
   trend_404 |   2.218369   .5353159     4.14   0.000     1.166618     3.27012
   trend_405 |   .0136845   .4749234     0.03   0.977    -.9194114    .9467805
   trend_406 |  -1.694402   .4988737    -3.40   0.001    -2.674554   -.7142505
   trend_407 |    .768125   .5691063     1.35   0.178    -.3500149    1.886265
   trend_408 |  -.2820621   .8687016    -0.32   0.746    -1.988826    1.424701
   trend_409 |  -1.055562   .4760473    -2.22   0.027    -1.990867   -.1202582
   trend_410 |  -1.036523    .488881    -2.12   0.034    -1.997042   -.0760044
   trend_411 |  -1.180038   .5289666    -2.23   0.026    -2.219314    -.140762
   trend_412 |   .6402559   .5502873     1.16   0.245    -.4409098    1.721422
   trend_413 |          0  (omitted)
   trend_414 |   .6571245   .5424916     1.21   0.226    -.4087247    1.722974
   trend_415 |  -.8638206   .5134821    -1.68   0.093    -1.872674    .1450328
   trend_416 |          0  (omitted)
   trend_417 |  -.6429276   .5777903    -1.11   0.266    -1.778129    .4922739
   trend_418 |          0  (omitted)
   trend_419 |  -.7179829   .5489735    -1.31   0.192    -1.796567    .3606016
   trend_420 |  -.6372159    .520548    -1.22   0.221    -1.659952    .3855199
   trend_421 |          0  (omitted)
   trend_422 |   2.083685   1.013601     2.06   0.040     .0922345    4.075136
   trend_423 |  -.7083414    .657359    -1.08   0.282    -1.999874     .583191
   trend_424 |          0  (omitted)
   trend_425 |          0  (omitted)
   trend_426 |  -.9536401   .5255307    -1.81   0.070    -1.986166    .0788855
   trend_427 |  -.4741364   .6759528    -0.70   0.483    -1.802201    .8539278
   trend_428 |  -.4745979   .5085266    -0.93   0.351    -1.473715    .5245191
   trend_429 |          0  (omitted)
   trend_430 |  -.1666184   .8497005    -0.20   0.845     -1.83605    1.502813
   trend_431 |  -.6213835   .8732073    -0.71   0.477       -2.337    1.094233
   trend_432 |          0  (omitted)
   trend_433 |   -.643663    .858129    -0.75   0.454    -2.329654    1.042328
   trend_434 |  -.5584686   .5402736    -1.03   0.302     -1.61996    .5030229
   trend_435 |   .5910264   .8767299     0.67   0.501    -1.131511    2.313563
   trend_436 |    .524031   .9189343     0.57   0.569    -1.281426    2.329488
   trend_437 |  -.4798232   .5623715    -0.85   0.394    -1.584731    .6250846
   trend_438 |  -.1899212   .8603934    -0.22   0.825    -1.880361    1.500519
   trend_439 |          0  (omitted)
   trend_440 |  -.5858308   .8768615    -0.67   0.504    -2.308626    1.136965
   trend_441 |          0  (omitted)
   trend_442 |  -2.320594   .9510832    -2.44   0.015    -4.189215   -.4519729
   trend_443 |          0  (omitted)
   trend_444 |          0  (omitted)
   trend_445 |          0  (omitted)
   trend_446 |   .1376344   .5648605     0.24   0.808    -.9721635    1.247432
   trend_447 |  -.3667719   .5081502    -0.72   0.471     -1.36515    .6316057
   trend_448 |  -1.588167   .8454645    -1.88   0.061    -3.249276    .0729422
   trend_449 |  -1.158142   1.351518    -0.86   0.392     -3.81351    1.497226
   trend_450 |  -5.085106    .821817    -6.19   0.000    -6.699754   -3.470458
   trend_451 |  -2.623013    .898203    -2.92   0.004    -4.387739   -.8582874
   trend_452 |  -.4236284   .5725941    -0.74   0.460    -1.548621    .7013641
   trend_453 |  -1.979546   .9404525    -2.10   0.036     -3.82728    -.131811
   trend_454 |  -2.456172   1.727031    -1.42   0.156     -5.84932    .9369752
   trend_455 |   6.530067   1.573363     4.15   0.000     3.438835    9.621298
   trend_456 |  -1.379188   .5174201    -2.67   0.008    -2.395779   -.3625979
   trend_457 |   1.752411   1.087888     1.61   0.108    -.3849945    3.889816
   trend_458 |   3.391878   1.346406     2.52   0.012     .7465541    6.037202
   trend_459 |  -1.671298   1.380776    -1.21   0.227     -4.38415    1.041553
   trend_460 |  -.4681168   .5917725    -0.79   0.429     -1.63079    .6945559
   trend_461 |          0  (omitted)
   trend_462 |   3.573011   .4937935     7.24   0.000     2.602841    4.543182
   trend_463 |  -.3023497   .4905187    -0.62   0.538    -1.266086    .6613867
   trend_464 |   2.434992    .489184     4.98   0.000     1.473877    3.396106
   trend_465 |  -.5408231   .8084994    -0.67   0.504    -2.129306    1.047659
   trend_466 |          0  (omitted)
   trend_467 |          0  (omitted)
   trend_468 |          0  (omitted)
   trend_469 |          0  (omitted)
   trend_470 |  -.7344908   .4878806    -1.51   0.133    -1.693044    .2240627
   trend_471 |     -.0253   .6942792    -0.04   0.971    -1.389371    1.338771
   trend_472 |   4.438367   .4880501     9.09   0.000     3.479481    5.397253
   trend_473 |   2.539083   .4870133     5.21   0.000     1.582234    3.495932
   trend_474 |  -.9648681   .6238786    -1.55   0.123    -2.190621    .2608845
   trend_475 |  -.8026682   .5016274    -1.60   0.110     -1.78823    .1828938
   trend_476 |   -.589946   .4956718    -1.19   0.235    -1.563807    .3839149
   trend_477 |  -.4929852   .4931383    -1.00   0.318    -1.461868    .4758981
   trend_478 |   -.721852   .4994601    -1.45   0.149    -1.703156     .259452
   trend_479 |  -.9040488   .5341495    -1.69   0.091    -1.953508    .1454104
   trend_480 |  -.2024244   .5351297    -0.38   0.705     -1.25381    .8489607
   trend_481 |  -.9964521    .499028    -2.00   0.046    -1.976907   -.0159971
   trend_482 |  -.8870021   .5191844    -1.71   0.088    -1.907059    .1330548
   trend_483 |  -.5561335   .4918439    -1.13   0.259    -1.522474    .4102068
   trend_484 |  -.8785786   .5344207    -1.64   0.101    -1.928571    .1714135
   trend_485 |  -.6353126   .5195999    -1.22   0.222    -1.656186    .3855605
   trend_486 |   .1076547    .503829     0.21   0.831    -.8822329    1.097542
   trend_487 |  -.9093883   .5585858    -1.63   0.104    -2.006858    .1880816
   trend_488 |  -.7275178   .5011811    -1.45   0.147    -1.712203    .2571674
   trend_489 |  -.4054054    .529718    -0.77   0.444    -1.446158    .6353471
   trend_490 |  -.9853115   .5228606    -1.88   0.060    -2.012591    .0419681
   trend_491 |          0  (omitted)
   trend_492 |          0  (omitted)
   trend_493 |          0  (omitted)
   trend_494 |          0  (omitted)
   trend_495 |   -.476565   .5976296    -0.80   0.426    -1.650745    .6976154
   trend_496 |          0  (omitted)
   trend_497 |  -.4760151   .9107253    -0.52   0.601    -2.265344    1.313314
   trend_498 |   .6456646   .5720601     1.13   0.260    -.4782787    1.769608
   trend_499 |  -3.680949   .6637867    -5.55   0.000    -4.985111   -2.376788
   trend_500 |          0  (omitted)
   trend_501 |          0  (omitted)
   trend_502 |  -1.078537   .4987759    -2.16   0.031    -2.058497   -.0985775
   trend_503 |          0  (omitted)
   trend_504 |  -4.498397   .7101844    -6.33   0.000    -5.893717   -3.103076
   trend_505 |          0  (omitted)
   trend_506 |   .8964701   .5172772     1.73   0.084    -.1198397     1.91278
   trend_507 |  -.4313754   .7152452    -0.60   0.547    -1.836639    .9738878
   trend_508 |  -.0454096   .4893961    -0.09   0.926    -1.006941    .9161213
   trend_509 |  -.8770784   .4956487    -1.77   0.077    -1.850894    .0967371
   trend_510 |  -.6412024   .4993062    -1.28   0.200    -1.622204    .3397992
   trend_511 |  -.2054364   .5077682    -0.40   0.686    -1.203063    .7921907
   trend_512 |   .0117008   .5398585     0.02   0.983    -1.048975    1.072377
   trend_513 |  -.5520574    .509896    -1.08   0.279    -1.553865    .4497503
   trend_514 |  -.8642867   .4946829    -1.75   0.081    -1.836205    .1076312
   trend_515 |   1.255744   .5193265     2.42   0.016     .2354082     2.27608
   trend_516 |   .7349918   .6899403     1.07   0.287    -.6205542    2.090538
   trend_517 |  -.6175491    .484877    -1.27   0.203    -1.570201    .3351031
   trend_518 |  -.2065886   .5042034    -0.41   0.682    -1.197212    .7840346
   trend_519 |  -.6470214   .5060471    -1.28   0.202    -1.641267    .3472242
   trend_520 |  -.8892491   .5099479    -1.74   0.082    -1.891159    .1126605
   trend_521 |   1.162249   .5021518     2.31   0.021     .1756571    2.148842
   trend_522 |  -.4686293   .5152487    -0.91   0.364    -1.480953     .543695
   trend_523 |  -.4719458   .5033985    -0.94   0.349    -1.460988     .517096
   trend_524 |   3.076734   .5187779     5.93   0.000     2.057476    4.095992
   trend_525 |  -.6570854   .5020281    -1.31   0.191    -1.643435     .329264
   trend_526 |  -.6640648   .5112122    -1.30   0.195    -1.668458    .3403288
   trend_527 |   2.400605   .5608266     4.28   0.000     1.298733    3.502478
   trend_528 |          0  (omitted)
   trend_529 |    .895302   .5668514     1.58   0.115    -.2184077    2.009012
   trend_530 |  -.2376206   .5433777    -0.44   0.662    -1.305211    .8299696
   trend_531 |   .6402938   .5007458     1.28   0.202    -.3435363    1.624124
   trend_532 |  -.8810144    .522962    -1.68   0.093    -1.908493    .1464645
   trend_533 |  -.6789926   .5078506    -1.34   0.182    -1.676781    .3187964
   trend_534 |  -.7267782   .5048457    -1.44   0.151    -1.718663     .265107
   trend_535 |  -.9558863   .5013878    -1.91   0.057    -1.940978    .0292051
   trend_536 |          0  (omitted)
   trend_537 |   -.432792   .5207241    -0.83   0.406    -1.455874    .5902898
   trend_538 |          0  (omitted)
   trend_539 |  -.8118526   .4909737    -1.65   0.099    -1.776483    .1527778
   trend_540 |  -1.361848   .5966647    -2.28   0.023    -2.534133   -.1895637
   trend_541 |  -.5951332   .4960489    -1.20   0.231    -1.569735    .3794687
   trend_542 |  -.7745488    .489018    -1.58   0.114    -1.735337    .1862393
   trend_543 |   .3471348   .5615284     0.62   0.537    -.7561167    1.450386
   trend_544 |  -.9095097   .4905684    -1.85   0.064    -1.873344    .0543243
   trend_545 |  -1.635435   .5456557    -3.00   0.003      -2.7075   -.5633687
   trend_546 |          0  (omitted)
   trend_547 |  -4.466011   .5525353    -8.08   0.000    -5.551593   -3.380429
   trend_548 |  -.6695446   .4965433    -1.35   0.178    -1.645118    .3060286
   trend_549 |  -.0517342   .5839963    -0.09   0.929    -1.199129    1.095661
   trend_550 |  -1.083561   .4821564    -2.25   0.025    -2.030868   -.1362543
   trend_551 |  -1.706813   .4956829    -3.44   0.001    -2.680695   -.7329298
   trend_552 |  -1.039639   .5206891    -2.00   0.046    -2.062652   -.0166255
   trend_553 |  -1.570538   .7174648    -2.19   0.029    -2.980162   -.1609141
   trend_554 |          0  (omitted)
   trend_555 |  -1.160422   .4907448    -2.36   0.018    -2.124603   -.1962416
   trend_556 |  -1.306179    .575986    -2.27   0.024    -2.437836   -.1745226
   trend_557 |  -.8312562   .4834165    -1.72   0.086    -1.781039    .1185264
   trend_558 |  -1.263066   .5080337    -2.49   0.013    -2.261214   -.2649169
   trend_559 |   -.727824   .5810396    -1.25   0.211     -1.86941    .4137615
   trend_560 |   3.106301   .6114066     5.08   0.000     1.905053     4.30755
   trend_561 |  -.6291111    .687522    -0.92   0.361    -1.979906    .7216835
   trend_562 |  -.0475184   .1061027    -0.45   0.654    -.2559815    .1609447
   trend_563 |          0  (omitted)
   trend_564 |  -.4584965   .5080299    -0.90   0.367    -1.456638    .5396448
   trend_565 |   .1334067   .1303031     1.02   0.306    -.1226036     .389417
   trend_566 |          0  (omitted)
   trend_567 |          0  (omitted)
   trend_568 |  -.0266365   .1089996    -0.24   0.807    -.2407912    .1875182
   trend_569 |  -1.155978   .5109335    -2.26   0.024    -2.159824   -.1521321
   trend_570 |   .6289501   .3465368     1.81   0.070     -.051901    1.309801
   trend_571 |  -.2268801   .7659083    -0.30   0.767    -1.731683    1.277922
   trend_572 |          0  (omitted)
   trend_573 |  -.2791796   .1046278    -2.67   0.008     -.484745   -.0736143
   trend_574 |          0  (omitted)
   trend_575 |   1.080393   .7411759     1.46   0.146    -.3758174    2.536603
   trend_576 |    .944229   .6034843     1.56   0.118    -.2414544    2.129912
   trend_577 |          0  (omitted)
       _cons |   8.890579   4.774166     1.86   0.063    -.4893653    18.27052
------------------------------------------------------------------------------
r; t=102.91 16:02:57

. lincom Corrupt+inter_ele

 ( 1)  Corrupt + inter_ele = 0

------------------------------------------------------------------------------
        prop | Coefficient  Std. err.      t    P>|t|     [95% conf. interval]
-------------+----------------------------------------------------------------
         (1) |   .3005373   .4653261     0.65   0.519    -.6137025    1.214777
------------------------------------------------------------------------------
r; t=0.01 16:02:57

. 
. 
. *** INTERACTION WITH CLASS SIZE
. ** TABLE VII columns 5 and 6
. 
. areg prop Corrupt i_b ln_big_center inter_mismo_c inter_mismo_a MismoPartidoG
>    i_a inter_total_mean_c inter_total_mean_a Auditada yy_*,  absorb(clavedela
> e) cluster(clave_mun)
note: yy_1 omitted because of collinearity.
note: yy_2 omitted because of collinearity.
note: yy_3 omitted because of collinearity.
note: yy_11 omitted because of collinearity.

Linear regression, absorbing indicators            Number of obs     = 323,863
Absorbed variable: clavedelaescuela                No. of categories =  18,662
                                                   F(15, 563)        =       .
                                                   Prob > F          =       .
                                                   R-squared         =  0.2488
                                                   Adj R-squared     =  0.2028
                                                   Root MSE          = 11.0232

                            (Std. err. adjusted for 564 clusters in clave_mun)
------------------------------------------------------------------------------
             |               Robust
        prop | Coefficient  std. err.      t    P>|t|     [95% conf. interval]
-------------+----------------------------------------------------------------
     Corrupt |   .3195872   .2409153     1.33   0.185    -.1536155    .7927899
         i_b |   .0840945   .1505911     0.56   0.577    -.2116945    .3798836
ln_big_cen~r |   1.214209   .1033461    11.75   0.000     1.011218      1.4172
inter_mism~c |    -.10644   .3466774    -0.31   0.759    -.7873791    .5744991
inter_mism~a |    .023215   .2711067     0.09   0.932     -.509289    .5557191
MismoParti~G |   .3056832    .130232     2.35   0.019     .0498833    .5614831
         i_a |  -.1435677   .1274288    -1.13   0.260    -.3938617    .1067262
inter_tota~c |   1.21e-10   1.20e-10     1.01   0.311    -1.14e-10    3.56e-10
inter_tota~a |  -3.93e-10   9.04e-11    -4.35   0.000    -5.71e-10   -2.16e-10
    Auditada |  -.0278612   .1944607    -0.14   0.886    -.4098184    .3540959
        yy_1 |          0  (omitted)
        yy_2 |          0  (omitted)
        yy_3 |          0  (omitted)
        yy_4 |  -.8979251   .2087815    -4.30   0.000    -1.308011   -.4878393
        yy_5 |   -.556479   .1747487    -3.18   0.002     -.899718     -.21324
        yy_6 |   2.995679   .2495534    12.00   0.000      2.50551    3.485849
        yy_7 |   .4335969   .1263872     3.43   0.001     .1853489    .6818449
        yy_8 |    .882593   .1318655     6.69   0.000     .6235845    1.141601
        yy_9 |   -.056246   .1155307    -0.49   0.627      -.28317    .1706779
       yy_10 |   2.707524    .221189    12.24   0.000     2.273068    3.141981
       yy_11 |          0  (omitted)
       _cons |   3.247165   .1148918    28.26   0.000     3.021496    3.472834
------------------------------------------------------------------------------
r; t=5.31 16:03:02

. lincom Corrupt+i_b

 ( 1)  Corrupt + i_b = 0

------------------------------------------------------------------------------
        prop | Coefficient  Std. err.      t    P>|t|     [95% conf. interval]
-------------+----------------------------------------------------------------
         (1) |   .4036817   .2929658     1.38   0.169    -.1717578    .9791212
------------------------------------------------------------------------------
r; t=0.00 16:03:02

. 
. 
. areg prop Corrupt i_b ln_big_center inter_mismo_c inter_mismo_a MismoPartidoG
>    i_a inter_total_mean_c inter_total_mean_a Already CorruptPast Auditada gra
> de_1 grade_2 Turn_* yy_* total  HOMI_CAP_MUN inter_homi_mean_c inter_homi_mea
> n_a mis_tot P_* trend*,  absorb(clavedelae) cluster(clave_mun)
note: Turn_4 omitted because of collinearity.
note: yy_1 omitted because of collinearity.
note: yy_2 omitted because of collinearity.
note: yy_3 omitted because of collinearity.
note: yy_11 omitted because of collinearity.
note: P_82 omitted because of collinearity.
note: P_L_70 omitted because of collinearity.
note: P_L_73 omitted because of collinearity.
note: trend_257 omitted because of collinearity.
note: trend_331 omitted because of collinearity.
note: trend_333 omitted because of collinearity.
note: trend_335 omitted because of collinearity.
note: trend_336 omitted because of collinearity.
note: trend_338 omitted because of collinearity.
note: trend_345 omitted because of collinearity.
note: trend_348 omitted because of collinearity.
note: trend_350 omitted because of collinearity.
note: trend_351 omitted because of collinearity.
note: trend_352 omitted because of collinearity.
note: trend_354 omitted because of collinearity.
note: trend_355 omitted because of collinearity.
note: trend_577 omitted because of collinearity.
note: trend_341 omitted because of collinearity

Linear regression, absorbing indicators            Number of obs     = 323,863
Absorbed variable: clavedelaescuela                No. of categories =  18,662
                                                   F(0, 563)         =       .
                                                   Prob > F          =       .
                                                   R-squared         =  0.2685
                                                   Adj R-squared     =  0.2219
                                                   Root MSE          = 10.8911

                            (Std. err. adjusted for 564 clusters in clave_mun)
------------------------------------------------------------------------------
             |               Robust
        prop | Coefficient  std. err.      t    P>|t|     [95% conf. interval]
-------------+----------------------------------------------------------------
     Corrupt |   .4641841          .        .       .            .           .
         i_b |   .0479406          .        .       .            .           .
ln_big_cen~r |   1.499945          .        .       .            .           .
inter_mism~c |  -.3289124          .        .       .            .           .
inter_mism~a |   .2363684          .        .       .            .           .
MismoParti~G |   .0316889          .        .       .            .           .
         i_a |  -.1705471          .        .       .            .           .
inter_tota~c |   4.58e-11          .        .       .            .           .
inter_tota~a |  -1.51e-10          .        .       .            .           .
AlreadyAud~d |  -.2458898          .        .       .            .           .
 CorruptPast |   .1006256          .        .       .            .           .
    Auditada |  -.2273332          .        .       .            .           .
     grade_1 |   -2.76533          .        .       .            .           .
     grade_2 |    -.95562          .        .       .            .           .
      Turn_1 |    10.8302          .        .       .            .           .
      Turn_2 |    10.0601          .        .       .            .           .
      Turn_3 |   9.220262          .        .       .            .           .
      Turn_4 |          0  (omitted)
        yy_1 |          0  (omitted)
        yy_2 |          0  (omitted)
        yy_3 |          0  (omitted)
        yy_4 |  -.3067189          .        .       .            .           .
        yy_5 |  -.0856927          .        .       .            .           .
        yy_6 |   3.098099          .        .       .            .           .
        yy_7 |   1.252804          .        .       .            .           .
        yy_8 |   1.512615          .        .       .            .           .
        yy_9 |   .2208639          .        .       .            .           .
       yy_10 |    3.20396          .        .       .            .           .
       yy_11 |          0  (omitted)
       total |  -4.08e-11          .        .       .            .           .
HOMI_CAP_MUN |   80.91689          .        .       .            .           .
inter_homi~c |  -269.4972          .        .       .            .           .
inter_homi~a |  -80.86095          .        .       .            .           .
     mis_tot |  -.4481553          .        .       .            .           .
         P_1 |   4.073794          .        .       .            .           .
         P_2 |   .8615459          .        .       .            .           .
         P_3 |   3.748544          .        .       .            .           .
         P_4 |   1.927532          .        .       .            .           .
         P_5 |   3.462095          .        .       .            .           .
         P_6 |   2.031915          .        .       .            .           .
         P_7 |   5.705501          .        .       .            .           .
         P_8 |   1.938986          .        .       .            .           .
         P_9 |   3.350522          .        .       .            .           .
        P_10 |   2.429375          .        .       .            .           .
        P_11 |   .6414382          .        .       .            .           .
        P_12 |   .0360878          .        .       .            .           .
        P_13 |   3.073351          .        .       .            .           .
        P_14 |    2.77528          .        .       .            .           .
        P_15 |     1.6939          .        .       .            .           .
        P_16 |   2.601123          .        .       .            .           .
        P_17 |   1.620899          .        .       .            .           .
        P_18 |  -11.40421          .        .       .            .           .
        P_19 |   1.796068          .        .       .            .           .
        P_20 |   4.102855          .        .       .            .           .
        P_21 |   1.676195          .        .       .            .           .
        P_22 |   1.863547          .        .       .            .           .
        P_23 |   2.610119          .        .       .            .           .
        P_24 |   3.878596          .        .       .            .           .
        P_25 |   3.624784          .        .       .            .           .
        P_26 |   3.018577          .        .       .            .           .
        P_27 |   2.010364          .        .       .            .           .
        P_28 |   2.095751          .        .       .            .           .
        P_29 |   1.261398          .        .       .            .           .
        P_30 |   3.622383          .        .       .            .           .
        P_31 |   2.470228          .        .       .            .           .
        P_32 |   4.778648          .        .       .            .           .
        P_33 |  -.4587756          .        .       .            .           .
        P_34 |   3.052721          .        .       .            .           .
        P_35 |   4.007741          .        .       .            .           .
        P_36 |   3.400484          .        .       .            .           .
        P_37 |   2.702939          .        .       .            .           .
        P_38 |   4.114427          .        .       .            .           .
        P_39 |   3.625333          .        .       .            .           .
        P_40 |   3.605595          .        .       .            .           .
        P_41 |   2.633511          .        .       .            .           .
        P_42 |  -7.003646          .        .       .            .           .
        P_43 |   2.231281          .        .       .            .           .
        P_44 |  -1.183174          .        .       .            .           .
        P_45 |   2.004486          .        .       .            .           .
        P_46 |  -6.311304          .        .       .            .           .
        P_47 |   2.337546          .        .       .            .           .
        P_48 |   3.105632          .        .       .            .           .
        P_49 |  -.5893769          .        .       .            .           .
        P_50 |   4.220444          .        .       .            .           .
        P_51 |   1.303478          .        .       .            .           .
        P_52 |   2.861792          .        .       .            .           .
        P_53 |    1.67795          .        .       .            .           .
        P_54 |   1.507616          .        .       .            .           .
        P_55 |  -3.489216          .        .       .            .           .
        P_56 |  -4.448168          .        .       .            .           .
        P_57 |    3.57713          .        .       .            .           .
        P_58 |   2.257996          .        .       .            .           .
        P_59 |   1.985122          .        .       .            .           .
        P_60 |   2.008669          .        .       .            .           .
        P_61 |   1.104022          .        .       .            .           .
        P_62 |   2.278792          .        .       .            .           .
        P_63 |   1.050296          .        .       .            .           .
        P_64 |   2.337372          .        .       .            .           .
        P_65 |   .7482491          .        .       .            .           .
        P_66 |    1.34913          .        .       .            .           .
        P_67 |   2.508643          .        .       .            .           .
        P_68 |   .7285337          .        .       .            .           .
        P_69 |   .3088937          .        .       .            .           .
        P_70 |   7.250839          .        .       .            .           .
        P_71 |   3.436506          .        .       .            .           .
        P_72 |   2.044758          .        .       .            .           .
        P_73 |   2.718152          .        .       .            .           .
        P_74 |   5.948078          .        .       .            .           .
        P_75 |   3.516886          .        .       .            .           .
        P_76 |   2.542398          .        .       .            .           .
        P_77 |   4.632695          .        .       .            .           .
        P_78 |   3.102076          .        .       .            .           .
        P_79 |    259.674          .        .       .            .           .
        P_80 |   3.040509          .        .       .            .           .
        P_81 |   4.852753          .        .       .            .           .
        P_82 |          0  (omitted)
       P_L_1 |   1.210706          .        .       .            .           .
       P_L_2 |  -2.202808          .        .       .            .           .
       P_L_3 |   .0437774          .        .       .            .           .
       P_L_4 |   .4466662          .        .       .            .           .
       P_L_5 |   .3846285          .        .       .            .           .
       P_L_6 |   .1568048          .        .       .            .           .
       P_L_7 |  -.6942556          .        .       .            .           .
       P_L_8 |  -.3589284          .        .       .            .           .
       P_L_9 |   1.416024          .        .       .            .           .
      P_L_10 |   .1834447          .        .       .            .           .
      P_L_11 |  -1.347445          .        .       .            .           .
      P_L_12 |   1.748138          .        .       .            .           .
      P_L_13 |   9.925047          .        .       .            .           .
      P_L_14 |  -.7315264          .        .       .            .           .
      P_L_15 |  -2.011413          .        .       .            .           .
      P_L_16 |  -2.595333          .        .       .            .           .
      P_L_17 |   .6433391          .        .       .            .           .
      P_L_18 |    1.32594          .        .       .            .           .
      P_L_19 |  -35.66953          .        .       .            .           .
      P_L_20 |  -1.893494          .        .       .            .           .
      P_L_21 |  -1.854166          .        .       .            .           .
      P_L_22 |   .1116621          .        .       .            .           .
      P_L_23 |   .3054736          .        .       .            .           .
      P_L_24 |   2.238445          .        .       .            .           .
      P_L_25 |   .3403294          .        .       .            .           .
      P_L_26 |   .1766104          .        .       .            .           .
      P_L_27 |  -3.704968          .        .       .            .           .
      P_L_28 |   .0488042          .        .       .            .           .
      P_L_29 |    1.42103          .        .       .            .           .
      P_L_30 |   .5814491          .        .       .            .           .
      P_L_31 |   1.176444          .        .       .            .           .
      P_L_32 |   2.314425          .        .       .            .           .
      P_L_33 |   .0030582          .        .       .            .           .
      P_L_34 |   .4110141          .        .       .            .           .
      P_L_35 |    2.54978          .        .       .            .           .
      P_L_36 |   -.406338          .        .       .            .           .
      P_L_37 |  -.3186325          .        .       .            .           .
      P_L_38 |  -7.338398          .        .       .            .           .
      P_L_39 |  -3.232685          .        .       .            .           .
      P_L_40 |    2.40958          .        .       .            .           .
      P_L_41 |   2.025655          .        .       .            .           .
      P_L_42 |  -7.416898          .        .       .            .           .
      P_L_43 |   2.613633          .        .       .            .           .
      P_L_44 |   .9029908          .        .       .            .           .
      P_L_45 |  -1.955001          .        .       .            .           .
      P_L_46 |  -1.585492          .        .       .            .           .
      P_L_47 |  -1.268663          .        .       .            .           .
      P_L_48 |   2.868582          .        .       .            .           .
      P_L_49 |   1.144332          .        .       .            .           .
      P_L_50 |   1.506549          .        .       .            .           .
      P_L_51 |   3.025432          .        .       .            .           .
      P_L_52 |   .2165518          .        .       .            .           .
      P_L_53 |  -.3549091          .        .       .            .           .
      P_L_54 |  -1.496735          .        .       .            .           .
      P_L_55 |  -.1582426          .        .       .            .           .
      P_L_56 |  -.2890949          .        .       .            .           .
      P_L_57 |   .1373074          .        .       .            .           .
      P_L_58 |  -.9652983          .        .       .            .           .
      P_L_59 |   3.863485          .        .       .            .           .
      P_L_60 |  -2.170274          .        .       .            .           .
      P_L_61 |  -7.618463          .        .       .            .           .
      P_L_62 |  -.9864828          .        .       .            .           .
      P_L_63 |  -1.150158          .        .       .            .           .
      P_L_64 |     3.2178          .        .       .            .           .
      P_L_65 |  -2.150089          .        .       .            .           .
      P_L_66 |   2.472232          .        .       .            .           .
      P_L_67 |   2.882675          .        .       .            .           .
      P_L_68 |   4.152396          .        .       .            .           .
      P_L_69 |  -4.769364          .        .       .            .           .
      P_L_70 |          0  (omitted)
      P_L_71 |   .0309717          .        .       .            .           .
      P_L_72 |   5.100356          .        .       .            .           .
      P_L_73 |          0  (omitted)
     trend_1 |  -.0924914          .        .       .            .           .
     trend_2 |   .0478342          .        .       .            .           .
     trend_3 |   .0851833          .        .       .            .           .
     trend_4 |   .4325387          .        .       .            .           .
     trend_5 |  -.0019203          .        .       .            .           .
     trend_6 |   -.109497          .        .       .            .           .
     trend_7 |  -.2304616          .        .       .            .           .
     trend_8 |  -.1683151          .        .       .            .           .
     trend_9 |   -.156606          .        .       .            .           .
    trend_10 |  -.1658623          .        .       .            .           .
    trend_11 |  -1.390568          .        .       .            .           .
    trend_12 |  -1.415289          .        .       .            .           .
    trend_13 |  -1.453249          .        .       .            .           .
    trend_14 |  -1.236705          .        .       .            .           .
    trend_15 |  -1.814316          .        .       .            .           .
    trend_16 |   .1588127          .        .       .            .           .
    trend_17 |  -.0549041          .        .       .            .           .
    trend_18 |  -.0290891          .        .       .            .           .
    trend_19 |  -.1590952          .        .       .            .           .
    trend_20 |   .3164692          .        .       .            .           .
    trend_21 |  -.3956323          .        .       .            .           .
    trend_22 |   .0041791          .        .       .            .           .
    trend_23 |  -.3365039          .        .       .            .           .
    trend_24 |  -.1451571          .        .       .            .           .
    trend_25 |   .2465102          .        .       .            .           .
    trend_26 |   1.610162          .        .       .            .           .
    trend_27 |    .233414          .        .       .            .           .
    trend_28 |    2.18915          .        .       .            .           .
    trend_29 |   .1377051          .        .       .            .           .
    trend_30 |  -.8067848          .        .       .            .           .
    trend_31 |   .9012299          .        .       .            .           .
    trend_32 |  -.5591832          .        .       .            .           .
    trend_33 |  -.4413187          .        .       .            .           .
    trend_34 |  -.2788161          .        .       .            .           .
    trend_35 |  -.0503479          .        .       .            .           .
    trend_36 |  -1.397706          .        .       .            .           .
    trend_37 |  -.0957946          .        .       .            .           .
    trend_38 |  -.4156884          .        .       .            .           .
    trend_39 |   .4716828          .        .       .            .           .
    trend_40 |  -.2926165          .        .       .            .           .
    trend_41 |  -.2601017          .        .       .            .           .
    trend_42 |  -.3583479          .        .       .            .           .
    trend_43 |  -.4906873          .        .       .            .           .
    trend_44 |  -.7278968          .        .       .            .           .
    trend_45 |   .3819045          .        .       .            .           .
    trend_46 |   -.046968          .        .       .            .           .
    trend_47 |   .1563133          .        .       .            .           .
    trend_48 |   .1841901          .        .       .            .           .
    trend_49 |    .097824          .        .       .            .           .
    trend_50 |   .5768376          .        .       .            .           .
    trend_51 |   .5948569          .        .       .            .           .
    trend_52 |   .2973122          .        .       .            .           .
    trend_53 |   .0167579          .        .       .            .           .
    trend_54 |  -.3080197          .        .       .            .           .
    trend_55 |   4.462453          .        .       .            .           .
    trend_56 |   6.161724          .        .       .            .           .
    trend_57 |   .6775362          .        .       .            .           .
    trend_58 |   .5394439          .        .       .            .           .
    trend_59 |   1.421427          .        .       .            .           .
    trend_60 |   1.417984          .        .       .            .           .
    trend_61 |   1.075309          .        .       .            .           .
    trend_62 |   1.580085          .        .       .            .           .
    trend_63 |   1.977575          .        .       .            .           .
    trend_64 |   2.034334          .        .       .            .           .
    trend_65 |   1.268376          .        .       .            .           .
    trend_66 |    .508737          .        .       .            .           .
    trend_67 |   2.160687          .        .       .            .           .
    trend_68 |   1.137604          .        .       .            .           .
    trend_69 |   1.193923          .        .       .            .           .
    trend_70 |   .7630283          .        .       .            .           .
    trend_71 |   2.151077          .        .       .            .           .
    trend_72 |    1.15035          .        .       .            .           .
    trend_73 |   1.086414          .        .       .            .           .
    trend_74 |   2.227604          .        .       .            .           .
    trend_75 |   .7163588          .        .       .            .           .
    trend_76 |   .9502893          .        .       .            .           .
    trend_77 |   1.181133          .        .       .            .           .
    trend_78 |   1.518982          .        .       .            .           .
    trend_79 |   .5787239          .        .       .            .           .
    trend_80 |   5.650389          .        .       .            .           .
    trend_81 |   1.723327          .        .       .            .           .
    trend_82 |   .6100343          .        .       .            .           .
    trend_83 |   .5771487          .        .       .            .           .
    trend_84 |   1.463319          .        .       .            .           .
    trend_85 |    .450724          .        .       .            .           .
    trend_86 |   1.191499          .        .       .            .           .
    trend_87 |    .917647          .        .       .            .           .
    trend_88 |   .6339048          .        .       .            .           .
    trend_89 |   1.920994          .        .       .            .           .
    trend_90 |   2.824342          .        .       .            .           .
    trend_91 |   .7689705          .        .       .            .           .
    trend_92 |  -.4458137          .        .       .            .           .
    trend_93 |    .880547          .        .       .            .           .
    trend_94 |  -1.265648          .        .       .            .           .
    trend_95 |   .1066085          .        .       .            .           .
    trend_96 |  -.3678253          .        .       .            .           .
    trend_97 |   .0469695          .        .       .            .           .
    trend_98 |   .7553587          .        .       .            .           .
    trend_99 |  -.7939378          .        .       .            .           .
   trend_100 |  -.7046271          .        .       .            .           .
   trend_101 |   .2415469          .        .       .            .           .
   trend_102 |   .7396508          .        .       .            .           .
   trend_103 |  -.6261583          .        .       .            .           .
   trend_104 |   .0595065          .        .       .            .           .
   trend_105 |  -.0276486          .        .       .            .           .
   trend_106 |  -.1633731          .        .       .            .           .
   trend_107 |  -.4517188          .        .       .            .           .
   trend_108 |  -.1250355          .        .       .            .           .
   trend_109 |  -.1592069          .        .       .            .           .
   trend_110 |   .4346104          .        .       .            .           .
   trend_111 |  -.0545194          .        .       .            .           .
   trend_112 |   -.629668          .        .       .            .           .
   trend_113 |   -.179993          .        .       .            .           .
   trend_114 |  -1.147627          .        .       .            .           .
   trend_115 |   .0303027          .        .       .            .           .
   trend_116 |   .4568415          .        .       .            .           .
   trend_117 |  -.8013847          .        .       .            .           .
   trend_118 |  -.1483512          .        .       .            .           .
   trend_119 |  -.6011092          .        .       .            .           .
   trend_120 |  -.7787735          .        .       .            .           .
   trend_121 |   .5391854          .        .       .            .           .
   trend_122 |   .0540867          .        .       .            .           .
   trend_123 |   .0839479          .        .       .            .           .
   trend_124 |   1.243941          .        .       .            .           .
   trend_125 |  -.0359622          .        .       .            .           .
   trend_126 |  -.2451474          .        .       .            .           .
   trend_127 |    .312031          .        .       .            .           .
   trend_128 |   .8932921          .        .       .            .           .
   trend_129 |  -.2504557          .        .       .            .           .
   trend_130 |  -.0157277          .        .       .            .           .
   trend_131 |   .6989058          .        .       .            .           .
   trend_132 |   .1373603          .        .       .            .           .
   trend_133 |   .7161652          .        .       .            .           .
   trend_134 |  -.3240854          .        .       .            .           .
   trend_135 |   .7571073          .        .       .            .           .
   trend_136 |   .2002308          .        .       .            .           .
   trend_137 |   .0773353          .        .       .            .           .
   trend_138 |   .0744456          .        .       .            .           .
   trend_139 |   .3260851          .        .       .            .           .
   trend_140 |  -.2611602          .        .       .            .           .
   trend_141 |  -.1995594          .        .       .            .           .
   trend_142 |   .2958923          .        .       .            .           .
   trend_143 |  -.5207132          .        .       .            .           .
   trend_144 |   -.645636          .        .       .            .           .
   trend_145 |  -.1105591          .        .       .            .           .
   trend_146 |   1.005592          .        .       .            .           .
   trend_147 |   .4347397          .        .       .            .           .
   trend_148 |   2.759558          .        .       .            .           .
   trend_149 |   2.124363          .        .       .            .           .
   trend_150 |   .5799486          .        .       .            .           .
   trend_151 |   1.966592          .        .       .            .           .
   trend_152 |   1.787675          .        .       .            .           .
   trend_153 |   2.331855          .        .       .            .           .
   trend_154 |   .9578943          .        .       .            .           .
   trend_155 |   1.795924          .        .       .            .           .
   trend_156 |   .7620608          .        .       .            .           .
   trend_157 |   1.478769          .        .       .            .           .
   trend_158 |   1.000141          .        .       .            .           .
   trend_159 |   -.065151          .        .       .            .           .
   trend_160 |    .272371          .        .       .            .           .
   trend_161 |  -.1882348          .        .       .            .           .
   trend_162 |   .1066518          .        .       .            .           .
   trend_163 |   1.172841          .        .       .            .           .
   trend_164 |   .6226648          .        .       .            .           .
   trend_165 |   .6295929          .        .       .            .           .
   trend_166 |   1.580815          .        .       .            .           .
   trend_167 |    2.60028          .        .       .            .           .
   trend_168 |   .0427532          .        .       .            .           .
   trend_169 |   .8635386          .        .       .            .           .
   trend_170 |   .7119481          .        .       .            .           .
   trend_171 |   .8077302          .        .       .            .           .
   trend_172 |   1.179188          .        .       .            .           .
   trend_173 |   .4107966          .        .       .            .           .
   trend_174 |  -.3062388          .        .       .            .           .
   trend_175 |   .4085516          .        .       .            .           .
   trend_176 |   1.396754          .        .       .            .           .
   trend_177 |   .2643018          .        .       .            .           .
   trend_178 |   5.566456          .        .       .            .           .
   trend_179 |   2.335121          .        .       .            .           .
   trend_180 |   .2331575          .        .       .            .           .
   trend_181 |   .5755525          .        .       .            .           .
   trend_182 |    .866969          .        .       .            .           .
   trend_183 |   -.449724          .        .       .            .           .
   trend_184 |   .9392884          .        .       .            .           .
   trend_185 |   .9680333          .        .       .            .           .
   trend_186 |  -.0547428          .        .       .            .           .
   trend_187 |   .2129785          .        .       .            .           .
   trend_188 |   1.862577          .        .       .            .           .
   trend_189 |   .7439358          .        .       .            .           .
   trend_190 |    1.20413          .        .       .            .           .
   trend_191 |   -.145884          .        .       .            .           .
   trend_192 |   6.513504          .        .       .            .           .
   trend_193 |   1.799158          .        .       .            .           .
   trend_194 |  -.2824071          .        .       .            .           .
   trend_195 |   .1681113          .        .       .            .           .
   trend_196 |   .6619053          .        .       .            .           .
   trend_197 |   1.028793          .        .       .            .           .
   trend_198 |  -.2265331          .        .       .            .           .
   trend_199 |   1.071847          .        .       .            .           .
   trend_200 |   .8737578          .        .       .            .           .
   trend_201 |   .8461161          .        .       .            .           .
   trend_202 |   .3303157          .        .       .            .           .
   trend_203 |    -.42258          .        .       .            .           .
   trend_204 |   1.568808          .        .       .            .           .
   trend_205 |   1.354774          .        .       .            .           .
   trend_206 |   -.490048          .        .       .            .           .
   trend_207 |   .2254579          .        .       .            .           .
   trend_208 |   .1065334          .        .       .            .           .
   trend_209 |   .5757301          .        .       .            .           .
   trend_210 |   -.128599          .        .       .            .           .
   trend_211 |   .2156781          .        .       .            .           .
   trend_212 |  -.3515435          .        .       .            .           .
   trend_213 |  -.3219652          .        .       .            .           .
   trend_214 |   .6008158          .        .       .            .           .
   trend_215 |   .1918716          .        .       .            .           .
   trend_216 |  -.2249956          .        .       .            .           .
   trend_217 |   1.500434          .        .       .            .           .
   trend_218 |  -.0528888          .        .       .            .           .
   trend_219 |   .0659555          .        .       .            .           .
   trend_220 |   .1021284          .        .       .            .           .
   trend_221 |   .0010616          .        .       .            .           .
   trend_222 |   .3038281          .        .       .            .           .
   trend_223 |   .6986459          .        .       .            .           .
   trend_224 |   .3479725          .        .       .            .           .
   trend_225 |    .019715          .        .       .            .           .
   trend_226 |   .3927834          .        .       .            .           .
   trend_227 |   .2622968          .        .       .            .           .
   trend_228 |  -.2881824          .        .       .            .           .
   trend_229 |   .1695497          .        .       .            .           .
   trend_230 |   .4594125          .        .       .            .           .
   trend_231 |   .2293904          .        .       .            .           .
   trend_232 |  -.0712688          .        .       .            .           .
   trend_233 |   .3803007          .        .       .            .           .
   trend_234 |   .3199514          .        .       .            .           .
   trend_235 |   .1386148          .        .       .            .           .
   trend_236 |   .3087174          .        .       .            .           .
   trend_237 |   .2669959          .        .       .            .           .
   trend_238 |   .2615643          .        .       .            .           .
   trend_239 |   .2972524          .        .       .            .           .
   trend_240 |  -.0871686          .        .       .            .           .
   trend_241 |   .4764746          .        .       .            .           .
   trend_242 |   1.794882          .        .       .            .           .
   trend_243 |   .6978449          .        .       .            .           .
   trend_244 |   1.669526          .        .       .            .           .
   trend_245 |   .1891263          .        .       .            .           .
   trend_246 |   .2660599          .        .       .            .           .
   trend_247 |   .6855748          .        .       .            .           .
   trend_248 |   .2807551          .        .       .            .           .
   trend_249 |   .0285453          .        .       .            .           .
   trend_250 |    .494384          .        .       .            .           .
   trend_251 |   .2663647          .        .       .            .           .
   trend_252 |   .2448444          .        .       .            .           .
   trend_253 |   .3057685          .        .       .            .           .
   trend_254 |   .4690761          .        .       .            .           .
   trend_255 |   2.071613          .        .       .            .           .
   trend_256 |   .3453577          .        .       .            .           .
   trend_257 |          0  (omitted)
   trend_258 |   .8640168          .        .       .            .           .
   trend_259 |  -.6948089          .        .       .            .           .
   trend_260 |   2.093484          .        .       .            .           .
   trend_261 |  -.8143026          .        .       .            .           .
   trend_262 |   1.223515          .        .       .            .           .
   trend_263 |   1.771195          .        .       .            .           .
   trend_264 |  -.1840399          .        .       .            .           .
   trend_265 |  -.6782885          .        .       .            .           .
   trend_266 |   -1.94518          .        .       .            .           .
   trend_267 |   7.227053          .        .       .            .           .
   trend_268 |  -.1044204          .        .       .            .           .
   trend_269 |   1.301757          .        .       .            .           .
   trend_270 |   -.284763          .        .       .            .           .
   trend_271 |  -.1397794          .        .       .            .           .
   trend_272 |  -.3365897          .        .       .            .           .
   trend_273 |  -.0174444          .        .       .            .           .
   trend_274 |    2.49242          .        .       .            .           .
   trend_275 |  -2.657295          .        .       .            .           .
   trend_276 |   2.842725          .        .       .            .           .
   trend_277 |  -1.241526          .        .       .            .           .
   trend_278 |   .6962067          .        .       .            .           .
   trend_279 |   .7235126          .        .       .            .           .
   trend_280 |   2.044228          .        .       .            .           .
   trend_281 |   2.372787          .        .       .            .           .
   trend_282 |  -.8070538          .        .       .            .           .
   trend_283 |   .2969717          .        .       .            .           .
   trend_284 |  -2.161001          .        .       .            .           .
   trend_285 |  -.8066418          .        .       .            .           .
   trend_286 |   .9857196          .        .       .            .           .
   trend_287 |   .3266095          .        .       .            .           .
   trend_288 |  -.3945133          .        .       .            .           .
   trend_289 |     .55714          .        .       .            .           .
   trend_290 |  -.2400908          .        .       .            .           .
   trend_291 |    .036223          .        .       .            .           .
   trend_292 |    .650326          .        .       .            .           .
   trend_293 |    .233734          .        .       .            .           .
   trend_294 |   1.314724          .        .       .            .           .
   trend_295 |  -.1306154          .        .       .            .           .
   trend_296 |   .6471591          .        .       .            .           .
   trend_297 |   .4616184          .        .       .            .           .
   trend_298 |   .2472867          .        .       .            .           .
   trend_299 |   4.805432          .        .       .            .           .
   trend_300 |   1.073187          .        .       .            .           .
   trend_301 |   .6372893          .        .       .            .           .
   trend_302 |   .3663631          .        .       .            .           .
   trend_303 |   .0377688          .        .       .            .           .
   trend_304 |   .6343251          .        .       .            .           .
   trend_305 |   .2856867          .        .       .            .           .
   trend_306 |   .9751458          .        .       .            .           .
   trend_307 |   .0220336          .        .       .            .           .
   trend_308 |   .2780507          .        .       .            .           .
   trend_309 |   .7988913          .        .       .            .           .
   trend_310 |   .1657237          .        .       .            .           .
   trend_311 |   .5042854          .        .       .            .           .
   trend_312 |   .5630979          .        .       .            .           .
   trend_313 |   .2656071          .        .       .            .           .
   trend_314 |   -.260691          .        .       .            .           .
   trend_315 |   .0182432          .        .       .            .           .
   trend_316 |   .0966557          .        .       .            .           .
   trend_317 |   .5756009          .        .       .            .           .
   trend_318 |   .0683832          .        .       .            .           .
   trend_319 |  -.0334467          .        .       .            .           .
   trend_320 |  -.4703652          .        .       .            .           .
   trend_321 |   .0963295          .        .       .            .           .
   trend_322 |  -.0979908          .        .       .            .           .
   trend_323 |   .4007666          .        .       .            .           .
   trend_324 |   .1693251          .        .       .            .           .
   trend_325 |   .1224224          .        .       .            .           .
   trend_326 |   .4654063          .        .       .            .           .
   trend_327 |  -.0741246          .        .       .            .           .
   trend_328 |   .1865717          .        .       .            .           .
   trend_329 |   .0256873          .        .       .            .           .
   trend_330 |   .6835538          .        .       .            .           .
   trend_331 |          0  (omitted)
   trend_332 |   .1995912          .        .       .            .           .
   trend_333 |          0  (omitted)
   trend_334 |   .0384852          .        .       .            .           .
   trend_335 |          0  (omitted)
   trend_336 |          0  (omitted)
   trend_337 |  -.2638565          .        .       .            .           .
   trend_338 |          0  (omitted)
   trend_339 |   .0054266          .        .       .            .           .
   trend_340 |   .6106254          .        .       .            .           .
   trend_341 |          0  (omitted)
   trend_342 |   1.578361          .        .       .            .           .
   trend_343 |   51.89245          .        .       .            .           .
   trend_344 |   .7545858          .        .       .            .           .
   trend_345 |          0  (omitted)
   trend_346 |  -.1518646          .        .       .            .           .
   trend_347 |      .0417          .        .       .            .           .
   trend_348 |          0  (omitted)
   trend_349 |   .2430432          .        .       .            .           .
   trend_350 |          0  (omitted)
   trend_351 |          0  (omitted)
   trend_352 |          0  (omitted)
   trend_353 |  -.0364072          .        .       .            .           .
   trend_354 |          0  (omitted)
   trend_355 |          0  (omitted)
   trend_356 |   .3272338          .        .       .            .           .
   trend_357 |   -.363949          .        .       .            .           .
   trend_358 |  -.4463632          .        .       .            .           .
   trend_359 |  -.0994113          .        .       .            .           .
   trend_360 |  -.2696284          .        .       .            .           .
   trend_361 |  -.0187825          .        .       .            .           .
   trend_362 |   .4551734          .        .       .            .           .
   trend_363 |   1.132893          .        .       .            .           .
   trend_364 |   .3538445          .        .       .            .           .
   trend_365 |   .7840019          .        .       .            .           .
   trend_366 |  -.2616003          .        .       .            .           .
   trend_367 |   .0018179          .        .       .            .           .
   trend_368 |   .2544388          .        .       .            .           .
   trend_369 |   .5527218          .        .       .            .           .
   trend_370 |   .8191405          .        .       .            .           .
   trend_371 |  -.3833692          .        .       .            .           .
   trend_372 |  -.3099656          .        .       .            .           .
   trend_373 |  -.4487193          .        .       .            .           .
   trend_374 |   .2793797          .        .       .            .           .
   trend_375 |  -.2436154          .        .       .            .           .
   trend_376 |   .0664522          .        .       .            .           .
   trend_377 |  -.5015096          .        .       .            .           .
   trend_378 |  -.0212724          .        .       .            .           .
   trend_379 |  -.0252481          .        .       .            .           .
   trend_380 |   .0046305          .        .       .            .           .
   trend_381 |   .7668125          .        .       .            .           .
   trend_382 |  -.2713317          .        .       .            .           .
   trend_383 |   .1934136          .        .       .            .           .
   trend_384 |   .9788501          .        .       .            .           .
   trend_385 |   .4462567          .        .       .            .           .
   trend_386 |   .7597486          .        .       .            .           .
   trend_387 |  -.2925889          .        .       .            .           .
   trend_388 |  -.2379761          .        .       .            .           .
   trend_389 |  -.0087529          .        .       .            .           .
   trend_390 |  -.1748791          .        .       .            .           .
   trend_391 |   .1666322          .        .       .            .           .
   trend_392 |  -.0957714          .        .       .            .           .
   trend_393 |  -.4636779          .        .       .            .           .
   trend_394 |   .1672546          .        .       .            .           .
   trend_395 |   .0519947          .        .       .            .           .
   trend_396 |   -.336861          .        .       .            .           .
   trend_397 |  -.2231089          .        .       .            .           .
   trend_398 |  -.4153146          .        .       .            .           .
   trend_399 |  -.5133779          .        .       .            .           .
   trend_400 |    .062047          .        .       .            .           .
   trend_401 |   .0273527          .        .       .            .           .
   trend_402 |  -.1839259          .        .       .            .           .
   trend_403 |   .8193648          .        .       .            .           .
   trend_404 |  -.7234915          .        .       .            .           .
   trend_405 |   .8414841          .        .       .            .           .
   trend_406 |  -.4467242          .        .       .            .           .
   trend_407 |   1.965198          .        .       .            .           .
   trend_408 |   .6360407          .        .       .            .           .
   trend_409 |  -.3074203          .        .       .            .           .
   trend_410 |  -.1811552          .        .       .            .           .
   trend_411 |   .8220366          .        .       .            .           .
   trend_412 |   1.396792          .        .       .            .           .
   trend_413 |   .6285259          .        .       .            .           .
   trend_414 |   1.897605          .        .       .            .           .
   trend_415 |   .2285729          .        .       .            .           .
   trend_416 |   .2848153          .        .       .            .           .
   trend_417 |    .520522          .        .       .            .           .
   trend_418 |   .8413301          .        .       .            .           .
   trend_419 |   .3328448          .        .       .            .           .
   trend_420 |   .2754029          .        .       .            .           .
   trend_421 |   .4781751          .        .       .            .           .
   trend_422 |   .2743937          .        .       .            .           .
   trend_423 |   .8190643          .        .       .            .           .
   trend_424 |   .7447901          .        .       .            .           .
   trend_425 |   .1470056          .        .       .            .           .
   trend_426 |   .1757088          .        .       .            .           .
   trend_427 |   .1543581          .        .       .            .           .
   trend_428 |   .5102666          .        .       .            .           .
   trend_429 |   .7606963          .        .       .            .           .
   trend_430 |   .3625118          .        .       .            .           .
   trend_431 |   .2824137          .        .       .            .           .
   trend_432 |   .0864267          .        .       .            .           .
   trend_433 |  -.1929025          .        .       .            .           .
   trend_434 |   .0439014          .        .       .            .           .
   trend_435 |   .3093031          .        .       .            .           .
   trend_436 |   .3188392          .        .       .            .           .
   trend_437 |   .0577273          .        .       .            .           .
   trend_438 |   .1140886          .        .       .            .           .
   trend_439 |  -.5191649          .        .       .            .           .
   trend_440 |   .1146681          .        .       .            .           .
   trend_441 |   .3008574          .        .       .            .           .
   trend_442 |   .1848573          .        .       .            .           .
   trend_443 |   .4035082          .        .       .            .           .
   trend_444 |  -.1514719          .        .       .            .           .
   trend_445 |   .9138276          .        .       .            .           .
   trend_446 |   .7852339          .        .       .            .           .
   trend_447 |   .3611186          .        .       .            .           .
   trend_448 |  -.1177767          .        .       .            .           .
   trend_449 |  -1.147544          .        .       .            .           .
   trend_450 |  -.4989419          .        .       .            .           .
   trend_451 |  -.7952679          .        .       .            .           .
   trend_452 |     .22022          .        .       .            .           .
   trend_453 |  -.5182844          .        .       .            .           .
   trend_454 |  -.2620335          .        .       .            .           .
   trend_455 |  -.0968584          .        .       .            .           .
   trend_456 |  -.6025108          .        .       .            .           .
   trend_457 |    1.20224          .        .       .            .           .
   trend_458 |   1.650143          .        .       .            .           .
   trend_459 |   .2933312          .        .       .            .           .
   trend_460 |   1.352918          .        .       .            .           .
   trend_461 |   .8405255          .        .       .            .           .
   trend_462 |   2.372772          .        .       .            .           .
   trend_463 |    .497761          .        .       .            .           .
   trend_464 |   1.611704          .        .       .            .           .
   trend_465 |   1.872164          .        .       .            .           .
   trend_466 |   1.077362          .        .       .            .           .
   trend_467 |   1.757983          .        .       .            .           .
   trend_468 |   2.743342          .        .       .            .           .
   trend_469 |   .8921657          .        .       .            .           .
   trend_470 |     1.3162          .        .       .            .           .
   trend_471 |   1.149644          .        .       .            .           .
   trend_472 |   3.089917          .        .       .            .           .
   trend_473 |   2.172442          .        .       .            .           .
   trend_474 |   .4575741          .        .       .            .           .
   trend_475 |   .2168446          .        .       .            .           .
   trend_476 |   .1866234          .        .       .            .           .
   trend_477 |    .263116          .        .       .            .           .
   trend_478 |   .0238824          .        .       .            .           .
   trend_479 |   .0406445          .        .       .            .           .
   trend_480 |   .7431148          .        .       .            .           .
   trend_481 |   -.238698          .        .       .            .           .
   trend_482 |   .0844823          .        .       .            .           .
   trend_483 |   .1834375          .        .       .            .           .
   trend_484 |  -.1684321          .        .       .            .           .
   trend_485 |  -.0081144          .        .       .            .           .
   trend_486 |   .2990396          .        .       .            .           .
   trend_487 |  -.0080248          .        .       .            .           .
   trend_488 |   .0983495          .        .       .            .           .
   trend_489 |   .5544416          .        .       .            .           .
   trend_490 |  -.0965127          .        .       .            .           .
   trend_491 |   .0498264          .        .       .            .           .
   trend_492 |  -.2328194          .        .       .            .           .
   trend_493 |  -.1888309          .        .       .            .           .
   trend_494 |  -.2832787          .        .       .            .           .
   trend_495 |  -.9697069          .        .       .            .           .
   trend_496 |  -1.576783          .        .       .            .           .
   trend_497 |  -1.208432          .        .       .            .           .
   trend_498 |  -1.001668          .        .       .            .           .
   trend_499 |  -.9415706          .        .       .            .           .
   trend_500 |  -.7857246          .        .       .            .           .
   trend_501 |  -.4936856          .        .       .            .           .
   trend_502 |  -1.480039          .        .       .            .           .
   trend_503 |  -.4350511          .        .       .            .           .
   trend_504 |  -.1723258          .        .       .            .           .
   trend_505 |   .0556047          .        .       .            .           .
   trend_506 |   2.945984          .        .       .            .           .
   trend_507 |   .4871773          .        .       .            .           .
   trend_508 |   .8350704          .        .       .            .           .
   trend_509 |  -.0168005          .        .       .            .           .
   trend_510 |    .094725          .        .       .            .           .
   trend_511 |   .6252588          .        .       .            .           .
   trend_512 |   .8237786          .        .       .            .           .
   trend_513 |   .3769763          .        .       .            .           .
   trend_514 |  -.2080814          .        .       .            .           .
   trend_515 |   .8980733          .        .       .            .           .
   trend_516 |  -.4097274          .        .       .            .           .
   trend_517 |   .2927008          .        .       .            .           .
   trend_518 |   .6030903          .        .       .            .           .
   trend_519 |   .4655994          .        .       .            .           .
   trend_520 |   .0422098          .        .       .            .           .
   trend_521 |   1.051503          .        .       .            .           .
   trend_522 |   .4205224          .        .       .            .           .
   trend_523 |    .520742          .        .       .            .           .
   trend_524 |   1.144448          .        .       .            .           .
   trend_525 |   .1953337          .        .       .            .           .
   trend_526 |   .2890016          .        .       .            .           .
   trend_527 |   1.206614          .        .       .            .           .
   trend_528 |  -.2048008          .        .       .            .           .
   trend_529 |   .7474196          .        .       .            .           .
   trend_530 |   1.232078          .        .       .            .           .
   trend_531 |   1.722222          .        .       .            .           .
   trend_532 |   .3257377          .        .       .            .           .
   trend_533 |   .3536463          .        .       .            .           .
   trend_534 |   .2229198          .        .       .            .           .
   trend_535 |  -.0219375          .        .       .            .           .
   trend_536 |   .5649694          .        .       .            .           .
   trend_537 |   .2815578          .        .       .            .           .
   trend_538 |    .127911          .        .       .            .           .
   trend_539 |   .0583319          .        .       .            .           .
   trend_540 |  -.1086078          .        .       .            .           .
   trend_541 |   .0154869          .        .       .            .           .
   trend_542 |  -.1045518          .        .       .            .           .
   trend_543 |   .8665523          .        .       .            .           .
   trend_544 |   .0324166          .        .       .            .           .
   trend_545 |  -.2545964          .        .       .            .           .
   trend_546 |  -.0755751          .        .       .            .           .
   trend_547 |  -1.064929          .        .       .            .           .
   trend_548 |   .1222914          .        .       .            .           .
   trend_549 |   .1514418          .        .       .            .           .
   trend_550 |  -.2213982          .        .       .            .           .
   trend_551 |   -.547191          .        .       .            .           .
   trend_552 |    .229618          .        .       .            .           .
   trend_553 |   .1064864          .        .       .            .           .
   trend_554 |  -.7857534          .        .       .            .           .
   trend_555 |  -.3052367          .        .       .            .           .
   trend_556 |  -.0114895          .        .       .            .           .
   trend_557 |   .1171634          .        .       .            .           .
   trend_558 |   -.619729          .        .       .            .           .
   trend_559 |   .0820008          .        .       .            .           .
   trend_560 |   .6444945          .        .       .            .           .
   trend_561 |   .5336645          .        .       .            .           .
   trend_562 |   .3428237          .        .       .            .           .
   trend_563 |   .7453699          .        .       .            .           .
   trend_564 |   .6344488          .        .       .            .           .
   trend_565 |   .7745542          .        .       .            .           .
   trend_566 |   .7481512          .        .       .            .           .
   trend_567 |   .1176371          .        .       .            .           .
   trend_568 |   .3113856          .        .       .            .           .
   trend_569 |   .1605301          .        .       .            .           .
   trend_570 |    1.23638          .        .       .            .           .
   trend_571 |   .5006569          .        .       .            .           .
   trend_572 |   1.098604          .        .       .            .           .
   trend_573 |   .2011387          .        .       .            .           .
   trend_574 |    .642762          .        .       .            .           .
   trend_575 |   .0672618          .        .       .            .           .
   trend_576 |   1.446019          .        .       .            .           .
   trend_577 |          0  (omitted)
       _cons |  -10.51854          .        .       .            .           .
------------------------------------------------------------------------------
r; t=183.11 16:06:05

. lincom Corrupt+i_b

 ( 1)  Corrupt + i_b = 0

------------------------------------------------------------------------------
        prop | Coefficient  Std. err.      t    P>|t|     [95% conf. interval]
-------------+----------------------------------------------------------------
         (1) |   .5121246          .        .       .            .           .
------------------------------------------------------------------------------
r; t=0.01 16:06:05

. 
. cap log close
