-------------------------------------------------------------------------------
      name:  <unnamed>
       log:  /project/Tables/Table6.txt
  log type:  text
 opened on:  30 Apr 2025, 15:51:21
r; t=0.00 15:51:21

. 
. ** TABLE VI columns 1 and 2
. 
. areg prop Corrupt inter_1 AltosBoth inter_mismo_c inter_mismo_a MismoPartidoG
>    inter_2 inter_total_mean_c inter_total_mean_a Already CorruptPast Auditada
>  grade_1 grade_2 Turn_* yy_* total  HOMI_CAP_MUN inter_homi_mean_c inter_homi
> _mean_a mis_tot P_* trend*,  absorb(clavedelae) cluster(clave_mun)
note: Turn_4 omitted because of collinearity.
note: yy_1 omitted because of collinearity.
note: yy_2 omitted because of collinearity.
note: yy_3 omitted because of collinearity.
note: yy_11 omitted because of collinearity.
note: P_82 omitted because of collinearity.
note: P_L_70 omitted because of collinearity.
note: P_L_73 omitted because of collinearity.
note: trend_577 omitted because of collinearity.
note: trend_257 omitted because of collinearity
note: trend_345 omitted because of collinearity

Linear regression, absorbing indicators            Number of obs     = 340,009
Absorbed variable: clavedelaescuela                No. of categories =  21,759
                                                   F(176, 576)       =       .
                                                   Prob > F          =       .
                                                   R-squared         =  0.2760
                                                   Adj R-squared     =  0.2246
                                                   Root MSE          = 10.9687

                            (Std. err. adjusted for 577 clusters in clave_mun)
------------------------------------------------------------------------------
             |               Robust
        prop | Coefficient  std. err.      t    P>|t|     [95% conf. interval]
-------------+----------------------------------------------------------------
     Corrupt |   .2352029   .2590214     0.91   0.364    -.2735387    .7439445
     inter_1 |   .6258844   .2731381     2.29   0.022     .0894164    1.162353
   AltosBoth |  -.2038815   .2587998    -0.79   0.431    -.7121878    .3044249
inter_mism~c |  -.3661851   .3189583    -1.15   0.251    -.9926484    .2602781
inter_mism~a |   .2829416   .2445115     1.16   0.248    -.1973014    .7631845
MismoParti~G |   .0353336   .2232257     0.16   0.874    -.4031021    .4737692
     inter_2 |  -.3668334   .2093963    -1.75   0.080    -.7781067    .0444399
inter_tota~c |  -6.25e-11   8.35e-11    -0.75   0.454    -2.27e-10    1.02e-10
inter_tota~a |  -1.09e-10   7.94e-11    -1.37   0.172    -2.65e-10    4.75e-11
AlreadyAud~d |  -.1852148   .2131795    -0.87   0.385    -.6039187    .2334891
 CorruptPast |   .0191894   .2239271     0.09   0.932    -.4206237    .4590026
    Auditada |  -.1269994   .2325946    -0.55   0.585    -.5838365    .3298376
     grade_1 |  -2.637724   .1136434   -23.21   0.000     -2.86093   -2.414518
     grade_2 |  -.8616772   .0613759   -14.04   0.000     -.982225   -.7411294
      Turn_1 |   1.245374   4.148842     0.30   0.764    -6.903329    9.394078
      Turn_2 |    .086436    4.13024     0.02   0.983     -8.02573    8.198602
      Turn_3 |  -.3122689   4.270345    -0.07   0.942    -8.699615    8.075077
      Turn_4 |          0  (omitted)
        yy_1 |          0  (omitted)
        yy_2 |          0  (omitted)
        yy_3 |          0  (omitted)
        yy_4 |  -1.243896   1.344111    -0.93   0.355    -3.883853     1.39606
        yy_5 |  -.8430546   1.160584    -0.73   0.468    -3.122548    1.436439
        yy_6 |    2.48525   1.014307     2.45   0.015     .4930586    4.477442
        yy_7 |   .7344101   .8072045     0.91   0.363    -.8510129    2.319833
        yy_8 |   1.127624   .6389068     1.76   0.078    -.1272467    2.382496
        yy_9 |   -.061403   .4285162    -0.14   0.886    -.9030478    .7802418
       yy_10 |   2.982759   .3537814     8.43   0.000       2.2879    3.677618
       yy_11 |          0  (omitted)
       total |  -6.10e-11   1.56e-10    -0.39   0.696    -3.68e-10    2.46e-10
HOMI_CAP_MUN |  -47.81055   228.2955    -0.21   0.834    -496.2036    400.5825
inter_homi~c |  -218.1456   426.9965    -0.51   0.610    -1056.806    620.5143
inter_homi~a |   31.03611   251.6045     0.12   0.902     -463.138    525.2102
     mis_tot |   -.455824   .4582124    -0.99   0.320    -1.355795     .444147
         P_1 |   3.708341   1.480882     2.50   0.013     .7997536    6.616928
         P_2 |   .6684387   1.155905     0.58   0.563    -1.601864    2.938741
         P_3 |   4.106603   1.336622     3.07   0.002     1.481355     6.73185
         P_4 |   1.930213   1.592687     1.21   0.226    -1.197969    5.058395
         P_5 |   3.379399   1.207386     2.80   0.005     1.007983    5.750816
         P_6 |   1.862173   1.146386     1.62   0.105    -.3894348     4.11378
         P_7 |   5.336343   1.353593     3.94   0.000     2.677765    7.994922
         P_8 |   1.697471   1.188622     1.43   0.154    -.6370901    4.032032
         P_9 |   3.151916   1.165966     2.70   0.007     .8618536    5.441979
        P_10 |    2.40418   1.327365     1.81   0.071    -.2028856    5.011246
        P_11 |  -.4626021    1.50327    -0.31   0.758    -3.415162    2.489957
        P_12 |   .3933445   1.656057     0.24   0.812    -2.859303    3.645992
        P_13 |   2.932843   1.228549     2.39   0.017     .5198608    5.345825
        P_14 |   2.715812   1.428758     1.90   0.058    -.0903984    5.522022
        P_15 |   1.616395   1.167621     1.38   0.167    -.6769191    3.909709
        P_16 |   2.228702   1.238413     1.80   0.072    -.2036537    4.661058
        P_17 |   1.509285   1.316984     1.15   0.252    -1.077392    4.095962
        P_18 |  -10.77762   1.579116    -6.83   0.000    -13.87915   -7.676093
        P_19 |   1.742224   1.147055     1.52   0.129    -.5106964    3.995145
        P_20 |   3.832255   1.251172     3.06   0.002     1.374839    6.289672
        P_21 |   1.494527   1.152192     1.30   0.195    -.7684819    3.757537
        P_22 |   1.737083   1.154167     1.51   0.133    -.5298061    4.003972
        P_23 |   2.565023   1.212971     2.11   0.035     .1826382    4.947408
        P_24 |   3.731992   1.214117     3.07   0.002     1.347356    6.116628
        P_25 |   3.509459   1.308255     2.68   0.008     .9399285     6.07899
        P_26 |   2.718874   1.226925     2.22   0.027     .3090818    5.128666
        P_27 |   1.888581   1.152509     1.64   0.102     -.375052    4.152213
        P_28 |   1.895007   1.226165     1.55   0.123    -.5132916    4.303306
        P_29 |   1.074781   1.242966     0.86   0.388    -1.366517    3.516079
        P_30 |   3.644141   1.230785     2.96   0.003     1.226767    6.061514
        P_31 |   2.665754   1.346965     1.98   0.048     .0201928    5.311315
        P_32 |   4.611589   1.222751     3.77   0.000     2.209995    7.013182
        P_33 |   .1557318   1.238751     0.13   0.900    -2.277287    2.588751
        P_34 |   2.984056   1.445415     2.06   0.039     .1451293    5.822982
        P_35 |    3.96605    1.33992     2.96   0.003     1.334325    6.597774
        P_36 |   3.329677   1.192703     2.79   0.005     .9870992    5.672255
        P_37 |   2.356926   1.362755     1.73   0.084    -.3196497    5.033502
        P_38 |   4.056111   1.235835     3.28   0.001     1.628818    6.483404
        P_39 |   3.506415   1.217276     2.88   0.004     1.115574    5.897256
        P_40 |   3.420651   1.201561     2.85   0.005     1.060677    5.780625
        P_41 |   2.567505   1.163272     2.21   0.028     .2827319    4.852278
        P_42 |  -6.589193   1.313858    -5.02   0.000     -9.16973   -4.008657
        P_43 |   2.177234   1.353376     1.61   0.108    -.4809193    4.835388
        P_44 |  -1.230854   1.256089    -0.98   0.328    -3.697926    1.236218
        P_45 |   2.080473   1.253452     1.66   0.098    -.3814216    4.542368
        P_46 |  -5.933118   1.345275    -4.41   0.000    -8.575362   -3.290875
        P_47 |   2.326958   1.300354     1.79   0.074    -.2270565    4.880972
        P_48 |   3.055128   1.279012     2.39   0.017     .5430323    5.567224
        P_49 |  -.6925413   1.198939    -0.58   0.564    -3.047366    1.662283
        P_50 |    3.70507   1.477203     2.51   0.012     .8037089    6.606432
        P_51 |   1.135966   1.168629     0.97   0.331    -1.159328     3.43126
        P_52 |    2.73339   1.449366     1.89   0.060    -.1132969    5.580077
        P_53 |   1.563579   1.299533     1.20   0.229    -.9888222     4.11598
        P_54 |   1.106538   1.227585     0.90   0.368    -1.304551    3.517626
        P_55 |  -2.589153   1.148515    -2.25   0.025    -4.844942   -.3333641
        P_56 |  -7.487127    5.81716    -1.29   0.199    -18.91256    3.938304
        P_57 |    3.44411    1.15268     2.99   0.003     1.180141    5.708078
        P_58 |   2.100688    1.16798     1.80   0.073    -.1933317    4.394707
        P_59 |   1.706278   1.425961     1.20   0.232    -1.094439    4.506995
        P_60 |   1.809238   1.308204     1.38   0.167    -.7601931     4.37867
        P_61 |   .9558711   1.159197     0.82   0.410    -1.320898     3.23264
        P_62 |   2.168355   1.129812     1.92   0.055    -.0506992    4.387409
        P_63 |   .8227399   1.198165     0.69   0.493    -1.530565    3.176044
        P_64 |   2.194123   1.334454     1.64   0.101    -.4268661    4.815112
        P_65 |   .3712643    2.51274     0.15   0.883    -4.563985    5.306513
        P_66 |   1.271805   1.148549     1.11   0.269    -.9840489    3.527659
        P_67 |   2.367701   1.111857     2.13   0.034     .1839129    4.551488
        P_68 |    .696344   1.244133     0.56   0.576    -1.747247    3.139935
        P_69 |   .1692716   1.208276     0.14   0.889    -2.203892    2.542435
        P_70 |   7.270808   3.270871     2.22   0.027     .8465186     13.6951
        P_71 |   3.247461   1.715217     1.89   0.059    -.1213815    6.616303
        P_72 |   1.892417   1.424452     1.33   0.185    -.9053367     4.69017
        P_73 |   2.591511   1.144089     2.27   0.024     .3444167    4.838606
        P_74 |   5.751481   1.202171     4.78   0.000     3.390308    8.112654
        P_75 |   3.277438   1.262577     2.60   0.010     .7976231    5.757254
        P_76 |   2.032213   1.398032     1.45   0.147    -.7136499    4.778076
        P_77 |   4.492399   1.616522     2.78   0.006     1.317403    7.667394
        P_78 |   3.136301   1.469535     2.13   0.033     .2500003    6.022602
        P_79 |   7.077983   5.650044     1.25   0.211    -4.019217    18.17518
        P_80 |   2.932945   1.216113     2.41   0.016     .5443878    5.321502
        P_81 |   4.852701   1.601105     3.03   0.003     1.707985    7.997418
        P_82 |          0  (omitted)
       P_L_1 |   1.169666   1.069916     1.09   0.275    -.9317467    3.271078
       P_L_2 |  -2.202731   .7941106    -2.77   0.006    -3.762436   -.6430255
       P_L_3 |   .1149536   .9021238     0.13   0.899      -1.6569    1.886807
       P_L_4 |   .3833251   1.165754     0.33   0.742    -1.906322    2.672972
       P_L_5 |    .387829   1.042368     0.37   0.710    -1.659477    2.435135
       P_L_6 |   .1175752   .8656576     0.14   0.892    -1.582655    1.817805
       P_L_7 |  -.7086175   1.024207    -0.69   0.489    -2.720254    1.303019
       P_L_8 |  -.5092812   .8282382    -0.61   0.539    -2.136016    1.117454
       P_L_9 |   1.243845   .8749746     1.42   0.156    -.4746844    2.962375
      P_L_10 |   .5046785   1.106756     0.46   0.649    -1.669091    2.678448
      P_L_11 |  -1.159616   1.048392    -1.11   0.269    -3.218754    .8995215
      P_L_12 |   1.595191   .9117069     1.75   0.081    -.1954844    3.385866
      P_L_13 |   9.658068   .8415046    11.48   0.000     8.005276    11.31086
      P_L_14 |  -.7390098   .9805888    -0.75   0.451    -2.664975    1.186956
      P_L_15 |  -2.081007    1.20481    -1.73   0.085    -4.447364    .2853488
      P_L_16 |  -2.490938   .9166153    -2.72   0.007    -4.291254   -.6906224
      P_L_17 |   .5985916   .9232607     0.65   0.517    -1.214777     2.41196
      P_L_18 |   1.188091   .8729592     1.36   0.174    -.5264802    2.902662
      P_L_19 |  -33.48194   2.480783   -13.50   0.000    -38.35442   -28.60945
      P_L_20 |  -1.773589   .8200147    -2.16   0.031    -3.384173    -.163006
      P_L_21 |  -1.713637   .8202561    -2.09   0.037    -3.324694    -.102579
      P_L_22 |    .088082   .8273586     0.11   0.915    -1.536926     1.71309
      P_L_23 |   .2493269   .7677818     0.32   0.745    -1.258666     1.75732
      P_L_24 |   2.065103   1.171045     1.76   0.078    -.2349366    4.365142
      P_L_25 |   .2735007   .8348919     0.33   0.743    -1.366303    1.913304
      P_L_26 |   .2254702   .8495067     0.27   0.791    -1.443038    1.893979
      P_L_27 |  -3.600574   .8081147    -4.46   0.000    -5.187785   -2.013363
      P_L_28 |  -.0483746   .7838285    -0.06   0.951    -1.587885    1.491136
      P_L_29 |   1.393061   1.325446     1.05   0.294    -1.210236    3.996358
      P_L_30 |   .5701561   .8675245     0.66   0.511    -1.133741    2.274053
      P_L_31 |   1.145852   .9466022     1.21   0.227    -.7133607    3.005065
      P_L_32 |   2.100324   1.198323     1.75   0.080    -.2532918    4.453941
      P_L_33 |   .0798911   .7843101     0.10   0.919    -1.460565    1.620348
      P_L_34 |   .3859904   .7739405     0.50   0.618    -1.134099     1.90608
      P_L_35 |   2.503892   4.884862     0.51   0.608    -7.090422    12.09821
      P_L_36 |  -.4062922   .8419241    -0.48   0.630    -2.059908    1.247323
      P_L_37 |  -.3651841   .8163781    -0.45   0.655    -1.968625    1.238257
      P_L_38 |  -7.096981   .9027433    -7.86   0.000    -8.870051   -5.323911
      P_L_39 |  -3.131601   2.019754    -1.55   0.122    -7.098582    .8353805
      P_L_40 |   2.326269   .9749764     2.39   0.017      .411327    4.241212
      P_L_41 |   1.927352   1.020673     1.89   0.059    -.0773419    3.932046
      P_L_42 |  -6.789321   .9065644    -7.49   0.000    -8.569896   -5.008746
      P_L_43 |   2.575425   .8648408     2.98   0.003     .8767994    4.274051
      P_L_44 |   1.140922   .9893838     1.15   0.249    -.8023178    3.084162
      P_L_45 |  -2.163097   .8288882    -2.61   0.009    -3.791109   -.5350848
      P_L_46 |  -1.694671   .9475618    -1.79   0.074    -3.555769    .1664264
      P_L_47 |  -1.193355   1.195602    -1.00   0.319    -3.541627    1.154917
      P_L_48 |   2.342385   .9759284     2.40   0.017     .4255731    4.259198
      P_L_49 |   1.078135   .8214316     1.31   0.190    -.5352313    2.691502
      P_L_50 |   1.709149   1.232957     1.39   0.166    -.7124904    4.130789
      P_L_51 |   2.960391   .7585876     3.90   0.000     1.470456    4.450326
      P_L_52 |    .199189   .7484365     0.27   0.790    -1.270808    1.669186
      P_L_53 |   .7392373   1.652121     0.45   0.655    -2.505678    3.984153
      P_L_54 |  -1.751246   2.545827    -0.69   0.492    -6.751481    3.248989
      P_L_55 |  -.2190875   .9865815    -0.22   0.824    -2.156823    1.718648
      P_L_56 |  -.2813333   .7529713    -0.37   0.709    -1.760237    1.197571
      P_L_57 |   .0966515   .7377964     0.13   0.896    -1.352448    1.545751
      P_L_58 |   -.935561   .9241503    -1.01   0.312    -2.750676    .8795543
      P_L_59 |   3.423683   .7927185     4.32   0.000     1.866712    4.980655
      P_L_60 |  -1.759528   1.130213    -1.56   0.120     -3.97937     .460314
      P_L_61 |  -7.587497   5.811439    -1.31   0.192    -19.00169    3.826699
      P_L_62 |  -1.062315   1.019106    -1.04   0.298    -3.063932    .9393014
      P_L_63 |  -1.179977   2.049014    -0.58   0.565    -5.204426    2.844472
      P_L_64 |   2.960804   .9049702     3.27   0.001      1.18336    4.738248
      P_L_65 |  -2.207184   .9972999    -2.21   0.027    -4.165971   -.2483961
      P_L_66 |   2.783808   1.225142     2.27   0.023      .377518    5.190098
      P_L_67 |   2.837601   1.278147     2.22   0.027     .3272049    5.347998
      P_L_68 |   4.051933     1.1246     3.60   0.000     1.843117    6.260749
      P_L_69 |  -4.561322   1.803598    -2.53   0.012    -8.103753   -1.018892
      P_L_70 |          0  (omitted)
      P_L_71 |   .0440149   .8426748     0.05   0.958    -1.611075    1.699105
      P_L_72 |   4.701068   1.215645     3.87   0.000     2.313431    7.088705
      P_L_73 |          0  (omitted)
     trend_1 |  -.1743459   .2580583    -0.68   0.500    -.6811959    .3325041
     trend_2 |  -.0648355   .2566778    -0.25   0.801     -.568974     .439303
     trend_3 |   -.004443   .2435476    -0.02   0.985    -.4827927    .4739067
     trend_4 |   .3070433    .256859     1.20   0.232    -.1974511    .8115378
     trend_5 |  -.0588937   .2593222    -0.23   0.820    -.5682261    .4504387
     trend_6 |  -.2655181   .2397933    -1.11   0.269     -.736494    .2054578
     trend_7 |  -.3577343   .2746369    -1.30   0.193    -.8971463    .1816776
     trend_8 |  -.0849028   .2387034    -0.36   0.722    -.5537381    .3839324
     trend_9 |  -.2279757   .2615525    -0.87   0.384    -.7416887    .2857372
    trend_10 |  -.2511487   .3046777    -0.82   0.410    -.8495634     .347266
    trend_11 |  -1.456771   .3652148    -3.99   0.000    -2.174086   -.7394557
    trend_12 |  -1.500857   .3688618    -4.07   0.000    -2.225335   -.7763786
    trend_13 |  -1.504934   .3586322    -4.20   0.000     -2.20932   -.8005473
    trend_14 |  -1.315624   .3865442    -3.40   0.001    -2.074832   -.5564161
    trend_15 |  -1.863091   .3327946    -5.60   0.000     -2.51673   -1.209452
    trend_16 |   .0279699    .200937     0.14   0.889    -.3666885    .4226284
    trend_17 |  -.1667213   .1930351    -0.86   0.388    -.5458597    .2124172
    trend_18 |  -.1291365     .19499    -0.66   0.508    -.5121147    .2538417
    trend_19 |  -.1437846    .197986    -0.73   0.468     -.532647    .2450779
    trend_20 |   .2326162   .2501869     0.93   0.353    -.2587737    .7240061
    trend_21 |  -.5375761   .3056179    -1.76   0.079    -1.137838    .0626853
    trend_22 |  -.1125103   .2008102    -0.56   0.576    -.5069199    .2818993
    trend_23 |  -.4279455   .3021045    -1.42   0.157    -1.021306    .1654154
    trend_24 |  -.2718146   .3054764    -0.89   0.374    -.8717981     .328169
    trend_25 |    .106972   .1956416     0.55   0.585    -.2772859    .4912298
    trend_26 |   1.501631   .1955308     7.68   0.000     1.117591    1.885672
    trend_27 |  -.2823511   .2953902    -0.96   0.340    -.8625243    .2978221
    trend_28 |   2.082061   .1998112    10.42   0.000     1.689614    2.474509
    trend_29 |   .0314862   .3044459     0.10   0.918    -.5664733    .6294456
    trend_30 |  -.8965049   .3084701    -2.91   0.004    -1.502368   -.2906415
    trend_31 |   .7789115   .1962241     3.97   0.000     .3935094    1.164314
    trend_32 |  -.6833739   .1935774    -3.53   0.000    -1.063577   -.3031703
    trend_33 |  -.5318315   .2092832    -2.54   0.011    -.9428827   -.1207802
    trend_34 |  -.3863666   .3343639    -1.16   0.248    -1.043088    .2703545
    trend_35 |  -.1927545   .3109492    -0.62   0.536    -.8034871     .417978
    trend_36 |  -1.445413   .2112795    -6.84   0.000    -1.860385   -1.030441
    trend_37 |  -.1590863   .2132981    -0.75   0.456    -.5780231    .2598505
    trend_38 |   -.490915   .2094235    -2.34   0.019    -.9022419   -.0795881
    trend_39 |   .3389267   .4556597     0.74   0.457    -.5560304    1.233884
    trend_40 |  -.3747895   .1973934    -1.90   0.058    -.7624881    .0129092
    trend_41 |  -.3448629   .1957001    -1.76   0.079    -.7292358    .0395099
    trend_42 |  -.4569786    .198906    -2.30   0.022    -.8476481   -.0663091
    trend_43 |  -.6129319   .1981145    -3.09   0.002    -1.002047   -.2238169
    trend_44 |  -.8476102   .1997823    -4.24   0.000    -1.240001   -.4552195
    trend_45 |   .2503702   .2049365     1.22   0.222    -.1521437    .6528842
    trend_46 |  -.1406888   .1933098    -0.73   0.467    -.5203668    .2389893
    trend_47 |   .0195122   .1989252     0.10   0.922    -.3711949    .4102193
    trend_48 |   .0585929   .1976867     0.30   0.767    -.3296817    .4468675
    trend_49 |  -.0071495   .1972076    -0.04   0.971    -.3944831    .3801842
    trend_50 |   .3596126   .1948648     1.85   0.065    -.0231196    .7423449
    trend_51 |   .4894911   .2059689     2.38   0.018     .0849494    .8940328
    trend_52 |    .164151   .1962805     0.84   0.403    -.2213618    .5496639
    trend_53 |  -.1106289    .193989    -0.57   0.569    -.4916411    .2703832
    trend_54 |  -.3595595   .3250783    -1.11   0.269    -.9980429     .278924
    trend_55 |   4.285424   .4940027     8.67   0.000     3.315158     5.25569
    trend_56 |   5.861049   .3997039    14.66   0.000     5.075995    6.646104
    trend_57 |   .4869462   .4535862     1.07   0.283    -.4039383    1.377831
    trend_58 |   .4432389   .1992108     2.22   0.026     .0519707    .8345071
    trend_59 |   1.248508   .2004777     6.23   0.000     .8547517    1.642264
    trend_60 |   1.300891   .1926075     6.75   0.000     .9225922     1.67919
    trend_61 |   1.016769   .4292797     2.37   0.018      .173625    1.859914
    trend_62 |   1.486867   .3226985     4.61   0.000     .8530578    2.120676
    trend_63 |    1.84432   .3713342     4.97   0.000     1.114985    2.573654
    trend_64 |   1.970788   .2251663     8.75   0.000     1.528541    2.413035
    trend_65 |    1.17448   .3480125     3.37   0.001     .4909515    1.858008
    trend_66 |   .4288063   .2154758     1.99   0.047     .0055923    .8520203
    trend_67 |   2.045707   .3411941     6.00   0.000      1.37557    2.715843
    trend_68 |    1.03519   .2609145     3.97   0.000     .5227307     1.54765
    trend_69 |   1.152616   .3564402     3.23   0.001     .4525347    1.852697
    trend_70 |   .6706698   .3322581     2.02   0.044     .0180846    1.323255
    trend_71 |   1.957308   .3132829     6.25   0.000     1.341992    2.572624
    trend_72 |   1.130212   .3325877     3.40   0.001     .4769791    1.783444
    trend_73 |   .9736353   .2406846     4.05   0.000     .5009088    1.446362
    trend_74 |   2.165129   .2770157     7.82   0.000     1.621045    2.709213
    trend_75 |   .5604243   .3266697     1.72   0.087    -.0811848    1.202033
    trend_76 |    .823138   .2272416     3.62   0.000     .3768149    1.269461
    trend_77 |   1.003205   .3479485     2.88   0.004     .3198028    1.686608
    trend_78 |   1.428967   .4045363     3.53   0.000     .6344205    2.223513
    trend_79 |   .4957991   .2530038     1.96   0.051    -.0011235    .9927216
    trend_80 |   5.262406   .3807429    13.82   0.000     4.514592     6.01022
    trend_81 |   1.625358   .3667474     4.43   0.000     .9050329    2.345684
    trend_82 |    .429882   .3510634     1.22   0.221    -.2596384    1.119402
    trend_83 |    .496808   .3201528     1.55   0.121    -.1320012    1.125617
    trend_84 |   1.321013    .337018     3.92   0.000     .6590788    1.982947
    trend_85 |   .3361369   .3838212     0.88   0.382     -.417723    1.089997
    trend_86 |   1.060323   .2171428     4.88   0.000     .6338343    1.486811
    trend_87 |   .8744651     .29128     3.00   0.003     .3023646    1.446566
    trend_88 |   .7412462   .2117639     3.50   0.001     .3253227     1.15717
    trend_89 |   1.843806   .1944177     9.48   0.000     1.461952     2.22566
    trend_90 |   2.725965   .3331718     8.18   0.000     2.071586    3.380345
    trend_91 |   .6340079   .2335709     2.71   0.007     .1752535    1.092762
    trend_92 |  -.4724127   .3107429    -1.52   0.129     -1.08274    .1379147
    trend_93 |    .842179   .2315473     3.64   0.000     .3873989    1.296959
    trend_94 |   -1.33038   .2212759    -6.01   0.000    -1.764986   -.8957737
    trend_95 |  -.0526143   .2615818    -0.20   0.841    -.5663848    .4611561
    trend_96 |  -.4417111   .2704288    -1.63   0.103    -.9728579    .0894356
    trend_97 |  -.0484657    .218853    -0.22   0.825    -.4783129    .3813816
    trend_98 |   .6647099   .2532738     2.62   0.009      .167257    1.162163
    trend_99 |  -.8292772    .339618    -2.44   0.015    -1.496318   -.1622366
   trend_100 |  -.7979538   .3003168    -2.66   0.008    -1.387803   -.2081043
   trend_101 |   .1408616   .2677326     0.53   0.599    -.3849896    .6667129
   trend_102 |    .531385   .2060143     2.58   0.010     .1267541    .9360158
   trend_103 |  -.7331558   .3193268    -2.30   0.022    -1.360343   -.1059688
   trend_104 |  -.0450961   .1910713    -0.24   0.814    -.4203775    .3301853
   trend_105 |  -.1888495   .2327828    -0.81   0.418    -.6460561    .2683572
   trend_106 |  -.2845908   .1951852    -1.46   0.145    -.6679524    .0987707
   trend_107 |  -.5264686   .1929914    -2.73   0.007    -.9055212    -.147416
   trend_108 |  -.2346531   .2010611    -1.17   0.244    -.6295554    .1602493
   trend_109 |    .102759   .1939534     0.53   0.596    -.2781831     .483701
   trend_110 |   .4539067   .1926367     2.36   0.019     .0755506    .8322627
   trend_111 |  -.0059274   .2007373    -0.03   0.976    -.4001938     .388339
   trend_112 |   -.619774   .1967978    -3.15   0.002    -1.006303   -.2332453
   trend_113 |   -.298737   .1946487    -1.53   0.125    -.6810447    .0835707
   trend_114 |  -1.146194   .1901522    -6.03   0.000     -1.51967   -.7727177
   trend_115 |  -.0982457    .237663    -0.41   0.679    -.5650375    .3685462
   trend_116 |   .4474511   .1994338     2.24   0.025      .055745    .8391573
   trend_117 |   -1.41843   .1947157    -7.28   0.000    -1.800869   -1.035991
   trend_118 |  -.2856725   .2105492    -1.36   0.175    -.6992103    .1278653
   trend_119 |  -.7231273   .2242592    -3.22   0.001    -1.163593   -.2826618
   trend_120 |   -.576102    .198326    -2.90   0.004    -.9656324   -.1865716
   trend_121 |   .4573688   .1970262     2.32   0.021     .0703914    .8443461
   trend_122 |  -.0811292   .2235549    -0.36   0.717    -.5202114     .357953
   trend_123 |  -.0134602   .1987755    -0.07   0.946    -.4038734    .3769531
   trend_124 |   1.062782   .1912811     5.56   0.000      .687088    1.438475
   trend_125 |  -.1555411   .1964878    -0.79   0.429     -.541461    .2303788
   trend_126 |  -.3326177   .1959323    -1.70   0.090    -.7174466    .0522112
   trend_127 |   .1977208   .2022184     0.98   0.329    -.1994545     .594896
   trend_128 |   .8170401    .197956     4.13   0.000     .4282365    1.205844
   trend_129 |  -.3278665   .1959787    -1.67   0.095    -.7127864    .0570534
   trend_130 |  -.1292107   .1904595    -0.68   0.498    -.5032905    .2448691
   trend_131 |    .667427    .290997     2.29   0.022     .0958824    1.238972
   trend_132 |   .0570177   .1989003     0.29   0.774    -.3336405    .4476759
   trend_133 |   .5554926   .2027033     2.74   0.006     .1573649    .9536203
   trend_134 |  -.4041331   .2054333    -1.97   0.050    -.8076228   -.0006434
   trend_135 |    .634401   .2000056     3.17   0.002     .2415717     1.02723
   trend_136 |   .1480768   .2004325     0.74   0.460    -.2455909    .5417445
   trend_137 |   .0073088   .2027448     0.04   0.971    -.3909004    .4055181
   trend_138 |  -.0357581    .194109    -0.18   0.854    -.4170058    .3454896
   trend_139 |    .228505   .2202747     1.04   0.300    -.2041345    .6611444
   trend_140 |  -.3574135   .2247797    -1.59   0.112    -.7989012    .0840743
   trend_141 |  -.2816777   .3636085    -0.77   0.439     -.995838    .4324825
   trend_142 |   .2264752   .1907636     1.19   0.236     -.148202    .6011523
   trend_143 |  -.6261675   .2019298    -3.10   0.002    -1.022776    -.229559
   trend_144 |  -.7263624   .2036106    -3.57   0.000    -1.126272   -.3264527
   trend_145 |  -.2399552   .1937348    -1.24   0.216    -.6204679    .1405575
   trend_146 |   .9285756    .342743     2.71   0.007     .2553972    1.601754
   trend_147 |     .41254   .2378859     1.73   0.083    -.0546895    .8797695
   trend_148 |   2.638532   .2084058    12.66   0.000     2.229204    3.047859
   trend_149 |   2.021637   .2026106     9.98   0.000     1.623692    2.419583
   trend_150 |   .6663839   .2440054     2.73   0.007     .1871352    1.145633
   trend_151 |   1.876098   .1971128     9.52   0.000      1.48895    2.263245
   trend_152 |   1.579064   .2419446     6.53   0.000     1.103863    2.054265
   trend_153 |   2.131069    .215771     9.88   0.000     1.707275    2.554863
   trend_154 |   .8637404   .2204235     3.92   0.000     .4308085    1.296672
   trend_155 |   1.525057   .2022174     7.54   0.000     1.127884    1.922231
   trend_156 |   .5926257   .2089505     2.84   0.005     .1822279    1.003024
   trend_157 |   1.587673   .2237731     7.10   0.000     1.148162    2.027184
   trend_158 |   .8610538   .2233633     3.85   0.000      .422348     1.29976
   trend_159 |  -.1180134    .250395    -0.47   0.638     -.609812    .3737852
   trend_160 |   .1005898   .1946551     0.52   0.606    -.2817305    .4829101
   trend_161 |  -.2486399   .1942828    -1.28   0.201     -.630229    .1329493
   trend_162 |    .007301   .2204619     0.03   0.974    -.4257061    .4403082
   trend_163 |   .9287394   .2538392     3.66   0.000     .4301762    1.427303
   trend_164 |   .1739981   .2058317     0.85   0.398     -.230274    .5782703
   trend_165 |    .939816   .3860332     2.43   0.015     .1816116     1.69802
   trend_166 |   1.435424   .2262251     6.35   0.000     .9910976    1.879751
   trend_167 |   2.559929   .2457623    10.42   0.000     2.077229    3.042628
   trend_168 |  -.0732364    .208537    -0.35   0.726     -.482822    .3363492
   trend_169 |   .7549647   .2368624     3.19   0.002     .2897455    1.220184
   trend_170 |   .6061382   .2067091     2.93   0.003     .2001428    1.012134
   trend_171 |   .7296428   .1953668     3.73   0.000     .3459247    1.113361
   trend_172 |   1.055186   .1919778     5.50   0.000     .6781242    1.432248
   trend_173 |   .3813736    .253709     1.50   0.133     -.116934    .8796812
   trend_174 |  -.4013675   .2018283    -1.99   0.047    -.7977767   -.0049583
   trend_175 |     .30393    .200477     1.52   0.130    -.0898251    .6976851
   trend_176 |   1.334403   .2133973     6.25   0.000     .9152715    1.753535
   trend_177 |   .3415743   .2528324     1.35   0.177    -.1550115    .8381602
   trend_178 |   5.644146   .6821461     8.27   0.000     4.304349    6.983943
   trend_179 |    2.14225   .2033068    10.54   0.000     1.742937    2.541564
   trend_180 |   .1032963   .2092937     0.49   0.622    -.3077756    .5143682
   trend_181 |   .4109057   .1974194     2.08   0.038     .0231559    .7986555
   trend_182 |   .6797448   .1891708     3.59   0.000     .3081961    1.051293
   trend_183 |  -.6210059    .219541    -2.83   0.005    -1.052204   -.1898074
   trend_184 |    .763978   .1917439     3.98   0.000     .3873756     1.14058
   trend_185 |   .8130592   .2350275     3.46   0.001     .3514438    1.274674
   trend_186 |  -.2265775   .3149998    -0.72   0.472    -.8452657    .3921107
   trend_187 |   .0863666   .2332062     0.37   0.711    -.3716717    .5444048
   trend_188 |   1.699825   .2186763     7.77   0.000     1.270325    2.129325
   trend_189 |   .6245467   .4428363     1.41   0.159     -.245224    1.494317
   trend_190 |   1.067551    .215115     4.96   0.000     .6450455    1.490056
   trend_191 |  -.2871922   .2025771    -1.42   0.157     -.685072    .1106877
   trend_192 |   6.367288   .2012105    31.64   0.000     5.972093    6.762484
   trend_193 |   1.521196   .1943636     7.83   0.000     1.139448    1.902944
   trend_194 |  -.3662306   .2073574    -1.77   0.078    -.7734994    .0410383
   trend_195 |   .0508497    .207029     0.25   0.806    -.3557742    .4574736
   trend_196 |   .5330685   .2079467     2.56   0.011     .1246423    .9414948
   trend_197 |   .8694788   .2073315     4.19   0.000     .4622608    1.276697
   trend_198 |  -.3181226    .206449    -1.54   0.124    -.7236072     .087362
   trend_199 |    .957376   .2017453     4.75   0.000     .5611298    1.353622
   trend_200 |   .7456334   .2066833     3.61   0.000     .3396886    1.151578
   trend_201 |   .6464594   .2058488     3.14   0.002     .2421536    1.050765
   trend_202 |   .2131051   .2089853     1.02   0.308     -.197361    .6235712
   trend_203 |  -.5333556   .2035156    -2.62   0.009    -.9330788   -.1336323
   trend_204 |   1.413497   .2054561     6.88   0.000     1.009962    1.817031
   trend_205 |   1.174079   .2351136     4.99   0.000     .7122944    1.635863
   trend_206 |  -.5852218   .2736345    -2.14   0.033    -1.122665   -.0477787
   trend_207 |   .1654886   .2141557     0.77   0.440    -.2551326    .5861099
   trend_208 |  -.0747369   .2165407    -0.35   0.730    -.5000426    .3505687
   trend_209 |   .4667867   .2150543     2.17   0.030     .0444004     .889173
   trend_210 |  -.2508297    .206487    -1.21   0.225    -.6563889    .1547296
   trend_211 |   .0874214   .2314267     0.38   0.706    -.3671218    .5419646
   trend_212 |  -.4341364   .3581295    -1.21   0.226    -1.137535    .2692627
   trend_213 |   -.443739   .2135327    -2.08   0.038    -.8631367   -.0243413
   trend_214 |   .3784391   .2210601     1.71   0.087     -.055743    .8126213
   trend_215 |   .2116797   .2607735     0.81   0.417    -.3005031    .7238626
   trend_216 |  -.3603471   .2162566    -1.67   0.096    -.7850948    .0644006
   trend_217 |   1.122001   .2272769     4.94   0.000     .6756079    1.568393
   trend_218 |  -.1705888   .2169986    -0.79   0.432    -.5967937    .2556162
   trend_219 |  -.0876227   .1995379    -0.44   0.661    -.4795333    .3042879
   trend_220 |  -.0501548   .2250992    -0.22   0.824    -.4922702    .3919606
   trend_221 |  -.1377538   .2160097    -0.64   0.524    -.5620164    .2865089
   trend_222 |   .1992921    .199821     1.00   0.319    -.1931745    .5917588
   trend_223 |   .5025663   .2171805     2.31   0.021      .076004    .9291287
   trend_224 |   .1707644   .2322274     0.74   0.462    -.2853513    .6268801
   trend_225 |  -.1250714   .2158101    -0.58   0.562    -.5489422    .2987994
   trend_226 |   .2528236   .2161977     1.17   0.243    -.1718083    .6774555
   trend_227 |   .0787138   .2312752     0.34   0.734    -.3755317    .5329592
   trend_228 |  -.4310285   .2122325    -2.03   0.043    -.8478725   -.0141845
   trend_229 |  -.0281828   .2426949    -0.12   0.908    -.5048576    .4484921
   trend_230 |   .3768402   .2148126     1.75   0.080    -.0450712    .7987516
   trend_231 |   .0587797   .2310161     0.25   0.799     -.394957    .5125165
   trend_232 |   -.251639   .2301856    -1.09   0.275    -.7037446    .2004665
   trend_233 |   .1863291   .2561747     0.73   0.467    -.3168212    .6894795
   trend_234 |    .117521   .2307618     0.51   0.611    -.3357161    .5707582
   trend_235 |  -.0724693   .2277896    -0.32   0.750    -.5198689    .3749302
   trend_236 |   .1789432   .2276878     0.79   0.432    -.2682564    .6261428
   trend_237 |   .1212735   .2052503     0.59   0.555    -.2818568    .5244037
   trend_238 |    .091941   .2172686     0.42   0.672    -.3347943    .5186763
   trend_239 |   .0976544   .2350653     0.42   0.678    -.3640351     .559344
   trend_240 |  -.2200808   .2306919    -0.95   0.340    -.6731807     .233019
   trend_241 |   .3215499   .2335195     1.38   0.169    -.1371036    .7802034
   trend_242 |   1.617459   .2091102     7.73   0.000     1.206747     2.02817
   trend_243 |   .5258569    .208027     2.53   0.012     .1172729     .934441
   trend_244 |   1.486371   .2308999     6.44   0.000     1.032862    1.939879
   trend_245 |   .0155471   .2275619     0.07   0.946    -.4314052    .4624995
   trend_246 |   .0998213   .2285527     0.44   0.662     -.349077    .5487197
   trend_247 |   .5189674   .1922273     2.70   0.007     .1414154    .8965194
   trend_248 |   .1371059   .2269756     0.60   0.546    -.3086949    .5829066
   trend_249 |  -.1318199   .2129707    -0.62   0.536    -.5501137    .2864738
   trend_250 |   .3316245   .2136157     1.55   0.121    -.0879362    .7511851
   trend_251 |   .0949512   .2310011     0.41   0.681    -.3587559    .5486584
   trend_252 |   .0996951   .2060906     0.48   0.629    -.3050857    .5044759
   trend_253 |   .1138241   .2235622     0.51   0.611    -.3252725    .5529207
   trend_254 |    .287636   .2051985     1.40   0.162    -.1153926    .6906646
   trend_255 |   1.927044   .2108693     9.14   0.000     1.512877     2.34121
   trend_256 |   .1810803    .238426     0.76   0.448      -.28721    .6493706
   trend_257 |          0  (omitted)
   trend_258 |   .8453041   .2371095     3.57   0.000     .3795994    1.311009
   trend_259 |  -.3212262   .3309994    -0.97   0.332    -.9713391    .3288868
   trend_260 |   4.112587   1.253019     3.28   0.001     1.651543    6.573631
   trend_261 |  -.9755777   .2390234    -4.08   0.000    -1.445042    -.506114
   trend_262 |   1.642467   .2361014     6.96   0.000     1.178743    2.106192
   trend_263 |   2.990675   .2262499    13.22   0.000       2.5463     3.43505
   trend_264 |  -.6417548   .2316139    -2.77   0.006    -1.096666    -.186844
   trend_265 |  -.7237583    .251214    -2.88   0.004    -1.217165    -.230351
   trend_266 |  -2.071763   .1991117   -10.41   0.000    -2.462837    -1.68069
   trend_267 |   7.220954   .2375342    30.40   0.000     6.754415    7.687492
   trend_268 |  -.2352046   .2682806    -0.88   0.381    -.7621322     .291723
   trend_269 |   .4101147   .2130044     1.93   0.055    -.0082453    .8284747
   trend_270 |  -.2320391   .2055378    -1.13   0.259    -.6357341    .1716559
   trend_271 |  -.1449504   .2258553    -0.64   0.521    -.5885508      .29865
   trend_272 |  -.2718718   .2070778    -1.31   0.190    -.6785915    .1348479
   trend_273 |  -.2278253   .3174123    -0.72   0.473    -.8512521    .3956014
   trend_274 |   2.496014    .197481    12.64   0.000     2.108143    2.883885
   trend_275 |  -2.830954   .3985445    -7.10   0.000    -3.613732   -2.048177
   trend_276 |   2.755181   .2278505    12.09   0.000     2.307662      3.2027
   trend_277 |  -1.351472   .2334193    -5.79   0.000    -1.809929   -.8930151
   trend_278 |   1.191807   .2710115     4.40   0.000     .6595156    1.724098
   trend_279 |   1.923499    .257738     7.46   0.000     1.417278     2.42972
   trend_280 |   1.449628   .2423436     5.98   0.000     .9736431    1.925613
   trend_281 |   2.900148   1.186543     2.44   0.015     .5696688    5.230627
   trend_282 |   1.096959   .2387476     4.59   0.000     .6280375    1.565881
   trend_283 |  -.0612899   .2023269    -0.30   0.762    -.4586784    .3360985
   trend_284 |  -2.465248   .2263729   -10.89   0.000    -2.909864   -2.020631
   trend_285 |  -2.040335   .2292048    -8.90   0.000    -2.490514   -1.590156
   trend_286 |   .7896305    .194631     4.06   0.000     .4073574    1.171904
   trend_287 |   .2830075   .2168939     1.30   0.192    -.1429919    .7090068
   trend_288 |  -.5011785   .4375072    -1.15   0.252    -1.360482    .3581254
   trend_289 |   .4120601   .1865739     2.21   0.028      .045612    .7785082
   trend_290 |  -.3025183     .18808    -1.61   0.108    -.6719245    .0668879
   trend_291 |  -.0691985    .196065    -0.35   0.724     -.454288     .315891
   trend_292 |   .5296883   .2334692     2.27   0.024     .0711336    .9882431
   trend_293 |   .1136108   .2497355     0.45   0.649    -.3768924     .604114
   trend_294 |   1.019517   .3672346     2.78   0.006     .2982347    1.740799
   trend_295 |  -.2491762   .2203904    -1.13   0.259     -.682043    .1836905
   trend_296 |   .5449677   .2083546     2.62   0.009     .1357404     .954195
   trend_297 |   .4464285   .2162127     2.06   0.039      .021767    .8710899
   trend_298 |   .1121742    .243705     0.46   0.645    -.3664847    .5908331
   trend_299 |   4.653644   .2227166    20.89   0.000     4.216208    5.091079
   trend_300 |   .9086889    .215617     4.21   0.000     .4851975     1.33218
   trend_301 |   .5142097    .217873     2.36   0.019     .0862873    .9421321
   trend_302 |   .2518728   .2038422     1.24   0.217    -.1484919    .6522375
   trend_303 |   -.013942   .2105393    -0.07   0.947    -.4274603    .3995763
   trend_304 |   .4457052   .2943242     1.51   0.130    -.1323744    1.023785
   trend_305 |   .2011899   .2117692     0.95   0.342     -.214744    .6171238
   trend_306 |    .713326   .3029145     2.35   0.019     .1183744    1.308278
   trend_307 |  -.0890657   .2128546    -0.42   0.676    -.5071316    .3290001
   trend_308 |   .2659229   .2111658     1.26   0.208    -.1488258    .6806717
   trend_309 |    .730862    .288518     2.53   0.012     .1641865    1.297538
   trend_310 |   .1363978   .2281129     0.60   0.550    -.3116366    .5844322
   trend_311 |   .3462513   .2324941     1.49   0.137    -.1103883    .8028909
   trend_312 |    .463784   .2939997     1.58   0.115    -.1136581    1.041226
   trend_313 |   .1313404   .2435344     0.54   0.590    -.3469834    .6096642
   trend_314 |  -.3630364   .2098588    -1.73   0.084    -.7752182    .0491453
   trend_315 |  -.0399733   .1997085    -0.20   0.841     -.432219    .3522725
   trend_316 |  -.0312542   .3337598    -0.09   0.925    -.6867888    .6242805
   trend_317 |   .3810593   .3238928     1.18   0.240    -.2550956    1.017214
   trend_318 |  -.0016891   .3575396    -0.00   0.996    -.7039294    .7005513
   trend_319 |  -.1627725   .2410155    -0.68   0.500    -.6361489    .3106038
   trend_320 |  -.6060523   .3272093    -1.85   0.065    -1.248721    .0366165
   trend_321 |  -.0519501   .1964645    -0.26   0.792    -.4378243    .3339241
   trend_322 |  -.2413765   .3188971    -0.76   0.449    -.8677195    .3849665
   trend_323 |   .2358341   .2752749     0.86   0.392    -.3048309    .7764992
   trend_324 |  -.0468613   .3276441    -0.14   0.886    -.6903843    .5966616
   trend_325 |   .0748885   .2737103     0.27   0.784    -.4627035    .6124805
   trend_326 |     .13354   .3025751     0.44   0.659    -.4607451    .7278251
   trend_327 |  -.1903876   .2109476    -0.90   0.367    -.6047078    .2239326
   trend_328 |     .04073   .1947568     0.21   0.834    -.3417901    .4232501
   trend_329 |  -.0565274   .2062317    -0.27   0.784    -.4615852    .3485303
   trend_330 |   .6871768   .2581076     2.66   0.008     .1802299    1.194124
   trend_331 |   3.546181   .2145352    16.53   0.000     3.124814    3.967548
   trend_332 |  -.7533228   .2244704    -3.36   0.001    -1.194203   -.3124426
   trend_333 |   5.372081   .9371121     5.73   0.000     3.531507    7.212654
   trend_334 |   .1525102    .251324     0.61   0.544     -.341113    .6461335
   trend_335 |   93.77632   .5583454   167.95   0.000     92.67968    94.87296
   trend_336 |   9.586729   .2658895    36.06   0.000     9.064497    10.10896
   trend_337 |   .5130349   .1931687     2.66   0.008     .1336339    .8924359
   trend_338 |   .8455243   .2338788     3.62   0.000      .386165    1.304884
   trend_339 |  -.3007135   .2064703    -1.46   0.146    -.7062399    .1048129
   trend_340 |   .3334129   .2092631     1.59   0.112    -.0775989    .7444246
   trend_341 |   .4330789   .2837671     1.53   0.128    -.1242655    .9904233
   trend_342 |   .0880058   .2465492     0.36   0.721    -.3962392    .5722509
   trend_343 |   1.776076   .4959783     3.58   0.000     .8019298    2.750223
   trend_344 |   2.668222   .2012551    13.26   0.000     2.272939    3.063505
   trend_345 |          0  (omitted)
   trend_346 |  -.1385351   .1913856    -0.72   0.469    -.5144339    .2373637
   trend_347 |   3.957431   .4138129     9.56   0.000     3.144664    4.770197
   trend_348 |   1.915896   .3940546     4.86   0.000     1.141937    2.689855
   trend_349 |  -.8980815   .4729431    -1.90   0.058    -1.826985    .0308218
   trend_350 |  -3.299025   .2823653   -11.68   0.000    -3.853616   -2.744433
   trend_351 |   1.266757   .3536346     3.58   0.000     .5721867    1.961328
   trend_352 |   2.379664   .3618736     6.58   0.000     1.668912    3.090417
   trend_353 |   1.175516    .226456     5.19   0.000     .7307363    1.620297
   trend_354 |   6.533468   .4651211    14.05   0.000     5.619928    7.447009
   trend_355 |  -8.066204   .6150731   -13.11   0.000    -9.274263   -6.858144
   trend_356 |   .2118376   .3228672     0.66   0.512    -.4223029    .8459782
   trend_357 |  -.4812664   .2616022    -1.84   0.066    -.9950769     .032544
   trend_358 |  -.5339399    .287963    -1.85   0.064    -1.099525    .0316456
   trend_359 |  -.1998657   .2559933    -0.78   0.435    -.7026598    .3029284
   trend_360 |  -.2972208    .385628    -0.77   0.441    -1.054629    .4601877
   trend_361 |  -.1242219   .2690912    -0.46   0.645    -.6527415    .4042976
   trend_362 |   .3203605   .2611213     1.23   0.220    -.1925054    .8332264
   trend_363 |   .9847561   .3516245     2.80   0.005     .2941334    1.675379
   trend_364 |   .2001245   .3179546     0.63   0.529    -.4243672    .8246163
   trend_365 |   .6612932   .2573462     2.57   0.010     .1558418    1.166745
   trend_366 |  -.4136774   .2612245    -1.58   0.114    -.9267462    .0993913
   trend_367 |  -.1646427   .3160112    -0.52   0.603    -.7853175    .4560321
   trend_368 |   .1265364   .3069076     0.41   0.680    -.4762581    .7293309
   trend_369 |   .4372486   .3516541     1.24   0.214    -.2534321    1.127929
   trend_370 |   .5120846   .3146699     1.63   0.104    -.1059557    1.130125
   trend_371 |  -.4993574   .2626919    -1.90   0.058    -1.015308    .0165933
   trend_372 |   -.324085   .3056689    -1.06   0.289    -.9244467    .2762766
   trend_373 |  -.5315085   .2592985    -2.05   0.041    -1.040794   -.0222227
   trend_374 |   .1598762   .3577486     0.45   0.655    -.5427747     .862527
   trend_375 |  -.3500187   .2620462    -1.34   0.182    -.8647012    .1646639
   trend_376 |  -.0482092   .2941926    -0.16   0.870    -.6260303    .5296119
   trend_377 |  -.6088746   .2588087    -2.35   0.019    -1.117199   -.1005507
   trend_378 |  -.1382128   .3195822    -0.43   0.666    -.7659013    .4894757
   trend_379 |  -.1504266   .3663719    -0.41   0.682    -.8700143    .5691611
   trend_380 |  -.1421037   .2884434    -0.49   0.622    -.7086327    .4244254
   trend_381 |   .6748492   .3490662     1.93   0.054    -.0107486    1.360447
   trend_382 |  -.3942089    .276492    -1.43   0.154    -.9372643    .1488465
   trend_383 |   .0537844   .2883377     0.19   0.852     -.512537    .6201058
   trend_384 |   .7870496   .3415031     2.30   0.022     .1163064    1.457793
   trend_385 |   .3149878    .259202     1.22   0.225    -.1941086    .8240841
   trend_386 |   .5824656   .3192173     1.82   0.069    -.0445063    1.209437
   trend_387 |  -.3384779   .2615086    -1.29   0.196    -.8521046    .1751487
   trend_388 |  -.3839681   .2151602    -1.78   0.075    -.8065623    .0386261
   trend_389 |  -.1554119   .2101082    -0.74   0.460    -.5680835    .2572597
   trend_390 |  -.2958366    .201255    -1.47   0.142    -.6911197    .0994466
   trend_391 |   .0619147   .2085848     0.30   0.767    -.3477648    .4715942
   trend_392 |  -.0979689    .197152    -0.50   0.619    -.4851935    .2892556
   trend_393 |  -.5659128   .2044395    -2.77   0.006    -.9674506    -.164375
   trend_394 |   .0440075   .2011969     0.22   0.827    -.3511615    .4391765
   trend_395 |  -.0315713   .2204008    -0.14   0.886    -.4644586    .4013159
   trend_396 |  -.5060331   .2043493    -2.48   0.014    -.9073938   -.1046724
   trend_397 |  -.3922247   .2788951    -1.41   0.160    -.9400001    .1555507
   trend_398 |  -.5046939   .1986467    -2.54   0.011     -.894854   -.1145338
   trend_399 |  -.6988363   .2198079    -3.18   0.002    -1.130559   -.2671135
   trend_400 |  -.0415098      .2328    -0.18   0.859    -.4987502    .4157307
   trend_401 |   -.049528   .2047081    -0.24   0.809    -.4515933    .3525373
   trend_402 |  -.2747868    .200889    -1.37   0.172    -.6693512    .1197776
   trend_403 |   .7888838   .2783546     2.83   0.005       .24217    1.335598
   trend_404 |   -.757849   .2428911    -3.12   0.002    -1.234909   -.2807888
   trend_405 |   .7092455    .204386     3.47   0.001     .3078128    1.110678
   trend_406 |  -.4466906   .3201379    -1.40   0.163    -1.075471    .1820894
   trend_407 |   1.797724   .2560325     7.02   0.000     1.294852    2.300595
   trend_408 |   .6576834   .2878507     2.28   0.023     .0923184    1.223048
   trend_409 |  -.4032377   .2075687    -1.94   0.053    -.8109216    .0044462
   trend_410 |  -.2649905   .1996224    -1.33   0.185    -.6570671    .1270861
   trend_411 |   .6970621   .2346264     2.97   0.003     .2362346     1.15789
   trend_412 |    1.19831    .218094     5.49   0.000     .7699538    1.626667
   trend_413 |   .4156201   .2235523     1.86   0.064     -.023457    .8546971
   trend_414 |   1.708137   .2272543     7.52   0.000     1.261789    2.154485
   trend_415 |   .0623669    .210866     0.30   0.768    -.3517931    .4765269
   trend_416 |   .0870142   .2396655     0.36   0.717    -.3837107    .5577391
   trend_417 |   .3217107    .233444     1.38   0.169    -.1367946    .7802161
   trend_418 |   .6319335   .2413528     2.62   0.009     .1578946    1.105972
   trend_419 |   .1863351   .2164658     0.86   0.390    -.2388234    .6114935
   trend_420 |   .1316816   .2039775     0.65   0.519    -.2689487    .5323119
   trend_421 |   .3820571   .2162724     1.77   0.078    -.0427216    .8068358
   trend_422 |   .1354448    .202265     0.67   0.503    -.2618221    .5327118
   trend_423 |   .7019632   .2373335     2.96   0.003     .2358187    1.168108
   trend_424 |   .6254783    .250835     2.49   0.013     .1328155    1.118141
   trend_425 |  -.0011953    .228178    -0.01   0.996    -.4493576    .4469671
   trend_426 |    .043142   .2492584     0.17   0.863    -.4464241    .5327082
   trend_427 |  -.0231886   .1960336    -0.12   0.906    -.4082163    .3618392
   trend_428 |     .38854    .205001     1.90   0.059    -.0141006    .7911806
   trend_429 |   .6374249   .1920931     3.32   0.001     .2601366    1.014713
   trend_430 |   .2115957   .2515003     0.84   0.401    -.2823737    .7055651
   trend_431 |   .1552665   .2278288     0.68   0.496      -.29221    .6027429
   trend_432 |  -.0435696   .2278984    -0.19   0.848    -.4911827    .4040435
   trend_433 |  -.2903736   .2071466    -1.40   0.162    -.6972284    .1164812
   trend_434 |  -.0263689   .2648479    -0.10   0.921    -.5465543    .4938164
   trend_435 |   .2276749   .2311051     0.99   0.325    -.2262366    .6815865
   trend_436 |   .1393801   .2544574     0.55   0.584    -.3603975    .6391577
   trend_437 |   -.071375   .2576261    -0.28   0.782     -.577376    .4346261
   trend_438 |  -.0176714   .2287198    -0.08   0.938    -.4668979     .431555
   trend_439 |  -.6180148   .2462352    -2.51   0.012    -1.101643   -.1343864
   trend_440 |  -.0652166   .2312455    -0.28   0.778    -.5194038    .3889707
   trend_441 |  -.0215023   .2470813    -0.09   0.931    -.5067925    .4637878
   trend_442 |  -.0703906   .2531994    -0.28   0.781    -.5676974    .4269161
   trend_443 |   .2479175   .2477957     1.00   0.317    -.2387759    .7346109
   trend_444 |  -.3029025   .2355427    -1.29   0.199    -.7655297    .1597248
   trend_445 |   .8614362   .8767911     0.98   0.326    -.8606614    2.583534
   trend_446 |   .7255451   .2266962     3.20   0.001      .280293    1.170797
   trend_447 |   .3016663   .1964422     1.54   0.125    -.0841641    .6874966
   trend_448 |  -.1251806   .2228874    -0.56   0.575    -.5629518    .3125906
   trend_449 |  -1.417433   .2203766    -6.43   0.000    -1.850273   -.9845935
   trend_450 |  -.5610117   .2182864    -2.57   0.010     -.989746   -.1322774
   trend_451 |  -.9076126   .2236331    -4.06   0.000    -1.346848   -.4683769
   trend_452 |   .1929206   .2220827     0.87   0.385    -.2432699    .6291112
   trend_453 |  -.5450419   .2281523    -2.39   0.017    -.9931537     -.09693
   trend_454 |  -.6806463   .2208678    -3.08   0.002    -1.114451   -.2468418
   trend_455 |  -.2959831   .2206208    -1.34   0.180    -.7293025    .1373362
   trend_456 |   -.667311   .2082957    -3.20   0.001    -1.076423   -.2581993
   trend_457 |  -4.065178   .2301109   -17.67   0.000    -4.517137    -3.61322
   trend_458 |   1.493618   .2185873     6.83   0.000     1.064292    1.922943
   trend_459 |   .1457036   .2212834     0.66   0.511    -.2889171    .5803242
   trend_460 |   1.196598   .1931276     6.20   0.000     .8172778    1.575918
   trend_461 |   .7261916   .1953055     3.72   0.000     .3425938    1.109789
   trend_462 |   2.265442   .1962885    11.54   0.000     1.879914     2.65097
   trend_463 |   .3856303   .2125688     1.81   0.070    -.0318741    .8031348
   trend_464 |   1.498646   .2083425     7.19   0.000     1.089442     1.90785
   trend_465 |   1.751061   .2271139     7.71   0.000     1.304989    2.197134
   trend_466 |   .9438697   .1963733     4.81   0.000     .5581747    1.329565
   trend_467 |   1.642985   .1949849     8.43   0.000     1.260017    2.025953
   trend_468 |   2.584717   .2022291    12.78   0.000     2.187521    2.981914
   trend_469 |    .715598   .1963471     3.64   0.000     .3299543    1.101242
   trend_470 |   1.108683    .197815     5.60   0.000     .7201569     1.49721
   trend_471 |   1.036629   .2057019     5.04   0.000     .6326118    1.440646
   trend_472 |   2.976055   .2130485    13.97   0.000     2.557608    3.394501
   trend_473 |   2.084651   .1873355    11.13   0.000     1.716707    2.452595
   trend_474 |   .2901772   .2233794     1.30   0.194    -.1485604    .7289148
   trend_475 |   .1034929   .1940083     0.53   0.594    -.2775571    .4845429
   trend_476 |   .1048403   .2021755     0.52   0.604    -.2922507    .5019313
   trend_477 |   .1525663   .1946066     0.78   0.433    -.2296589    .5347915
   trend_478 |  -.0511926   .1937461    -0.26   0.792    -.4317276    .3293425
   trend_479 |  -.0626391   .2082877    -0.30   0.764     -.471735    .3464568
   trend_480 |   .5810205   .2062139     2.82   0.005     .1759977    .9860433
   trend_481 |  -.3821071   .1944502    -1.97   0.050    -.7640249   -.0001893
   trend_482 |   .0003183   .2045696     0.00   0.999     -.401475    .4021117
   trend_483 |   .0417254    .195246     0.21   0.831    -.3417554    .4252062
   trend_484 |  -.2849015   .2134105    -1.33   0.182    -.7040591    .1342561
   trend_485 |  -.0719964    .205014    -0.35   0.726    -.4746625    .3306696
   trend_486 |    .148067   .2087128     0.71   0.478     -.261864    .5579981
   trend_487 |  -.1018879   .2105977    -0.48   0.629    -.5155209     .311745
   trend_488 |  -.0555993   .2012498    -0.28   0.782    -.4508722    .3396737
   trend_489 |   .4326773   .2091305     2.07   0.039     .0219259    .8434288
   trend_490 |  -.1500456   .2045715    -0.73   0.464    -.5518426    .2517514
   trend_491 |   .0377298   .5481124     0.07   0.945    -1.038813    1.114272
   trend_492 |  -.2934378   .2902182    -1.01   0.312    -.8634528    .2765772
   trend_493 |  -.3496883   .4248837    -0.82   0.411    -1.184199    .4848219
   trend_494 |   -.385963   .1934546    -2.00   0.047    -.7659255   -.0060006
   trend_495 |  -1.069375   .4495727    -2.38   0.018    -1.952377   -.1863733
   trend_496 |   -1.42296   .4120935    -3.45   0.001    -2.232349   -.6135705
   trend_497 |  -1.119865   .4312957    -2.60   0.010    -1.966969   -.2727606
   trend_498 |  -1.253171   .2892369    -4.33   0.000    -1.821259   -.6850834
   trend_499 |   -1.08598   .2007981    -5.41   0.000    -1.480366    -.691594
   trend_500 |  -.8412759   .4182027    -2.01   0.045    -1.662664   -.0198877
   trend_501 |  -.5364724   .2480933    -2.16   0.031     -1.02375   -.0491946
   trend_502 |  -1.669045   .5393128    -3.09   0.002    -2.728305   -.6097858
   trend_503 |    -.58422   .4336388    -1.35   0.178    -1.435926    .2674861
   trend_504 |  -.2195329   .8984514    -0.24   0.807    -1.984173    1.545107
   trend_505 |   .1689631   .4001424     0.42   0.673     -.616953    .9548793
   trend_506 |   2.811945   .2012578    13.97   0.000     2.416657    3.207234
   trend_507 |   .4390362   .1977755     2.22   0.027     .0505871    .8274854
   trend_508 |   .6652512   .1911523     3.48   0.001     .2898107    1.040692
   trend_509 |   -.171112   .1987284    -0.86   0.390    -.5614326    .2192086
   trend_510 |  -.0363075   .1921317    -0.19   0.850    -.4136717    .3410566
   trend_511 |   .4577821   .2047001     2.24   0.026     .0557325    .8598317
   trend_512 |   .6478421   .2116414     3.06   0.002      .232159    1.063525
   trend_513 |   .2509251   .1979536     1.27   0.205    -.1378737    .6397239
   trend_514 |  -.3108749   .1914015    -1.62   0.105    -.6868048     .065055
   trend_515 |   .7762748   .1982409     3.92   0.000     .3869116    1.165638
   trend_516 |  -.5865643   .2111736    -2.78   0.006    -1.001329      -.1718
   trend_517 |   .0971558   .2004189     0.48   0.628    -.2964851    .4907967
   trend_518 |   .4666609   .1911448     2.44   0.015     .0912352    .8420866
   trend_519 |   .2805425   .1920472     1.46   0.145    -.0966557    .6577407
   trend_520 |  -.0788157   .1944184    -0.41   0.685    -.4606712    .3030397
   trend_521 |   .8724526   .2014217     4.33   0.000     .4768421    1.268063
   trend_522 |    .318709   .2006795     1.59   0.113    -.0754438    .7128618
   trend_523 |    .359011    .193367     1.86   0.064    -.0207794    .7388015
   trend_524 |   .9705382   .1919663     5.06   0.000      .593499    1.347577
   trend_525 |   .0455854   .1922553     0.24   0.813    -.3320216    .4231924
   trend_526 |   .1600351   .2051007     0.78   0.436    -.2428013    .5628716
   trend_527 |   1.043578   .1986563     5.25   0.000     .6533992    1.433757
   trend_528 |  -.1918619   .2093506    -0.92   0.360    -.6030455    .2193217
   trend_529 |    .563607   .2148887     2.62   0.009     .1415461    .9856679
   trend_530 |   1.037101   .2076402     4.99   0.000      .629277    1.444925
   trend_531 |   1.294335   .2106927     6.14   0.000      .880515    1.708154
   trend_532 |   .1812626   .2004746     0.90   0.366    -.2124878    .5750131
   trend_533 |    .190253   .1984999     0.96   0.338    -.1996188    .5801248
   trend_534 |   .1495549   .2020856     0.74   0.460    -.2473597    .5464694
   trend_535 |  -.1051681   .1992168    -0.53   0.598    -.4964481    .2861119
   trend_536 |   .4224888   .2029918     2.08   0.038     .0237944    .8211832
   trend_537 |   .1818825   .2015452     0.90   0.367    -.2139706    .5777356
   trend_538 |  -.1022086   .1905625    -0.54   0.592    -.4764907    .2720734
   trend_539 |  -.1146237   .1928863    -0.59   0.553      -.49347    .2642225
   trend_540 |  -.1831554   .2029326    -0.90   0.367    -.5817335    .2154226
   trend_541 |  -.1301524   .1940577    -0.67   0.503    -.5112995    .2509947
   trend_542 |  -.2577113   .1899458    -1.36   0.175    -.6307822    .1153595
   trend_543 |   .8820825   .5853599     1.51   0.132    -.2676176    2.031783
   trend_544 |  -.1802847   .2106922    -0.86   0.393    -.5941034    .2335339
   trend_545 |  -.2569234   .2004071    -1.28   0.200    -.6505413    .1366944
   trend_546 |  -.2067961   .1995042    -1.04   0.300    -.5986405    .1850483
   trend_547 |  -1.169104   .2091298    -5.59   0.000    -1.579854   -.7583536
   trend_548 |   -.087828   .1915418    -0.46   0.647    -.4640335    .2883776
   trend_549 |  -.0271988   .1995432    -0.14   0.892    -.4191198    .3647221
   trend_550 |  -.2369171   .2032131    -1.17   0.244    -.6360462     .162212
   trend_551 |   -.687988   .1994285    -3.45   0.001    -1.079684   -.2962921
   trend_552 |   .0992779   .2007082     0.49   0.621    -.2949313    .4934871
   trend_553 |   .0323117   .2176976     0.15   0.882    -.3952661    .4598896
   trend_554 |  -.9831973   .1894489    -5.19   0.000    -1.355292   -.6111023
   trend_555 |  -.3922752   .1963858    -2.00   0.046    -.7779948   -.0065557
   trend_556 |  -.1380875   .1963993    -0.70   0.482    -.5238336    .2476585
   trend_557 |  -.0154881    .195424    -0.08   0.937    -.3993187    .3683425
   trend_558 |  -.7304526     .18815    -3.88   0.000    -1.099996   -.3609089
   trend_559 |   -.012489   .1965202    -0.06   0.949    -.3984726    .3734946
   trend_560 |   .4530992   .2068563     2.19   0.029     .0468145    .8593839
   trend_561 |   .4707387   .2933959     1.60   0.109    -.1055176    1.046995
   trend_562 |   .1519471   .0464199     3.27   0.001     .0607743    .2431199
   trend_563 |   .5923853   .2766224     2.14   0.033     .0490737    1.135697
   trend_564 |   .5629183   .2464158     2.28   0.023     .0789353    1.046901
   trend_565 |   .5911545   .0668499     8.84   0.000     .4598552    .7224537
   trend_566 |   .5952886   .0778821     7.64   0.000      .442321    .7482561
   trend_567 |   .0699037   .3740046     0.19   0.852    -.6646754    .8044827
   trend_568 |    .091388   .0538936     1.70   0.090     -.014464    .1972399
   trend_569 |    .039589   .1981686     0.20   0.842    -.3496322    .4288103
   trend_570 |   1.074633   .0978536    10.98   0.000     .8824393    1.266826
   trend_571 |   .3843462   .2445471     1.57   0.117    -.0959666    .8646589
   trend_572 |   .9397038   .0776703    12.10   0.000     .7871522    1.092255
   trend_573 |   .0204624   .0550471     0.37   0.710    -.0876551    .1285799
   trend_574 |   .4663071    .088636     5.26   0.000     .2922179    .6403963
   trend_575 |  -.0530928   .2963949    -0.18   0.858    -.6352392    .5290537
   trend_576 |   1.344267   .2506515     5.36   0.000      .851965     1.83657
   trend_577 |          0  (omitted)
       _cons |   .3583846    4.47013     0.08   0.936    -8.421358    9.138127
------------------------------------------------------------------------------
r; t=195.42 15:54:36

. lincom Corrupt+inter_1

 ( 1)  Corrupt + inter_1 = 0

------------------------------------------------------------------------------
        prop | Coefficient  Std. err.      t    P>|t|     [95% conf. interval]
-------------+----------------------------------------------------------------
         (1) |   .8610873   .2537124     3.39   0.001     .3627731    1.359402
------------------------------------------------------------------------------
r; t=0.01 15:54:36

. areg prop Corrupt inter_1 AltosBoth inter_mismo_c inter_mismo_a MismoPartidoG
>    inter_2 inter_total_mean_c inter_total_mean_a Auditada yy_*,  absorb(clave
> delae) cluster(clave_mun)
note: yy_1 omitted because of collinearity.
note: yy_2 omitted because of collinearity.
note: yy_3 omitted because of collinearity.
note: yy_11 omitted because of collinearity.

Linear regression, absorbing indicators            Number of obs     = 340,016
Absorbed variable: clavedelaescuela                No. of categories =  21,759
                                                   F(15, 576)        =       .
                                                   Prob > F          =       .
                                                   R-squared         =  0.2574
                                                   Adj R-squared     =  0.2065
                                                   Root MSE          = 11.0958

                            (Std. err. adjusted for 577 clusters in clave_mun)
------------------------------------------------------------------------------
             |               Robust
        prop | Coefficient  std. err.      t    P>|t|     [95% conf. interval]
-------------+----------------------------------------------------------------
     Corrupt |   .1220814   .2667899     0.46   0.647    -.4019183    .6460811
     inter_1 |   .6527934   .3004139     2.17   0.030     .0627532    1.242834
   AltosBoth |  -.8477289   .2911245    -2.91   0.004    -1.419524   -.2759339
inter_mism~c |  -.1447717   .3561079    -0.41   0.684    -.8442001    .5546567
inter_mism~a |   .0107701    .271666     0.04   0.968    -.5228066    .5443469
MismoParti~G |   .3049797   .1296698     2.35   0.019     .0502965    .5596629
     inter_2 |  -.3840362   .2178888    -1.76   0.079    -.8119897    .0439173
inter_tota~c |   1.63e-11   1.18e-10     0.14   0.890    -2.16e-10    2.49e-10
inter_tota~a |  -3.33e-10   8.03e-11    -4.15   0.000    -4.91e-10   -1.75e-10
    Auditada |   .0809594   .2316933     0.35   0.727    -.3741074    .5360261
        yy_1 |          0  (omitted)
        yy_2 |          0  (omitted)
        yy_3 |          0  (omitted)
        yy_4 |  -1.047839   .2130021    -4.92   0.000    -1.466195   -.6294838
        yy_5 |  -.6592988   .1774072    -3.72   0.000    -1.007743   -.3108549
        yy_6 |   2.953672   .2476298    11.93   0.000     2.467305    3.440039
        yy_7 |   .3919202   .1269872     3.09   0.002     .1425058    .6413345
        yy_8 |   .8621143   .1306486     6.60   0.000     .6055085     1.11872
        yy_9 |  -.1004718   .1136024    -0.88   0.377    -.3235973    .1226537
       yy_10 |   2.643041   .2132688    12.39   0.000     2.224162    3.061921
       yy_11 |          0  (omitted)
       _cons |   3.590197   .1652343    21.73   0.000     3.265662    3.914732
------------------------------------------------------------------------------
r; t=5.73 15:54:42

. lincom Corrupt+inter_1

 ( 1)  Corrupt + inter_1 = 0

------------------------------------------------------------------------------
        prop | Coefficient  Std. err.      t    P>|t|     [95% conf. interval]
-------------+----------------------------------------------------------------
         (1) |   .7748748   .3051345     2.54   0.011     .1755629    1.374187
------------------------------------------------------------------------------
r; t=0.01 15:54:42

. 
. 
. ** TABLE VI columns 3 and 4
. **** INTERACTION WITH POLITICS
. 
. areg prop Corrupt Inter_Mas50 inter_mismo_c inter_mismo_a MismoPartidoG  Mas5
> 0 inter_mismo_c inter_mismo_a MismoPartidoG   Inter_Audit inter_total_mean_c 
> inter_total_mean_a Already CorruptPast Auditada grade_1 grade_2 Turn_* yy_* t
> otal  HOMI_CAP_MUN inter_homi_mean_c inter_homi_mean_a mis_tot P_* trend*,  a
> bsorb(clavedelae) cluster(clave_mun)
note: inter_mismo_c omitted because of collinearity.
note: inter_mismo_a omitted because of collinearity.
note: MismoPartidoG omitted because of collinearity.
note: Turn_4 omitted because of collinearity.
note: yy_1 omitted because of collinearity.
note: yy_2 omitted because of collinearity.
note: yy_3 omitted because of collinearity.
note: yy_11 omitted because of collinearity.
note: P_65 omitted because of collinearity.
note: P_69 omitted because of collinearity.
note: P_74 omitted because of collinearity.
note: P_79 omitted because of collinearity.
note: P_82 omitted because of collinearity.
note: P_L_25 omitted because of collinearity.
note: P_L_26 omitted because of collinearity.
note: P_L_31 omitted because of collinearity.
note: P_L_42 omitted because of collinearity.
note: P_L_48 omitted because of collinearity.
note: P_L_53 omitted because of collinearity.
note: P_L_54 omitted because of collinearity.
note: P_L_55 omitted because of collinearity.
note: P_L_60 omitted because of collinearity.
note: P_L_61 omitted because of collinearity.
note: P_L_62 omitted because of collinearity.
note: P_L_69 omitted because of collinearity.
note: P_L_70 omitted because of collinearity.
note: P_L_73 omitted because of collinearity.
note: trend_335 omitted because of collinearity.
note: trend_339 omitted because of collinearity.
note: trend_340 omitted because of collinearity.
note: trend_349 omitted because of collinearity.
note: trend_350 omitted because of collinearity.
note: trend_352 omitted because of collinearity.
note: trend_355 omitted because of collinearity.
note: trend_577 omitted because of collinearity.
note: trend_257 omitted because of collinearity
note: trend_345 omitted because of collinearity
note: trend_493 omitted because of collinearity

Linear regression, absorbing indicators            Number of obs     = 321,201
Absorbed variable: clavedelaescuela                No. of categories =  21,527
                                                   F(166, 569)       =       .
                                                   Prob > F          =       .
                                                   R-squared         =  0.2859
                                                   Adj R-squared     =  0.2327
                                                   Root MSE          = 10.8095

                            (Std. err. adjusted for 570 clusters in clave_mun)
------------------------------------------------------------------------------
             |               Robust
        prop | Coefficient  std. err.      t    P>|t|     [95% conf. interval]
-------------+----------------------------------------------------------------
     Corrupt |    .832325    .301056     2.76   0.006     .2410084    1.423642
 Inter_Mas50 |  -.6773762   .3500809    -1.93   0.053    -1.364985    .0102323
inter_mism~c |  -.4424512   .3285027    -1.35   0.179    -1.087677    .2027748
inter_mism~a |   .1401004   .2593809     0.54   0.589    -.3693605    .6495613
MismoParti~G |    .127189   .2195749     0.58   0.563    -.3040872    .5584652
       Mas50 |  -.0678398   .2547222    -0.27   0.790    -.5681504    .4324708
inter_mism~c |          0  (omitted)
inter_mism~a |          0  (omitted)
MismoParti~G |          0  (omitted)
 Inter_Audit |  -.0418793   .2708053    -0.15   0.877    -.5737793    .4900207
inter_tota~c |  -1.11e-11   7.32e-11    -0.15   0.879    -1.55e-10    1.33e-10
inter_tota~a |  -1.49e-10   8.49e-11    -1.75   0.080    -3.15e-10    1.80e-11
AlreadyAud~d |  -.1756183   .2172481    -0.81   0.419    -.6023244    .2510877
 CorruptPast |   .1891471   .2137654     0.88   0.377    -.2307184    .6090127
    Auditada |  -.2297528    .270493    -0.85   0.396    -.7610394    .3015339
     grade_1 |  -2.613862   .1180819   -22.14   0.000    -2.845791   -2.381932
     grade_2 |  -.8886866   .0643959   -13.80   0.000    -1.015169   -.7622039
      Turn_1 |   1.129802   4.103803     0.28   0.783     -6.93065    9.190254
      Turn_2 |  -.0154341   4.084884    -0.00   0.997    -8.038725    8.007857
      Turn_3 |  -.3532917   4.228393    -0.08   0.933    -8.658456    7.951873
      Turn_4 |          0  (omitted)
        yy_1 |          0  (omitted)
        yy_2 |          0  (omitted)
        yy_3 |          0  (omitted)
        yy_4 |   -1.28269   1.411997    -0.91   0.364    -4.056051    1.490672
        yy_5 |  -.8534385   1.226599    -0.70   0.487    -3.262653    1.555776
        yy_6 |   2.388428    1.06593     2.24   0.025     .2947892    4.482066
        yy_7 |   .6632256   .8554303     0.78   0.438    -1.016961    2.343412
        yy_8 |   .9966634   .6791156     1.47   0.143    -.3372161    2.330543
        yy_9 |  -.2120012   .4619038    -0.46   0.646    -1.119246    .6952435
       yy_10 |   2.742503   .3655163     7.50   0.000     2.024577    3.460429
       yy_11 |          0  (omitted)
       total |   8.31e-11   1.34e-10     0.62   0.536    -1.81e-10    3.47e-10
HOMI_CAP_MUN |  -178.2763   238.9607    -0.75   0.456    -647.6291    291.0765
inter_homi~c |  -178.2014   458.3939    -0.39   0.698    -1078.552    722.1492
inter_homi~a |   113.9009   227.3931     0.50   0.617    -332.7314    560.5331
     mis_tot |  -.3583559   .4144062    -0.86   0.388    -1.172309    .4555967
         P_1 |   3.998158   1.481208     2.70   0.007     1.088855     6.90746
         P_2 |   1.187909   1.156733     1.03   0.305    -1.084078    3.459896
         P_3 |   4.332235   1.364642     3.17   0.002     1.651885    7.012585
         P_4 |   2.744686   1.559008     1.76   0.079    -.3174271      5.8068
         P_5 |   3.483184   1.230079     2.83   0.005     1.067135    5.899233
         P_6 |   2.051164   1.162867     1.76   0.078    -.2328728      4.3352
         P_7 |   5.456258   1.293144     4.22   0.000      2.91634    7.996177
         P_8 |   .8852765   1.234658     0.72   0.474    -1.539766    3.310319
         P_9 |   3.283298   1.177508     2.79   0.005     .9705051    5.596092
        P_10 |   2.103536   1.340363     1.57   0.117    -.5291264    4.736198
        P_11 |  -1.704055    1.68259    -1.01   0.312    -5.008901    1.600792
        P_12 |  -1.016077   1.578643    -0.64   0.520    -4.116755    2.084601
        P_13 |   2.823243   1.245189     2.27   0.024     .3775148    5.268971
        P_14 |   2.972196   1.459199     2.04   0.042     .1061216     5.83827
        P_15 |   2.049057   1.180278     1.74   0.083    -.2691766     4.36729
        P_16 |   2.416695   1.240815     1.95   0.052    -.0204422    4.853832
        P_17 |   1.810359   1.263648     1.43   0.153    -.6716246    4.292343
        P_18 |  -.4167263   7.582667    -0.05   0.956    -15.31016    14.47671
        P_19 |   1.992043   1.170682     1.70   0.089    -.3073423    4.291429
        P_20 |   4.068795   1.273771     3.19   0.001     1.566928    6.570662
        P_21 |   1.646998   1.176181     1.40   0.162    -.6631895    3.957185
        P_22 |   1.854669   1.201504     1.54   0.123    -.5052553    4.214593
        P_23 |   3.137734   1.240196     2.53   0.012     .7018138    5.573654
        P_24 |   3.746236   1.239152     3.02   0.003     1.312366    6.180107
        P_25 |   4.004374   1.387301     2.89   0.004     1.279517     6.72923
        P_26 |   3.183784   1.217854     2.61   0.009     .7917459    5.575823
        P_27 |   2.041006   1.184607     1.72   0.085     -.285731    4.367742
        P_28 |   2.976974   1.329067     2.24   0.025     .3664969    5.587451
        P_29 |    1.27681   1.264066     1.01   0.313    -1.205994    3.759614
        P_30 |   3.623001   1.272395     2.85   0.005     1.123836    6.122165
        P_31 |   2.652652   1.362852     1.95   0.052    -.0241832    5.329487
        P_32 |   4.647051   1.235421     3.76   0.000     2.220509    7.073594
        P_33 |   .6899922   1.319165     0.52   0.601    -1.901035    3.281019
        P_34 |   2.876374   1.391151     2.07   0.039     .1439567    5.608792
        P_35 |   4.397639    1.34392     3.27   0.001     1.757988    7.037289
        P_36 |   3.359524   1.299566     2.59   0.010     .8069925    5.912055
        P_37 |   2.800383    1.51876     1.84   0.066    -.1826779    5.783444
        P_38 |   4.060676    1.24338     3.27   0.001     1.618501     6.50285
        P_39 |   3.896543   1.229264     3.17   0.002     1.482093    6.310992
        P_40 |   3.511985   1.209062     2.90   0.004     1.137216    5.886755
        P_41 |   2.754251   1.187561     2.32   0.021     .4217118     5.08679
        P_42 |   -.404258   4.603937    -0.09   0.930    -9.447044    8.638528
        P_43 |   2.974832   1.261691     2.36   0.019     .4966918    5.452973
        P_44 |  -2.249486   1.269433    -1.77   0.077    -4.742831    .2438601
        P_45 |    1.21295   1.264914     0.96   0.338    -1.271522    3.697421
        P_46 |   .4629145   4.764886     0.10   0.923    -8.895998    9.821827
        P_47 |   2.940052   1.286791     2.28   0.023     .4126117    5.467493
        P_48 |   3.022339   1.351943     2.24   0.026     .3669315    5.677746
        P_49 |    -.92677    1.24989    -0.74   0.459     -3.38173     1.52819
        P_50 |   3.496644   1.461517     2.39   0.017     .6260173    6.367271
        P_51 |   1.389892   1.179292     1.18   0.239    -.9264037    3.706188
        P_52 |    3.08102   1.454054     2.12   0.035     .2250511    5.936988
        P_53 |   1.762318   1.266589     1.39   0.165    -.7254422    4.250079
        P_54 |   2.051735   1.285051     1.60   0.111    -.4722878    4.575758
        P_55 |  -2.734442    1.16767    -2.34   0.020    -5.027912   -.4409713
        P_56 |  -6.951098   6.145495    -1.13   0.258    -19.02172    5.119527
        P_57 |   3.377678   1.175048     2.87   0.004     1.069716     5.68564
        P_58 |   2.263095   1.183892     1.91   0.056    -.0622358    4.588426
        P_59 |   1.793284   1.406556     1.27   0.203    -.9693913    4.555958
        P_60 |   1.929628   1.353835     1.43   0.155    -.7294954    4.588751
        P_61 |   1.078306   1.176108     0.92   0.360    -1.231736    3.388348
        P_62 |   2.321882   1.151632     2.02   0.044     .0599129    4.583851
        P_63 |   .8421058   1.333452     0.63   0.528    -1.776984    3.461196
        P_64 |   2.918458   1.235265     2.36   0.018     .4922228    5.344693
        P_65 |          0  (omitted)
        P_66 |   1.440079   1.172701     1.23   0.220    -.8632728     3.74343
        P_67 |   2.555047   1.132285     2.26   0.024     .3310792    4.779015
        P_68 |   .8571319   1.302555     0.66   0.511    -1.701271    3.415535
        P_69 |          0  (omitted)
        P_70 |   8.976036   3.438059     2.61   0.009     2.223199    15.72887
        P_71 |    3.26815    1.52127     2.15   0.032     .2801608     6.25614
        P_72 |   2.030604   1.733893     1.17   0.242    -1.375007    5.436215
        P_73 |   2.793541   1.170163     2.39   0.017      .495176    5.091907
        P_74 |          0  (omitted)
        P_75 |   1.771467   1.327599     1.33   0.183    -.8361248     4.37906
        P_76 |   1.153797   1.493471     0.77   0.440    -1.779592    4.087186
        P_77 |   4.880369   1.603076     3.04   0.002       1.7317    8.029039
        P_78 |   3.315653   1.467999     2.26   0.024     .4322937    6.199012
        P_79 |          0  (omitted)
        P_80 |   3.168479   1.244287     2.55   0.011     .7245218    5.612435
        P_81 |   4.292631   1.602167     2.68   0.008     1.145748    7.439514
        P_82 |          0  (omitted)
       P_L_1 |   1.537411   1.152926     1.33   0.183    -.7270998    3.801921
       P_L_2 |  -1.863048   .9275056    -2.01   0.045    -3.684801   -.0412956
       P_L_3 |   .5960824   .9999405     0.60   0.551    -1.367943    2.560107
       P_L_4 |    .264475   1.341752     0.20   0.844    -2.370916    2.899866
       P_L_5 |   .4320369   1.231431     0.35   0.726    -1.986668    2.850742
       P_L_6 |   .2255028   .9765329     0.23   0.817    -1.692546    2.143552
       P_L_7 |  -.1602086   1.064086    -0.15   0.880    -2.250224    1.929807
       P_L_8 |  -.3273549   .9333377    -0.35   0.726    -2.160563    1.505853
       P_L_9 |    1.38013   .9770153     1.41   0.158    -.5388666    3.299127
      P_L_10 |   1.606806   1.055817     1.52   0.129    -.4669686     3.68058
      P_L_11 |  -.5996967   1.187095    -0.51   0.614    -2.931319    1.731926
      P_L_12 |   1.375491   1.079776     1.27   0.203    -.7453416    3.496324
      P_L_13 |   8.194936   1.467451     5.58   0.000     5.312654    11.07722
      P_L_14 |  -.2882112   1.130353    -0.25   0.799    -2.508385    1.931963
      P_L_15 |  -4.062234   1.130772    -3.59   0.000    -6.283231   -1.841237
      P_L_16 |  -2.035393   .9898081    -2.06   0.040    -3.979516    -.091269
      P_L_17 |    .799293   1.005972     0.79   0.427    -1.176578    2.775164
      P_L_18 |   1.533752   .9120757     1.68   0.093    -.2576937    3.325199
      P_L_19 |  -15.09195   13.23768    -1.14   0.255    -41.09263    10.90874
      P_L_20 |  -1.489573    .918537    -1.62   0.105     -3.29371    .3145641
      P_L_21 |  -1.702266   .9350053    -1.82   0.069    -3.538749    .1342174
      P_L_22 |   .2318283   .9623072     0.24   0.810     -1.65828    2.121936
      P_L_23 |   .4746407   .9069396     0.52   0.601    -1.306717    2.255999
      P_L_24 |   2.249941   1.306548     1.72   0.086    -.3163054    4.816188
      P_L_25 |          0  (omitted)
      P_L_26 |          0  (omitted)
      P_L_27 |  -3.479929   .9486815    -3.67   0.000    -5.343274   -1.616584
      P_L_28 |  -.2165989   .9159584    -0.24   0.813    -2.015671    1.582473
      P_L_29 |   2.013394   .9060167     2.22   0.027      .233849     3.79294
      P_L_30 |   .9273116   .9820502     0.94   0.345    -1.001574    2.856198
      P_L_31 |          0  (omitted)
      P_L_32 |   2.955782   1.390984     2.12   0.034      .223691    5.687873
      P_L_33 |   .5114307   .9241166     0.55   0.580    -1.303665    2.326527
      P_L_34 |   .7163396   .9160268     0.78   0.435    -1.082867    2.515546
      P_L_35 |   2.460473   4.646052     0.53   0.597    -6.665032    11.58598
      P_L_36 |  -.4580885   .9346547    -0.49   0.624    -2.293883    1.377706
      P_L_37 |  -.1848005    .938373    -0.20   0.844    -2.027898    1.658297
      P_L_38 |    -3.3207   2.607803    -1.27   0.203    -8.442794    1.801394
      P_L_39 |  -5.691746   1.067487    -5.33   0.000    -7.788442    -3.59505
      P_L_40 |   -8.41487   1.001128    -8.41   0.000    -10.38123   -6.448512
      P_L_41 |  -3.820821   .9095695    -4.20   0.000    -5.607344   -2.034297
      P_L_42 |          0  (omitted)
      P_L_43 |   2.740081   1.047631     2.62   0.009     .6823861    4.797777
      P_L_44 |   1.614872     1.1143     1.45   0.148    -.5737705    3.803514
      P_L_45 |  -1.245449    .926381    -1.34   0.179    -3.064992    .5740951
      P_L_46 |  -1.413947   1.088529    -1.30   0.194    -3.551971    .7240779
      P_L_47 |  -.8394701   1.229973    -0.68   0.495    -3.255312    1.576372
      P_L_48 |          0  (omitted)
      P_L_49 |   1.635328   .9299124     1.76   0.079    -.1911515    3.461808
      P_L_50 |   1.364115   1.392676     0.98   0.328    -1.371298    4.099527
      P_L_51 |   2.987387   .8997747     3.32   0.001     1.220101    4.754672
      P_L_52 |   .2433906   .9037189     0.27   0.788    -1.531641    2.018423
      P_L_53 |          0  (omitted)
      P_L_54 |          0  (omitted)
      P_L_55 |          0  (omitted)
      P_L_56 |   .1175466   .8845016     0.13   0.894     -1.61974    1.854833
      P_L_57 |   .4246018   .8519954     0.50   0.618    -1.248838    2.098042
      P_L_58 |  -.6980579    .987509    -0.71   0.480    -2.637666     1.24155
      P_L_59 |   8.390447   1.033654     8.12   0.000     6.360204    10.42069
      P_L_60 |          0  (omitted)
      P_L_61 |          0  (omitted)
      P_L_62 |          0  (omitted)
      P_L_63 |   -6.95487   .8923959    -7.79   0.000    -8.707662   -5.202077
      P_L_64 |   3.449893   .9850186     3.50   0.000     1.515176    5.384609
      P_L_65 |  -1.032228   1.097132    -0.94   0.347     -3.18715    1.122695
      P_L_66 |   2.882093   1.177806     2.45   0.015     .5687149     5.19547
      P_L_67 |   3.713758   1.171565     3.17   0.002     1.412637    6.014878
      P_L_68 |   4.383781    1.18194     3.71   0.000     2.062283    6.705279
      P_L_69 |          0  (omitted)
      P_L_70 |          0  (omitted)
      P_L_71 |   .5865482   .9335187     0.63   0.530    -1.247015    2.420111
      P_L_72 |   4.532342   1.272942     3.56   0.000     2.032104     7.03258
      P_L_73 |          0  (omitted)
     trend_1 |   -.306407   .2413173    -1.27   0.205    -.7803885    .1675744
     trend_2 |  -.0821312   .2389637    -0.34   0.731    -.5514899    .3872275
     trend_3 |  -.0628406   .2380275    -0.26   0.792    -.5303603    .4046791
     trend_4 |    .244523   .2392266     1.02   0.307     -.225352     .714398
     trend_5 |   -.147715   .2423299    -0.61   0.542    -.6236853    .3282554
     trend_6 |  -.2918052   .2305986    -1.27   0.206    -.7447336    .1611233
     trend_7 |  -.5305238   .3094358    -1.71   0.087      -1.1383    .0772521
     trend_8 |   -.113802    .229599    -0.50   0.620    -.5647671     .337163
     trend_9 |  -.2168348   .2642577    -0.82   0.412    -.7358744    .3022048
    trend_10 |  -.3515741    .241923    -1.45   0.147    -.8267453    .1235971
    trend_11 |  -1.269377   .3805768    -3.34   0.001    -2.016884   -.5218703
    trend_12 |  -1.451758   .3772987    -3.85   0.000    -2.192827   -.7106902
    trend_13 |  -1.419407   .3708207    -3.83   0.000    -2.147752   -.6910625
    trend_14 |   -1.19899   .4025333    -2.98   0.003    -1.989622   -.4083572
    trend_15 |  -1.724679   .3462307    -4.98   0.000    -2.404725   -1.044633
    trend_16 |  -.0403862   .2108226    -0.19   0.848    -.4544717    .3736993
    trend_17 |  -.1379865   .2035193    -0.68   0.498    -.5377272    .2617543
    trend_18 |  -.1570508   .2049569    -0.77   0.444    -.5596153    .2455136
    trend_19 |  -.1239184   .2061625    -0.60   0.548    -.5288508    .2810139
    trend_20 |      .2765   .2614542     1.06   0.291    -.2370332    .7900332
    trend_21 |  -.5663055   .3058473    -1.85   0.065    -1.167033    .0344221
    trend_22 |  -.1505014    .212204    -0.71   0.478    -.5673001    .2662974
    trend_23 |  -.4562379   .3016988    -1.51   0.131    -1.048817    .1363414
    trend_24 |  -.3225976   .3056032    -1.06   0.292    -.9228456    .2776504
    trend_25 |    .082183   .2067308     0.40   0.691    -.3238658    .4882317
    trend_26 |    1.48252   .2060631     7.19   0.000     1.077783    1.887258
    trend_27 |  -.3304711   .2956171    -1.12   0.264    -.9111051    .2501629
    trend_28 |   2.111767   .2118336     9.97   0.000     1.695696    2.527838
    trend_29 |   .0071624   .3026206     0.02   0.981    -.5872274    .6015523
    trend_30 |  -.9147472   .3112914    -2.94   0.003    -1.526168   -.3033267
    trend_31 |   .7975274   .2053606     3.88   0.000       .39417    1.200885
    trend_32 |  -.6755406     .20476    -3.30   0.001    -1.077718   -.2733628
    trend_33 |  -.4432903   .2304565    -1.92   0.055    -.8959397     .009359
    trend_34 |  -.3579956    .331844    -1.08   0.281    -1.009784    .2937931
    trend_35 |  -.3489762   .3213927    -1.09   0.278     -.980237    .2822846
    trend_36 |  -1.366874    .233163    -5.86   0.000     -1.82484   -.9089091
    trend_37 |  -.0780272   .2356103    -0.33   0.741    -.5407993     .384745
    trend_38 |  -.8268008   .2564589    -3.22   0.001    -1.330522   -.3230792
    trend_39 |   .6689229   .4171545     1.60   0.109    -.1504277    1.488273
    trend_40 |   -.379075   .2106656    -1.80   0.072    -.7928522    .0347022
    trend_41 |  -.3773899   .2063349    -1.83   0.068     -.782661    .0278812
    trend_42 |  -.4308992    .213966    -2.01   0.044    -.8511589   -.0106396
    trend_43 |  -.6751199    .204466    -3.30   0.001     -1.07672   -.2735197
    trend_44 |  -.8777783   .2096829    -4.19   0.000    -1.289625   -.4659314
    trend_45 |   .2748387   .2089214     1.32   0.189    -.1355126    .6851899
    trend_46 |  -.2007297   .2116194    -0.95   0.343    -.6163803    .2149209
    trend_47 |  -.0039905   .2183888    -0.02   0.985    -.4329371    .4249562
    trend_48 |   .0495342    .206325     0.24   0.810    -.3557173    .4547857
    trend_49 |  -.0323347   .2065529    -0.16   0.876     -.438034    .3733646
    trend_50 |   .4227308   .2126365     1.99   0.047     .0050826     .840379
    trend_51 |   .4736719   .2186018     2.17   0.031     .0443069    .9030369
    trend_52 |   .1913719   .2038194     0.94   0.348    -.2089585    .5917022
    trend_53 |  -.1358943   .2019014    -0.67   0.501    -.5324574    .2606688
    trend_54 |  -.6367878   .2087909    -3.05   0.002    -1.046883   -.2266928
    trend_55 |    5.47381    .770678     7.10   0.000     3.960089    6.987531
    trend_56 |   3.049653   2.018531     1.51   0.131    -.9150296    7.014335
    trend_57 |   2.698071   .2982725     9.05   0.000     2.112221     3.28392
    trend_58 |   .3930324   .2092622     1.88   0.061    -.0179882    .8040529
    trend_59 |   1.236983    .208377     5.94   0.000     .8277015    1.646265
    trend_60 |   1.340088   .2045983     6.55   0.000     .9382281    1.741948
    trend_61 |   1.926333   .4512554     4.27   0.000     1.040003    2.812662
    trend_62 |   3.153317   .2839839    11.10   0.000     2.595533    3.711102
    trend_63 |   2.936884   .3652246     8.04   0.000     2.219532    3.654237
    trend_64 |   1.798679   .2884897     6.23   0.000     1.232044    2.365313
    trend_65 |   1.510243   .3051016     4.95   0.000     .9109802    2.109506
    trend_66 |   .4630002   .2459424     1.88   0.060    -.0200656    .9460661
    trend_67 |   2.071283   .3098173     6.69   0.000     1.462757    2.679808
    trend_68 |  -.7819123   .3826423    -2.04   0.041    -1.533476   -.0303485
    trend_69 |   .7778319   .3266726     2.38   0.018     .1362004    1.419463
    trend_70 |   .4056028   .2938455     1.38   0.168    -.1715514     .982757
    trend_71 |   4.985681   .2976945    16.75   0.000     4.400966    5.570395
    trend_72 |   1.584568   .3701888     4.28   0.000     .8574645    2.311671
    trend_73 |  -.0735008   .2255689    -0.33   0.745    -.5165502    .3695486
    trend_74 |   1.117426   .2140561     5.22   0.000     .6969894    1.537862
    trend_75 |   .8297811   .2839802     2.92   0.004     .2720037    1.387559
    trend_76 |   .8642746    .260068     3.32   0.001     .3534641    1.375085
    trend_77 |   .4486768   .3063112     1.46   0.144    -.1529618    1.050315
    trend_78 |  -.3432811   .5254335    -0.65   0.514    -1.375307     .688745
    trend_79 |   .6683766   .3439593     1.94   0.052    -.0072082    1.343961
    trend_80 |   2.363115   1.987255     1.19   0.235    -1.540136    6.266366
    trend_81 |   3.166231   .3613091     8.76   0.000     2.456569    3.875893
    trend_82 |   .9138032   .2926558     3.12   0.002     .3389857    1.488621
    trend_83 |   -.321783   .3286101    -0.98   0.328      -.96722     .323654
    trend_84 |   1.411094   .2869084     4.92   0.000     .8475652    1.974623
    trend_85 |   -.348712   .3354397    -1.04   0.299    -1.007563    .3101392
    trend_86 |   1.246032   .2757045     4.52   0.000     .7045093    1.787555
    trend_87 |   .3969529   .3721681     1.07   0.287     -.334038    1.127944
    trend_88 |   .5310708   .2105245     2.52   0.012     .1175708    .9445708
    trend_89 |   1.818039   .2039909     8.91   0.000     1.417372    2.218706
    trend_90 |   5.172499   .2903933    17.81   0.000     4.602126    5.742873
    trend_91 |   .6145895   .2409215     2.55   0.011     .1413855    1.087794
    trend_92 |  -.6050595   .3177557    -1.90   0.057    -1.229177    .0190578
    trend_93 |   .7949087   .2438514     3.26   0.001     .3159499    1.273867
    trend_94 |  -1.769203   .2570267    -6.88   0.000     -2.27404   -1.264366
    trend_95 |   .3624168   .2525139     1.44   0.152    -.1335564    .8583899
    trend_96 |  -.5911773   .2985407    -1.98   0.048    -1.177554    -.004801
    trend_97 |  -.0819284   .2287348    -0.36   0.720     -.531196    .3673391
    trend_98 |   .6345281   .2604299     2.44   0.015     .1230069    1.146049
    trend_99 |  -.9469626   .3439868    -2.75   0.006    -1.622602   -.2713237
   trend_100 |  -.7768969   .2983872    -2.60   0.009    -1.362972    -.190822
   trend_101 |   .1121878   .3194281     0.35   0.726    -.5152143    .7395899
   trend_102 |   .0916008   .2101404     0.44   0.663    -.3211447    .5043463
   trend_103 |   -.884204    .326257    -2.71   0.007    -1.525019    -.243389
   trend_104 |  -.0024651   .2016702    -0.01   0.990    -.3985741    .3936439
   trend_105 |  -.3138732     .23412    -1.34   0.181    -.7737182    .1459717
   trend_106 |  -.3259689   .2046657    -1.59   0.112    -.7279614    .0760235
   trend_107 |  -.5585367    .201956    -2.77   0.006    -.9552069   -.1618665
   trend_108 |  -.3330689    .210591    -1.58   0.114    -.7466995    .0805617
   trend_109 |   .1052551   .2027131     0.52   0.604    -.2929022    .5034124
   trend_110 |   .4609721   .2036262     2.26   0.024     .0610213    .8609229
   trend_111 |   -.042075   .2112728    -0.20   0.842    -.4570448    .3728947
   trend_112 |  -.7192658   .2054683    -3.50   0.001    -1.122835    -.315697
   trend_113 |  -.3063061   .2059634    -1.49   0.138    -.7108474    .0982351
   trend_114 |  -1.206307   .1993309    -6.05   0.000    -1.597821   -.8147933
   trend_115 |  -.0860974   .2508259    -0.34   0.732     -.578755    .4065603
   trend_116 |   .4445623   .2087344     2.13   0.034     .0345784    .8545463
   trend_117 |  -1.405289   .2060487    -6.82   0.000    -1.809998    -1.00058
   trend_118 |  -.5998986   .2258259    -2.66   0.008    -1.043453   -.1563445
   trend_119 |   -.990912   .2559285    -3.87   0.000    -1.493592   -.4882321
   trend_120 |  -.6402934   .2061738    -3.11   0.002    -1.045248   -.2353389
   trend_121 |   .4419245   .2073083     2.13   0.033     .0347416    .8491075
   trend_122 |  -.0577949   .2520445    -0.23   0.819     -.552846    .4372563
   trend_123 |  -.3298761   .1983865    -1.66   0.097    -.7195354    .0597832
   trend_124 |   1.081628   .2006951     5.39   0.000     .6874348    1.475822
   trend_125 |  -.1735595   .2083164    -0.83   0.405    -.5827225    .2356036
   trend_126 |  -.3382514   .2079039    -1.63   0.104    -.7466043    .0701014
   trend_127 |   .2091644   .2138309     0.98   0.328      -.21083    .6291587
   trend_128 |   .8003016   .2084301     3.84   0.000     .3909153    1.209688
   trend_129 |  -.3691879   .2064776    -1.79   0.074    -.7747392    .0363634
   trend_130 |  -.1366049   .2022607    -0.68   0.500    -.5338737    .2606639
   trend_131 |  -.1233003   .3457665    -0.36   0.722    -.8024348    .5558342
   trend_132 |   .0310488   .2109687     0.15   0.883    -.3833237    .4454213
   trend_133 |   .5767146   .2149194     2.68   0.007     .1545824    .9988467
   trend_134 |  -.4642734   .2150905    -2.16   0.031    -.8867416   -.0418051
   trend_135 |   .6395668   .2133072     3.00   0.003     .2206013    1.058532
   trend_136 |   .1925456    .213495     0.90   0.368     -.226789    .6118801
   trend_137 |  -.0200686   .2138051    -0.09   0.925    -.4400122     .399875
   trend_138 |  -.0485559   .2057529    -0.24   0.814    -.4526838    .3555721
   trend_139 |   .2195967   .2332483     0.94   0.347    -.2385361    .6777294
   trend_140 |   .4465942    .248595     1.80   0.073    -.0416816    .9348701
   trend_141 |   .5877289   .2276311     2.58   0.010      .140629    1.034829
   trend_142 |   .2208143   .1995335     1.11   0.269    -.1710979    .6127265
   trend_143 |  -.6442479   .2127094    -3.03   0.003    -1.062039   -.2264564
   trend_144 |  -.7388375   .2141856    -3.45   0.001    -1.159528   -.3181466
   trend_145 |  -.2701081   .2039362    -1.32   0.186    -.6706678    .1304516
   trend_146 |  -.1487653   .7105047    -0.21   0.834    -1.544298    1.246767
   trend_147 |   .4474067   .2468288     1.81   0.070    -.0374001    .9322136
   trend_148 |   2.560543   .2116698    12.10   0.000     2.144793    2.976292
   trend_149 |   1.946809   .2115683     9.20   0.000     1.531259     2.36236
   trend_150 |   .5952623   .2978143     2.00   0.046     .0103126    1.180212
   trend_151 |   1.998737   .2200075     9.08   0.000     1.566611    2.430863
   trend_152 |   1.446495   .2503106     5.78   0.000     .9548495     1.93814
   trend_153 |   2.082171   .2215739     9.40   0.000     1.646968    2.517373
   trend_154 |   .7896474   .2285111     3.46   0.001     .3408193    1.238476
   trend_155 |   1.419293   .2083219     6.81   0.000     1.010119    1.828467
   trend_156 |   .5748511   .2123881     2.71   0.007     .1576907    .9920116
   trend_157 |   1.494297   .2274789     6.57   0.000     1.047496    1.941098
   trend_158 |   .7522713   .2301037     3.27   0.001      .300315    1.204228
   trend_159 |   .0286397   .2577144     0.11   0.912     -.477548    .5348273
   trend_160 |   .1095197   .2091006     0.52   0.601    -.3011836    .5202229
   trend_161 |  -.2313906   .2149467    -1.08   0.282    -.6535764    .1907952
   trend_162 |  -.0825494   .2304036    -0.36   0.720    -.5350947    .3699959
   trend_163 |    .867994   .2656025     3.27   0.001      .346313    1.389675
   trend_164 |   .1766325   .2169371     0.81   0.416    -.2494627    .6027277
   trend_165 |    2.07465   .2257749     9.19   0.000     1.631196    2.518104
   trend_166 |    1.37096   .2326947     5.89   0.000     .9139143    1.828005
   trend_167 |   2.483108   .2468351    10.06   0.000     1.998288    2.967927
   trend_168 |  -.0833186   .2206036    -0.38   0.706    -.5166153    .3499782
   trend_169 |   .7326049   .2914054     2.51   0.012     .1602434    1.304966
   trend_170 |   .6111386   .2176688     2.81   0.005     .1836061    1.038671
   trend_171 |   .7719597    .207939     3.71   0.000     .3635381    1.180381
   trend_172 |    1.06704   .2047348     5.21   0.000     .6649117    1.469168
   trend_173 |   .3557097   .2354743     1.51   0.131    -.1067952    .8182145
   trend_174 |  -.3868767   .2152679    -1.80   0.073    -.8096934    .0359399
   trend_175 |   .2649648    .204794     1.29   0.196    -.1372796    .6672092
   trend_176 |    1.24943   .2113543     5.91   0.000     .8343004     1.66456
   trend_177 |   .2611329   .2587347     1.01   0.313    -.2470588    .7693246
   trend_178 |   6.954965   1.546698     4.50   0.000      3.91703      9.9929
   trend_179 |   4.669417   .2900359    16.10   0.000     4.099745    5.239088
   trend_180 |   .0903619   .2184102     0.41   0.679    -.3386267    .5193505
   trend_181 |   .4582579     .20787     2.20   0.028     .0499716    .8665441
   trend_182 |   .6935586   .1995566     3.48   0.001     .3016011    1.085516
   trend_183 |  -.7292378   .2294879    -3.18   0.002    -1.179985    -.278491
   trend_184 |    .760007   .2025109     3.75   0.000     .3622468    1.157767
   trend_185 |   .6858649   .2189297     3.13   0.002     .2558559    1.115874
   trend_186 |  -.2119022   .2963927    -0.71   0.475    -.7940596    .3702552
   trend_187 |  -.0277457   .2161295    -0.13   0.898    -.4522547    .3967634
   trend_188 |   1.509395   .2447888     6.17   0.000     1.028595    1.990195
   trend_189 |   1.281919   .4896903     2.62   0.009     .3200977     2.24374
   trend_190 |   .9029188   .2411428     3.74   0.000       .42928    1.376558
   trend_191 |  -.3190132   .2157394    -1.48   0.140    -.7427559    .1047295
   trend_192 |    6.34063    .210548    30.11   0.000     5.927084    6.754176
   trend_193 |   1.464362   .2033348     7.20   0.000     1.064984     1.86374
   trend_194 |  -.4815283   .2173952    -2.21   0.027    -.9085232   -.0545333
   trend_195 |    .043426   .2181415     0.20   0.842    -.3850348    .4718868
   trend_196 |   .5170754   .2191309     2.36   0.019     .0866713    .9474795
   trend_197 |   .8482732   .2171499     3.91   0.000     .4217601    1.274786
   trend_198 |  -.3684801    .217218    -1.70   0.090    -.7951271     .058167
   trend_199 |   .9224696   .2077331     4.44   0.000     .5144524    1.330487
   trend_200 |   .6659391   .2149824     3.10   0.002     .2436832    1.088195
   trend_201 |   .7015899    .219864     3.19   0.001     .2697458    1.133434
   trend_202 |   .0868594   .2176862     0.40   0.690    -.3407071     .514426
   trend_203 |   -.555488   .2170989    -2.56   0.011     -.981901   -.1290749
   trend_204 |   1.365854   .2164183     6.31   0.000     .9407778     1.79093
   trend_205 |   1.121709   .2474319     4.53   0.000     .6357179    1.607701
   trend_206 |  -.0369795   .2761738    -0.13   0.894     -.579424    .5054651
   trend_207 |   .1876947   .2285859     0.82   0.412    -.2612804    .6366698
   trend_208 |  -.1032761   .2243144    -0.46   0.645    -.5438614    .3373092
   trend_209 |   .3522657   .2183048     1.61   0.107     -.076516    .7810473
   trend_210 |  -.1887161   .2156836    -0.87   0.382    -.6123493     .234917
   trend_211 |   .0607046   .2366163     0.26   0.798    -.4040434    .5254526
   trend_212 |  -.3704219    .232722    -1.59   0.112    -.8275209    .0866771
   trend_213 |  -.4399841   .2273851    -1.93   0.053    -.8866006    .0066324
   trend_214 |   .3115149   .2271597     1.37   0.171     -.134659    .7576889
   trend_215 |   .1296935   .2470074     0.53   0.600    -.3554642    .6148512
   trend_216 |  -.3788429   .2254781    -1.68   0.093    -.8217138    .0640281
   trend_217 |   1.100369   .2377353     4.63   0.000     .6334233    1.567315
   trend_218 |    -.21973   .2257423    -0.97   0.331    -.6631199      .22366
   trend_219 |  -.0801649   .2104313    -0.38   0.703    -.4934817     .333152
   trend_220 |  -.0015198   .2310515    -0.01   0.995    -.4553377    .4522982
   trend_221 |   -.219888    .224481    -0.98   0.328    -.6608006    .2210245
   trend_222 |   1.043164   .2256435     4.62   0.000     .5999682     1.48636
   trend_223 |   .5463415   .2204435     2.48   0.013     .1133593    .9793238
   trend_224 |   .1215331   .2350632     0.52   0.605    -.3401643    .5832306
   trend_225 |   -.120239   .2213447    -0.54   0.587    -.5549913    .3145134
   trend_226 |   .2146134   .2222773     0.97   0.335    -.2219708    .6511976
   trend_227 |   .0651121   .2323699     0.28   0.779    -.3912954    .5215196
   trend_228 |  -.4561061   .2226831    -2.05   0.041    -.8934874   -.0187248
   trend_229 |  -.1453124   .2418171    -0.60   0.548    -.6202755    .3296508
   trend_230 |   .3541814   .2210465     1.60   0.110    -.0799854    .7883481
   trend_231 |   .0382311   .2307968     0.17   0.868    -.4150865    .4915486
   trend_232 |  -.2580932   .2337826    -1.10   0.270    -.7172755    .2010891
   trend_233 |  -.1129665   .2569725    -0.44   0.660    -.6176969    .3917639
   trend_234 |     .11413   .2355917     0.48   0.628    -.3486056    .5768655
   trend_235 |  -.0831032   .2334721    -0.36   0.722    -.5416756    .3754692
   trend_236 |   .1861289   .2347833     0.79   0.428    -.2750188    .6472766
   trend_237 |   .1056508   .2130701     0.50   0.620    -.3128491    .5241507
   trend_238 |    .072559   .2211157     0.33   0.743    -.3617437    .5068617
   trend_239 |   .0954075   .2376943     0.40   0.688    -.3714578    .5622728
   trend_240 |  -.2290494   .2310436    -0.99   0.322    -.6828517     .224753
   trend_241 |   .2692431    .236899     1.14   0.256    -.1960602    .7345464
   trend_242 |   1.607661   .2153344     7.47   0.000     1.184714    2.030608
   trend_243 |   .5549421   .2142537     2.59   0.010     .1341174    .9757667
   trend_244 |   1.484591   .2320124     6.40   0.000     1.028886    1.940296
   trend_245 |  -.0312928   .2327637    -0.13   0.893    -.4884738    .4258883
   trend_246 |   .0379959   .2277617     0.17   0.868    -.4093603    .4853521
   trend_247 |   .5452027   .2013314     2.71   0.007     .1497593    .9406461
   trend_248 |   .1304401   .2282383     0.57   0.568    -.3178523    .5787326
   trend_249 |  -.1215307   .2210202    -0.55   0.583    -.5556457    .3125843
   trend_250 |   .3132383   .2198021     1.43   0.155    -.1184843    .7449609
   trend_251 |   .0844153   .2323342     0.36   0.716    -.3719221    .5407527
   trend_252 |   .6369872   .2478544     2.57   0.010     .1501659    1.123808
   trend_253 |   .0789631   .2278484     0.35   0.729    -.3685636    .5264897
   trend_254 |   .3146618   .2151455     1.46   0.144    -.1079144    .7372381
   trend_255 |   1.965382   .2210825     8.89   0.000     1.531145    2.399619
   trend_256 |   .1259607   .2432271     0.52   0.605    -.3517719    .6036933
   trend_257 |          0  (omitted)
   trend_258 |    1.00733   .2438959     4.13   0.000     .5282839    1.486376
   trend_259 |  -.4382935   .3268255    -1.34   0.180    -1.080225    .2036382
   trend_260 |    4.04647   1.324536     3.06   0.002     1.444893    6.648048
   trend_261 |   -1.03743   .2480777    -4.18   0.000     -1.52469   -.5501698
   trend_262 |   1.554653   .2460266     6.32   0.000     1.071422    2.037884
   trend_263 |   2.958096   .2311898    12.80   0.000     2.504007    3.412186
   trend_264 |  -.6953686   .2363623    -2.94   0.003    -1.159618   -.2311195
   trend_265 |  -.8724871   .2595123    -3.36   0.001    -1.382206   -.3627682
   trend_266 |  -2.015054   .2077255    -9.70   0.000    -2.423057   -1.607052
   trend_267 |   7.144351   .2463037    29.01   0.000     6.660575    7.628126
   trend_268 |  -.2605728   .2682092    -0.97   0.332    -.7873737    .2662281
   trend_269 |    .381068   .2175803     1.75   0.080    -.0462906    .8084267
   trend_270 |   -.208094   .2097415    -0.99   0.322     -.620056    .2038681
   trend_271 |  -.1118724   .2492731    -0.45   0.654    -.6014801    .3777354
   trend_272 |  -.3007518   .2169665    -1.39   0.166    -.7269048    .1254012
   trend_273 |  -.2777641    .312102    -0.89   0.374    -.8907767    .3352485
   trend_274 |   2.420262   .2033317    11.90   0.000     2.020889    2.819634
   trend_275 |  -2.816745   .3391894    -8.30   0.000    -3.482961   -2.150529
   trend_276 |   2.857464   .2323906    12.30   0.000     2.401016    3.313912
   trend_277 |  -1.467032   .2348036    -6.25   0.000     -1.92822   -1.005844
   trend_278 |   1.231791   .3839768     3.21   0.001     .4776061    1.985976
   trend_279 |   1.825969    .262744     6.95   0.000     1.309903    2.342036
   trend_280 |   1.156117   .2420926     4.78   0.000     .6806124    1.631621
   trend_281 |   2.753188   1.253658     2.20   0.028     .2908256    5.215551
   trend_282 |   1.104024   .2431703     4.54   0.000     .6264033    1.581645
   trend_283 |  -.0890276   .2101166    -0.42   0.672    -.5017264    .3236712
   trend_284 |  -2.427891   .2323583   -10.45   0.000    -2.884276   -1.971507
   trend_285 |  -2.113512    .243323    -8.69   0.000    -2.591433   -1.635592
   trend_286 |   .9010518   .2080303     4.33   0.000     .4924509    1.309653
   trend_287 |   .1858435   .2227749     0.83   0.405    -.2517179     .623405
   trend_288 |  -.3494156   .4421377    -0.79   0.430    -1.217837    .5190056
   trend_289 |    .431191    .203516     2.12   0.035     .0314567    .8309252
   trend_290 |  -.3162447   .1952547    -1.62   0.106    -.6997527    .0672632
   trend_291 |  -.0971071   .2055226    -0.47   0.637    -.5007827    .3065684
   trend_292 |   .4722673   .2445084     1.93   0.054    -.0079818    .9525164
   trend_293 |   .0563352   .2633255     0.21   0.831    -.4608734    .5735439
   trend_294 |   1.025054   .3590927     2.85   0.004     .3197448    1.730363
   trend_295 |   -.250149    .230733    -1.08   0.279    -.7033414    .2030433
   trend_296 |   .5069901     .22657     2.24   0.026     .0619744    .9520058
   trend_297 |   .4027693   .2291126     1.76   0.079    -.0472404    .8527789
   trend_298 |   .5136383   .2549327     2.01   0.044     .0129143    1.014362
   trend_299 |   4.676553   .2373028    19.71   0.000     4.210456    5.142649
   trend_300 |    .863098   .2280484     3.78   0.000     .4151785    1.311017
   trend_301 |   .5557387   .2296293     2.42   0.016     .1047141    1.006763
   trend_302 |   .2311412   .2050748     1.13   0.260    -.1716549    .6339372
   trend_303 |  -.0593774   .2274582    -0.26   0.794    -.5061376    .3873829
   trend_304 |   .4012669   .3134614     1.28   0.201    -.2144157     1.01695
   trend_305 |   .1559842   .2257282     0.69   0.490    -.2873781    .5993464
   trend_306 |   .6982975   .3205605     2.18   0.030     .0686712    1.327924
   trend_307 |   -.119919   .2249986    -0.53   0.594    -.5618481    .3220102
   trend_308 |   .2314566   .2227595     1.04   0.299    -.2060746    .6689878
   trend_309 |   .6769089   .3080842     2.20   0.028     .0717879     1.28203
   trend_310 |   .1733144   .2433411     0.71   0.477     -.304642    .6512708
   trend_311 |   .3047812   .2454975     1.24   0.215    -.1774107    .7869731
   trend_312 |   .3725808    .312301     1.19   0.233    -.2408226    .9859843
   trend_313 |   .0731988   .2610412     0.28   0.779    -.4395232    .5859208
   trend_314 |  -.4631945   .2216988    -2.09   0.037    -.8986425   -.0277466
   trend_315 |  -.0873665   .2103699    -0.42   0.678    -.5005629      .32583
   trend_316 |  -.1437598   .3239447    -0.44   0.657    -.7800331    .4925135
   trend_317 |   .4094849   .3144265     1.30   0.193    -.2080934    1.027063
   trend_318 |    -.02042    .332878    -0.06   0.951    -.6742395    .6333996
   trend_319 |  -.2024886   .2479606    -0.82   0.414    -.6895185    .2845412
   trend_320 |  -.6335773   .3182668    -1.99   0.047    -1.258698   -.0084561
   trend_321 |  -.0478832   .2077409    -0.23   0.818    -.4559159    .3601494
   trend_322 |  -.2336151   .3135915    -0.74   0.457    -.8495533    .3823231
   trend_323 |   .2135316   .2786707     0.77   0.444    -.3338171    .7608803
   trend_324 |  -.0908822   .3163066    -0.29   0.774    -.7121533    .5303889
   trend_325 |  -.0010699   .2760584    -0.00   0.997    -.5432877    .5411479
   trend_326 |   .0269158   .2866782     0.09   0.925    -.5361608    .5899924
   trend_327 |  -.1948446   .2237949    -0.87   0.384    -.6344096    .2447204
   trend_328 |   .0362062    .206733     0.18   0.861    -.3698467    .4422592
   trend_329 |  -.0986009   .2202345    -0.45   0.655    -.5311727     .333971
   trend_330 |   1.229189   .2646968     4.64   0.000     .7092874    1.749091
   trend_331 |   3.591482   .2210623    16.25   0.000     3.157284     4.02568
   trend_332 |  -1.657589   .2564578    -6.46   0.000    -2.161309    -1.15387
   trend_333 |     5.2706   .7637534     6.90   0.000      3.77048     6.77072
   trend_334 |   .4865314   .4737358     1.03   0.305     -.443953    1.417016
   trend_335 |          0  (omitted)
   trend_336 |   9.590564   .2746104    34.92   0.000      9.05119    10.12994
   trend_337 |   .4212285   .2258366     1.87   0.063    -.0223465    .8648036
   trend_338 |   1.031404   .2186216     4.72   0.000     .6020002    1.460808
   trend_339 |          0  (omitted)
   trend_340 |          0  (omitted)
   trend_341 |   .5483694   .2865017     1.91   0.056    -.0143605    1.111099
   trend_342 |  -.2216136   .3512154    -0.63   0.528    -.9114505    .4682233
   trend_343 |    2.01312   .3584577     5.62   0.000     1.309058    2.717182
   trend_344 |   2.631923   .2107658    12.49   0.000     2.217949    3.045897
   trend_345 |          0  (omitted)
   trend_346 |  -.1930949   .1955328    -0.99   0.324    -.5771491    .1909593
   trend_347 |   3.919362    .391191    10.02   0.000     3.151007    4.687716
   trend_348 |   1.997873   .3864752     5.17   0.000     1.238781    2.756965
   trend_349 |          0  (omitted)
   trend_350 |          0  (omitted)
   trend_351 |   1.367506   .4145236     3.30   0.001     .5533229    2.181689
   trend_352 |          0  (omitted)
   trend_353 |    1.20526   .2345482     5.14   0.000     .7445741    1.665946
   trend_354 |   6.099614    .519917    11.73   0.000     5.078423    7.120805
   trend_355 |          0  (omitted)
   trend_356 |   .1057916   .3204384     0.33   0.741     -.523595    .7351782
   trend_357 |  -.7335221   .2787144    -2.63   0.009    -1.280957   -.1860874
   trend_358 |  -.5317803   .2696436    -1.97   0.049    -1.061399    -.002162
   trend_359 |  -.3076625   .2735269    -1.12   0.261    -.8449081    .2295831
   trend_360 |  -.2365592   .3210929    -0.74   0.462    -.8672313    .3941128
   trend_361 |   .3048301   .2843332     1.07   0.284    -.2536407    .8633009
   trend_362 |  -.0743036   .2812306    -0.26   0.792    -.6266804    .4780733
   trend_363 |   .9083685   .3433574     2.65   0.008     .2339659    1.582771
   trend_364 |   .0992437   .3139395     0.32   0.752    -.5173781    .7158655
   trend_365 |   1.202147    .274986     4.37   0.000      .662036    1.742259
   trend_366 |  -.2129939   .2775085    -0.77   0.443    -.7580599    .3320721
   trend_367 |  -.2211349   .3139985    -0.70   0.482    -.8378725    .3956027
   trend_368 |   .0928621   .3095831     0.30   0.764    -.5152031    .7009273
   trend_369 |   .3336667   .3424003     0.97   0.330    -.3388561     1.00619
   trend_370 |   .4203933   .3293395     1.28   0.202    -.2264762    1.067263
   trend_371 |  -.5839729   .2832151    -2.06   0.040    -1.140248   -.0276982
   trend_372 |  -.5732254   .2827538    -2.03   0.043    -1.128594   -.0178568
   trend_373 |  -.1199535   .2764715    -0.43   0.665    -.6629828    .4230759
   trend_374 |   .2112567   .3425048     0.62   0.538    -.4614713    .8839846
   trend_375 |  -.3582136   .2791693    -1.28   0.200    -.9065417    .1901145
   trend_376 |   .0072813    .273222     0.03   0.979    -.5293655    .5439281
   trend_377 |  -.7522904   .2759485    -2.73   0.007    -1.294292   -.2102884
   trend_378 |  -.2495319   .3147671    -0.79   0.428    -.8677791    .3687153
   trend_379 |  -.0972074    .356961    -0.27   0.785    -.7983295    .6039147
   trend_380 |  -.0208834   .2675531    -0.08   0.938    -.5463957    .5046289
   trend_381 |   .5836383   .3407468     1.71   0.087    -.0856367    1.252913
   trend_382 |  -.6974148   .2910072    -2.40   0.017    -1.268994   -.1258353
   trend_383 |   .3356101   .2687454     1.25   0.212     -.192244    .8634641
   trend_384 |   .7103409   .3332772     2.13   0.033     .0557372    1.364945
   trend_385 |  -.1360206    .275922    -0.49   0.622    -.6779706    .4059294
   trend_386 |   .4913612   .3176315     1.55   0.122    -.1325122    1.115235
   trend_387 |  -.7160279   .2924098    -2.45   0.015    -1.290362   -.1416935
   trend_388 |    -.38236   .2248255    -1.70   0.090    -.8239492    .0592292
   trend_389 |  -.2092931   .2180063    -0.96   0.337    -.6374884    .2189021
   trend_390 |  -.3601872    .211072    -1.71   0.088    -.7747626    .0543882
   trend_391 |   .0137086   .2170365     0.06   0.950    -.4125819     .439999
   trend_392 |  -.1460853   .2084011    -0.70   0.484    -.5554146    .2632439
   trend_393 |  -.6238367    .217089    -2.87   0.004     -1.05023   -.1974431
   trend_394 |   .0480052   .2093071     0.23   0.819    -.3631037     .459114
   trend_395 |  -.0647174   .2257404    -0.29   0.774    -.5081036    .3786688
   trend_396 |  -.5316354   .2120709    -2.51   0.012    -.9481728   -.1150981
   trend_397 |  -.2351911   .2992187    -0.79   0.432    -.8228991    .3525169
   trend_398 |  -.5229001   .2079612    -2.51   0.012    -.9313653   -.1144348
   trend_399 |  -.6907755   .2282883    -3.03   0.003    -1.139166   -.2423848
   trend_400 |  -.0980468   .2414008    -0.41   0.685    -.5721923    .3760987
   trend_401 |  -.0002292   .2228077    -0.00   0.999    -.4378551    .4373967
   trend_402 |  -.3334191   .2151606    -1.55   0.122     -.756025    .0891868
   trend_403 |   .4155373   .3699173     1.12   0.262    -.3110327    1.142107
   trend_404 |  -.9891059   .2276263    -4.35   0.000    -1.436196   -.5420154
   trend_405 |    .602389    .209797     2.87   0.004     .1903178     1.01446
   trend_406 |  -.9204594   .2687746    -3.42   0.001    -1.448371   -.3925481
   trend_407 |   1.703852   .2688642     6.34   0.000     1.175765    2.231939
   trend_408 |   .0102042   .3984948     0.03   0.980    -.7724962    .7929045
   trend_409 |  -.4458771    .217207    -2.05   0.041    -.8725024   -.0192518
   trend_410 |  -.3216565   .2248593    -1.43   0.153     -.763312    .1199991
   trend_411 |   .5926309   .2332622     2.54   0.011     .1344709    1.050791
   trend_412 |   1.192846   .2233244     5.34   0.000     .7542057    1.631487
   trend_413 |   .2796547   .2280274     1.23   0.221    -.1682236    .7275329
   trend_414 |   1.658417   .2329193     7.12   0.000     1.200931    2.115904
   trend_415 |    .114435   .2233993     0.51   0.609    -.3243529    .5532229
   trend_416 |   .0240603   .2380556     0.10   0.920    -.4435147    .4916353
   trend_417 |   .3381099    .240623     1.41   0.161    -.1345078    .8107275
   trend_418 |   .5599469    .241625     2.32   0.021      .085361    1.034533
   trend_419 |    .128872   .2189554     0.59   0.556    -.3011875    .5589316
   trend_420 |   .0917603   .2147074     0.43   0.669    -.3299554     .513476
   trend_421 |   .3474553   .2192246     1.58   0.114     -.083133    .7780436
   trend_422 |   .1246096   .2087464     0.60   0.551    -.2853979    .5346171
   trend_423 |   .5825147   .2380657     2.45   0.015     .1149199     1.05011
   trend_424 |    .643616   .2400144     2.68   0.008     .1721936    1.115038
   trend_425 |   .0112963   .2409805     0.05   0.963    -.4620235    .4846162
   trend_426 |  -.1625222   .2430459    -0.67   0.504    -.6398989    .3148545
   trend_427 |  -.0125184   .2098798    -0.06   0.952    -.4247522    .3997154
   trend_428 |   .3120627   .2129664     1.47   0.143    -.1062336    .7303589
   trend_429 |   .6679132   .2025075     3.30   0.001     .2701597    1.065667
   trend_430 |   .0961109   .2935788     0.33   0.744    -.4805194    .6727413
   trend_431 |   .1474405   .2580721     0.57   0.568    -.3594498    .6543307
   trend_432 |  -.0156951     .25979    -0.06   0.952    -.5259595    .4945694
   trend_433 |  -.3336989   .2234814    -1.49   0.136     -.772648    .1052502
   trend_434 |  -.1700771   .2740447    -0.62   0.535    -.7083398    .3681856
   trend_435 |   .2112051   .2617193     0.81   0.420    -.3028488     .725259
   trend_436 |   .0263496   .2957863     0.09   0.929    -.5546167    .6073159
   trend_437 |  -.1108399   .2680915    -0.41   0.679    -.6374096    .4157298
   trend_438 |  -.0357088   .2591292    -0.14   0.890    -.5446753    .4732578
   trend_439 |  -1.187984    .320454    -3.71   0.000    -1.817401   -.5585665
   trend_440 |  -.0741978   .2618821    -0.28   0.777    -.5885715    .4401758
   trend_441 |  -.1824623   .2889662    -0.63   0.528    -.7500329    .3851082
   trend_442 |   .0903259   .2984926     0.30   0.762    -.4959559    .6766078
   trend_443 |   .1167969   .3001225     0.39   0.697    -.4726863      .70628
   trend_444 |  -.2499613   .2726714    -0.92   0.360    -.7855266     .285604
   trend_445 |  -1.747336   .9232552    -1.89   0.059     -3.56074    .0660683
   trend_446 |   .7544681   .2389365     3.16   0.002     .2851629    1.223773
   trend_447 |   .3015983   .2090773     1.44   0.150    -.1090593    .7122558
   trend_448 |  -.0948506   .2344149    -0.40   0.686    -.5552747    .3655735
   trend_449 |  -1.468519   .2354825    -6.24   0.000     -1.93104   -1.005998
   trend_450 |  -.4833349   .2319531    -2.08   0.038    -.9389237   -.0277461
   trend_451 |  -.9673239   .2393883    -4.04   0.000    -1.437516   -.4971314
   trend_452 |   .2218719   .2339312     0.95   0.343    -.2376022     .681346
   trend_453 |  -.5639028   .2399705    -2.35   0.019    -1.035239   -.0925668
   trend_454 |  -.7544666   .2391079    -3.16   0.002    -1.224109   -.2848247
   trend_455 |  -.3738583   .2359016    -1.58   0.114    -.8372025    .0894859
   trend_456 |   -.685794   .2225921    -3.08   0.002    -1.122997   -.2485915
   trend_457 |   -4.03687   .2522964   -16.00   0.000    -4.532416   -3.541324
   trend_458 |   1.532322   .2319769     6.61   0.000     1.076686    1.987957
   trend_459 |   .0724413   .2357354     0.31   0.759    -.3905764     .535459
   trend_460 |    1.24406   .2103256     5.91   0.000     .8309511     1.65717
   trend_461 |   .7200358   .2011701     3.58   0.000     .3249092    1.115162
   trend_462 |   2.284696   .2034184    11.23   0.000     1.885153    2.684238
   trend_463 |   .3778975   .2247465     1.68   0.093    -.0635365    .8193315
   trend_464 |   1.481149   .2180928     6.79   0.000     1.052783    1.909514
   trend_465 |    1.73621    .240634     7.22   0.000     1.263571    2.208849
   trend_466 |   .9581948    .201878     4.75   0.000     .5616777    1.354712
   trend_467 |   1.653298   .2016406     8.20   0.000     1.257247    2.049349
   trend_468 |   2.579808   .2096352    12.31   0.000     2.168055    2.991561
   trend_469 |   .7049058   .2033432     3.47   0.001     .3055109    1.104301
   trend_470 |   1.134064   .2058179     5.51   0.000     .7298081    1.538319
   trend_471 |   1.052018   .2123342     4.95   0.000     .6349639    1.469073
   trend_472 |   2.948187   .2231584    13.21   0.000     2.509872    3.386501
   trend_473 |    2.08915   .1935216    10.80   0.000     1.709046    2.469254
   trend_474 |   .2687489   .2390941     1.12   0.261    -.2008658    .7383635
   trend_475 |   .1388539   .2100191     0.66   0.509    -.2736533    .5513612
   trend_476 |   .0513058   .2093736     0.25   0.807    -.3599337    .4625453
   trend_477 |   .1924692   .2046398     0.94   0.347    -.2094724    .5944108
   trend_478 |  -.0319291   .2053041    -0.16   0.876    -.4351754    .3713173
   trend_479 |  -.0140787   .2281602    -0.06   0.951    -.4622177    .4340602
   trend_480 |   .6317217    .227267     2.78   0.006     .1853371    1.078106
   trend_481 |  -.3873756   .2045307    -1.89   0.059    -.7891029    .0143517
   trend_482 |   .0377993   .2244749     0.17   0.866    -.4031011    .4786998
   trend_483 |   .0827745    .205456     0.40   0.687    -.3207701    .4863192
   trend_484 |  -.1498686   .2348399    -0.64   0.524    -.6111275    .3113903
   trend_485 |  -.0121629    .222311    -0.05   0.956    -.4488132    .4244875
   trend_486 |   .1643088   .2211631     0.74   0.458    -.2700869    .5987045
   trend_487 |  -.0387071   .2296798    -0.17   0.866    -.4898309    .4124167
   trend_488 |  -.0980773   .2134664    -0.46   0.646    -.5173557     .321201
   trend_489 |   .4922421   .2317654     2.12   0.034      .037022    .9474621
   trend_490 |  -.1043867   .2228846    -0.47   0.640    -.5421636    .3333903
   trend_491 |   .0598561   .6282226     0.10   0.924    -1.174062    1.293774
   trend_492 |  -.2835128   .2515955    -1.13   0.260    -.7776819    .2106564
   trend_493 |          0  (omitted)
   trend_494 |  -.4329927   .2045621    -2.12   0.035    -.8347816   -.0312037
   trend_495 |  -1.223182   .4755101    -2.57   0.010    -2.157152   -.2892128
   trend_496 |  -.9693041   .5378895    -1.80   0.072    -2.025795    .0871872
   trend_497 |  -1.252792   .4816771    -2.60   0.010    -2.198874   -.3067094
   trend_498 |  -.9951911   .2696695    -3.69   0.000     -1.52486   -.4655221
   trend_499 |  -1.201626   .2141641    -5.61   0.000    -1.622275   -.7809776
   trend_500 |  -.4947935   .3736634    -1.32   0.186    -1.228721    .2391344
   trend_501 |   -.410745   .2439267    -1.68   0.093    -.8898516    .0683615
   trend_502 |  -1.855849   .5437848    -3.41   0.001    -2.923919   -.7877782
   trend_503 |  -.6793365   .4641436    -1.46   0.144     -1.59098    .2323074
   trend_504 |  -.3371938   .9826552    -0.34   0.732    -2.267268     1.59288
   trend_505 |   .1938813   .4742283     0.41   0.683    -.7375704    1.125333
   trend_506 |   2.873109   .2160812    13.30   0.000     2.448695    3.297523
   trend_507 |   .4540998   .2111811     2.15   0.032     .0393101    .8688895
   trend_508 |    .679218   .2002736     3.39   0.001     .2858524    1.072584
   trend_509 |  -.1611951   .2079798    -0.78   0.439     -.569697    .2473068
   trend_510 |  -.0046626    .201785    -0.02   0.982    -.4009969    .3916717
   trend_511 |   .4812911   .2177196     2.21   0.027     .0536589    .9089232
   trend_512 |   .6453792   .2162238     2.98   0.003      .220685    1.070073
   trend_513 |   .2907944   .2113846     1.38   0.169    -.1243949    .7059837
   trend_514 |  -.1692355   .2024036    -0.84   0.403     -.566785     .228314
   trend_515 |   .7989025   .2101792     3.80   0.000     .3860806    1.211724
   trend_516 |  -.5107054   .2334779    -2.19   0.029    -.9692891   -.0521218
   trend_517 |   .0917627   .2099017     0.44   0.662     -.320514    .5040393
   trend_518 |   .4587458   .2060328     2.23   0.026     .0540682    .8634234
   trend_519 |   .3452916   .2080518     1.66   0.098    -.0633517    .7539349
   trend_520 |  -.0751514    .204331    -0.37   0.713    -.4764865    .3261836
   trend_521 |   1.749256   .2061934     8.48   0.000     1.344263    2.154249
   trend_522 |   .3741415   .2190407     1.71   0.088    -.0560856    .8043685
   trend_523 |   .3552099   .2030574     1.75   0.081    -.0436236    .7540434
   trend_524 |   1.030393   .2063271     4.99   0.000     .6251378    1.435649
   trend_525 |   .0375956   .2015088     0.19   0.852    -.3581963    .4333874
   trend_526 |   .2473971   .2216439     1.12   0.265     -.187943    .6827372
   trend_527 |    1.04793    .210236     4.98   0.000      .634997    1.460864
   trend_528 |  -.1569658   .2245216    -0.70   0.485    -.5979581    .2840265
   trend_529 |   .5358485   .2317081     2.31   0.021     .0807409     .990956
   trend_530 |   1.025852   .2181962     4.70   0.000     .5972833     1.45442
   trend_531 |   1.271061   .2189145     5.81   0.000     .8410815     1.70104
   trend_532 |   .2343584   .2129239     1.10   0.272    -.1838544    .6525712
   trend_533 |   .2103315   .2104548     1.00   0.318    -.2030315    .6236945
   trend_534 |   .1596932   .2139457     0.75   0.456    -.2605264    .5799129
   trend_535 |  -.0715298   .2113237    -0.34   0.735    -.4865995    .3435399
   trend_536 |   .4653293    .216097     2.15   0.032     .0408842    .8897745
   trend_537 |   .1850799   .2109279     0.88   0.381    -.2292123    .5993722
   trend_538 |  -.1022068   .1991164    -0.51   0.608    -.4932997    .2888861
   trend_539 |  -.0666524   .2062346    -0.32   0.747    -.4717264    .3384216
   trend_540 |  -.2173894   .2157428    -1.01   0.314    -.6411389      .20636
   trend_541 |  -.1026595   .2046726    -0.50   0.616    -.5046656    .2993466
   trend_542 |   -.294921   .1996048    -1.48   0.140    -.6869731    .0971312
   trend_543 |   .8256927   .6114229     1.35   0.177    -.3752286    2.026614
   trend_544 |  -.2333972   .2215052    -1.05   0.292    -.6684648    .2016704
   trend_545 |  -.4130336   .2176725    -1.90   0.058    -.8405732     .014506
   trend_546 |  -.1876889   .2150257    -0.87   0.383    -.6100298    .2346521
   trend_547 |  -.9115043    .202069    -4.51   0.000    -1.308397   -.5146121
   trend_548 |  -.1101216    .199627    -0.55   0.581    -.5022173    .2819741
   trend_549 |  -.1527492   .2126841    -0.72   0.473    -.5704911    .2649926
   trend_550 |  -.2884776   .2136665    -1.35   0.178     -.708149    .1311938
   trend_551 |  -.7170947   .2040902    -3.51   0.000    -1.117957   -.3162326
   trend_552 |   .0680371   .2062625     0.33   0.742    -.3370917    .4731658
   trend_553 |  -.2254873   .2257218    -1.00   0.318     -.668837    .2178625
   trend_554 |  -1.036154   .1980378    -5.23   0.000    -1.425129   -.6471799
   trend_555 |  -.3652207   .2054068    -1.78   0.076    -.7686687    .0382273
   trend_556 |  -.0698635    .216318    -0.32   0.747    -.4947427    .3550158
   trend_557 |  -.0736249   .2040443    -0.36   0.718     -.474397    .3271471
   trend_558 |  -.7275143   .2025059    -3.59   0.000    -1.125265    -.329764
   trend_559 |  -.0006633   .2079748    -0.00   0.997    -.4091552    .4078287
   trend_560 |   .4848729   .2198572     2.21   0.028     .0530422    .9167035
   trend_561 |  -.7252909   .4499477    -1.61   0.108    -1.609052    .1584704
   trend_562 |   .1655605    .046003     3.60   0.000      .075204     .255917
   trend_563 |   .5724406    .297753     1.92   0.055    -.0123885     1.15727
   trend_564 |   .6046266   .2521303     2.40   0.017     .1094069    1.099846
   trend_565 |   .5618098   .0769851     7.30   0.000     .4106002    .7130194
   trend_566 |   .6339239    .106509     5.95   0.000     .4247252    .8431226
   trend_567 |  -.3397582   .3162996    -1.07   0.283    -.9610155     .281499
   trend_568 |   .0627465   .0547328     1.15   0.252    -.0447564    .1702494
   trend_569 |   .0892366   .2170506     0.41   0.681    -.3370815    .5155548
   trend_570 |   .9611766   .1085406     8.86   0.000     .7479875    1.174366
   trend_571 |   .4247402   .2499867     1.70   0.090    -.0662692    .9157497
   trend_572 |    .953386   .1146568     8.32   0.000     .7281839    1.178588
   trend_573 |  -.0004225   .0533918    -0.01   0.994    -.1052916    .1044465
   trend_574 |   .4550695   .1261555     3.61   0.000     .2072822    .7028568
   trend_575 |  -.5603834   .4600826    -1.22   0.224    -1.464051    .3432841
   trend_576 |   1.313958     .25291     5.20   0.000     .8172069    1.810709
   trend_577 |          0  (omitted)
       _cons |   .0295028   4.445926     0.01   0.995    -8.702927    8.761932
------------------------------------------------------------------------------
r; t=185.22 15:57:47

. lincom Corrupt+Inter_Mas50 

 ( 1)  Corrupt + Inter_Mas50 = 0

------------------------------------------------------------------------------
        prop | Coefficient  Std. err.      t    P>|t|     [95% conf. interval]
-------------+----------------------------------------------------------------
         (1) |   .1549488    .226635     0.68   0.494    -.2901945    .6000921
------------------------------------------------------------------------------
r; t=0.01 15:57:47

. areg prop Corrupt Inter_Mas50 inter_mismo_c inter_mismo_a MismoPartidoG  Mas5
> 0 inter_mismo_c inter_mismo_a MismoPartidoG   Inter_Audit inter_total_mean_c 
> inter_total_mean_a Auditada yy_*,  absorb(clavedelae) cluster(clave_mun)
note: inter_mismo_c omitted because of collinearity.
note: inter_mismo_a omitted because of collinearity.
note: MismoPartidoG omitted because of collinearity.
note: yy_1 omitted because of collinearity.
note: yy_2 omitted because of collinearity.
note: yy_3 omitted because of collinearity.
note: yy_11 omitted because of collinearity.

Linear regression, absorbing indicators            Number of obs     = 321,208
Absorbed variable: clavedelaescuela                No. of categories =  21,527
                                                   F(15, 569)        =       .
                                                   Prob > F          =       .
                                                   R-squared         =  0.2670
                                                   Adj R-squared     =  0.2143
                                                   Root MSE          = 10.9385

                            (Std. err. adjusted for 570 clusters in clave_mun)
------------------------------------------------------------------------------
             |               Robust
        prop | Coefficient  std. err.      t    P>|t|     [95% conf. interval]
-------------+----------------------------------------------------------------
     Corrupt |   .7786042   .3273232     2.38   0.018      .135695    1.421513
 Inter_Mas50 |  -.7091468   .3759239    -1.89   0.060    -1.447515     .029221
inter_mism~c |  -.3288625   .3466214    -0.95   0.343    -1.009676    .3519513
inter_mism~a |   .0223774   .2741536     0.08   0.935    -.5160991    .5608539
MismoParti~G |   .2904131   .1339481     2.17   0.031       .02732    .5535062
       Mas50 |  -.2081834   .1513872    -1.38   0.170    -.5055293    .0891625
inter_mism~c |          0  (omitted)
inter_mism~a |          0  (omitted)
MismoParti~G |          0  (omitted)
 Inter_Audit |  -.1416361    .267801    -0.53   0.597    -.6676354    .3843632
inter_tota~c |   6.69e-11   9.99e-11     0.67   0.503    -1.29e-10    2.63e-10
inter_tota~a |  -3.61e-10   8.19e-11    -4.40   0.000    -5.22e-10   -2.00e-10
    Auditada |  -.0503528   .2534492    -0.20   0.843    -.5481629    .4474573
        yy_1 |          0  (omitted)
        yy_2 |          0  (omitted)
        yy_3 |          0  (omitted)
        yy_4 |  -1.205029   .2316954    -5.20   0.000    -1.660112   -.7499466
        yy_5 |  -.7272443   .1911595    -3.80   0.000    -1.102709   -.3517798
        yy_6 |   2.853803   .2516549    11.34   0.000     2.359517    3.348089
        yy_7 |   .2700223   .1371743     1.97   0.049     .0005926     .539452
        yy_8 |   .6716127   .1458638     4.60   0.000     .3851155    .9581098
        yy_9 |  -.2734724   .1241339    -2.20   0.028     -.517289   -.0296558
       yy_10 |   2.418832   .2054647    11.77   0.000     2.015271    2.822394
       yy_11 |          0  (omitted)
       _cons |   3.463743   .1438928    24.07   0.000     3.181117    3.746369
------------------------------------------------------------------------------
r; t=5.62 15:57:53

. lincom Corrupt+Inter_Mas50 

 ( 1)  Corrupt + Inter_Mas50 = 0

------------------------------------------------------------------------------
        prop | Coefficient  Std. err.      t    P>|t|     [95% conf. interval]
-------------+----------------------------------------------------------------
         (1) |   .0694574   .2553588     0.27   0.786    -.4321036    .5710184
------------------------------------------------------------------------------
r; t=0.00 15:57:53

. 
. cap log close
